"G:/Projets Unreal en cours/ICAN_Backrooms/Content/Input/MobileHUD/T_Run.uasset" 0
"G:/Projets Unreal en cours/ICAN_Backrooms/Content/Input/MobileHUD/T_Run.uexp" 1
"G:/Projets Unreal en cours/ICAN_Backrooms/Content/Input/MobileHUD/T_ControlFG.uasset" 2
"G:/Projets Unreal en cours/ICAN_Backrooms/Content/Input/MobileHUD/T_ControlFG.uexp" 3
"G:/Projets Unreal en cours/ICAN_Backrooms/Content/Input/MobileHUD/T_Strafe.uasset" 4
"G:/Projets Unreal en cours/ICAN_Backrooms/Content/Input/MobileHUD/T_Strafe.uexp" 5
"G:/Projets Unreal en cours/ICAN_Backrooms/Content/Input/MobileHUD/T_ControlBG.uasset" 6
"G:/Projets Unreal en cours/ICAN_Backrooms/Content/Input/MobileHUD/T_ControlBG.uexp" 7
"G:/Projets Unreal en cours/ICAN_Backrooms/Content/Input/MobileHUD/T_Character.uasset" 8
"G:/Projets Unreal en cours/ICAN_Backrooms/Content/Input/MobileHUD/T_Character.uexp" 9
"G:/Projets Unreal en cours/ICAN_Backrooms/Content/Input/MobileHUD/T_Crouch.uasset" 10
"G:/Projets Unreal en cours/ICAN_Backrooms/Content/Input/MobileHUD/T_Crouch.uexp" 11
"G:/Projets Unreal en cours/ICAN_Backrooms/Content/Input/MobileHUD/T_Jump.uasset" 12
"G:/Projets Unreal en cours/ICAN_Backrooms/Content/Input/MobileHUD/T_Jump.uexp" 13
"G:/Projets Unreal en cours/ICAN_Backrooms/Content/Input/MobileHUD/T_Walk.uasset" 14
"G:/Projets Unreal en cours/ICAN_Backrooms/Content/Input/MobileHUD/T_Walk.uexp" 15
"G:/Projets Unreal en cours/ICAN_Backrooms/Content/Input/TIS_MobileControls.uasset" 16
"G:/Projets Unreal en cours/ICAN_Backrooms/Content/Input/TIS_MobileControls.uexp" 17
"../../../Engine/Plugins/Interchange/Runtime/Content/Pipelines/DefaultTexturePipeline.uasset" 18
"../../../Engine/Plugins/Interchange/Runtime/Content/Pipelines/DefaultTexturePipeline.uexp" 19
"../../../Engine/Plugins/Interchange/Runtime/Content/Pipelines/DefaultSceneLevelPipeline.uasset" 20
"../../../Engine/Plugins/Interchange/Runtime/Content/Pipelines/DefaultSceneLevelPipeline.uexp" 21
"../../../Engine/Plugins/Interchange/Runtime/Content/Pipelines/DefaultSceneAssetsPipeline.uasset" 22
"../../../Engine/Plugins/Interchange/Runtime/Content/Pipelines/DefaultSceneAssetsPipeline.uexp" 23
"../../../Engine/Plugins/Interchange/Runtime/Content/Pipelines/DefaultMaterialXPipeline.uasset" 24
"../../../Engine/Plugins/Interchange/Runtime/Content/Pipelines/DefaultMaterialXPipeline.uexp" 25
"../../../Engine/Plugins/Interchange/Runtime/Content/Pipelines/DefaultMaterialPipeline.uasset" 26
"../../../Engine/Plugins/Interchange/Runtime/Content/Pipelines/DefaultMaterialPipeline.uexp" 27
"../../../Engine/Plugins/Interchange/Runtime/Content/Pipelines/DefaultGLTFSceneAssetsPipeline.uasset" 28
"../../../Engine/Plugins/Interchange/Runtime/Content/Pipelines/DefaultGLTFSceneAssetsPipeline.uexp" 29
"../../../Engine/Plugins/Interchange/Runtime/Content/Pipelines/DefaultGLTFPipeline.uasset" 30
"../../../Engine/Plugins/Interchange/Runtime/Content/Pipelines/DefaultGLTFPipeline.uexp" 31
"../../../Engine/Plugins/Interchange/Runtime/Content/Pipelines/DefaultGLTFAssetsPipeline.uasset" 32
"../../../Engine/Plugins/Interchange/Runtime/Content/Pipelines/DefaultGLTFAssetsPipeline.uexp" 33
"../../../Engine/Plugins/Interchange/Runtime/Content/Pipelines/DefaultAssetsPipeline.uasset" 34
"../../../Engine/Plugins/Interchange/Runtime/Content/Pipelines/DefaultAssetsPipeline.uexp" 35
"../../../Engine/Plugins/Experimental/Water/Content/Waves/GerstnerWaves_Ocean.uasset" 36
"../../../Engine/Plugins/Experimental/Water/Content/Waves/GerstnerWaves_Ocean.uexp" 37
"../../../Engine/Plugins/Experimental/Water/Content/Waves/GerstnerWaves_Lake.uasset" 38
"../../../Engine/Plugins/Experimental/Water/Content/Waves/GerstnerWaves_Lake.uexp" 39
"../../../Engine/Plugins/Experimental/Water/Content/Materials/MPC/MPC_Water.uasset" 40
"../../../Engine/Plugins/Experimental/Water/Content/Materials/MPC/MPC_Water.uexp" 41
"../../../Engine/Plugins/2D/Paper2D/Content/PlaceholderTextures/DummySpriteTexture.ubulk" 42
"../../../Engine/Plugins/2D/Paper2D/Content/PlaceholderTextures/DummySpriteTexture.uasset" 43
"../../../Engine/Plugins/2D/Paper2D/Content/PlaceholderTextures/DummySpriteTexture.uexp" 44
"../../../Engine/Plugins/2D/Paper2D/Content/DummySprite.uasset" 45
"../../../Engine/Plugins/2D/Paper2D/Content/DummySprite.uexp" 46
"../../../Engine/Plugins/2D/Paper2D/Content/DefaultPaperTerrainMaterial.uasset" 47
"../../../Engine/Plugins/2D/Paper2D/Content/DefaultPaperTerrainMaterial.uexp" 48
"../../../Engine/Content/EngineSounds/Master.uasset" 49
"../../../Engine/Content/EngineSounds/Master.uexp" 50
"../../../Engine/Content/EngineMaterials/DefaultPhysicalMaterial.uasset" 51
"../../../Engine/Content/EngineMaterials/DefaultPhysicalMaterial.uexp" 52
"../../../Engine/Content/EngineMaterials/DefaultDestructiblePhysicalMaterial.uasset" 53
"../../../Engine/Content/EngineMaterials/DefaultDestructiblePhysicalMaterial.uexp" 54
"../../../Engine/Content/EngineFonts/Faces/RobotoLight.uexp" 55
"../../../Engine/Content/EngineFonts/Faces/RobotoLight.uasset" 56
"../../../Engine/Content/EngineFonts/Faces/RobotoLight.ufont" 57
"../../../Engine/Content/EngineFonts/Faces/RobotoBold.uexp" 58
"../../../Engine/Content/EngineFonts/Faces/RobotoBold.uasset" 59
"../../../Engine/Content/EngineFonts/Faces/RobotoBold.ufont" 60
"../../../Engine/Content/EngineFonts/Faces/RobotoRegular.uexp" 61
"../../../Engine/Content/EngineFonts/Faces/RobotoRegular.uasset" 62
"../../../Engine/Content/EngineFonts/Faces/RobotoRegular.ufont" 63
"../../../Engine/Content/EngineFonts/Faces/DroidSansFallback.uexp" 64
"../../../Engine/Content/EngineFonts/Faces/DroidSansFallback.uasset" 65
"../../../Engine/Content/EngineFonts/Faces/DroidSansFallback.ufont" 66
"../../../Engine/Content/EngineFonts/Faces/RobotoItalic.uexp" 67
"../../../Engine/Content/EngineFonts/Faces/RobotoItalic.uasset" 68
"../../../Engine/Content/EngineFonts/Faces/RobotoItalic.ufont" 69
"../../../Engine/Content/EngineFonts/Faces/RobotoBoldItalic.uexp" 70
"../../../Engine/Content/EngineFonts/Faces/RobotoBoldItalic.uasset" 71
"../../../Engine/Content/EngineFonts/Faces/RobotoBoldItalic.ufont" 72
"../../../Engine/Content/EngineFonts/Roboto.uasset" 73
"../../../Engine/Content/EngineFonts/Roboto.uexp" 74
"../../../Engine/Content/EngineFonts/Faces/DroidSansMono.uexp" 75
"../../../Engine/Content/EngineFonts/Faces/DroidSansMono.uasset" 76
"../../../Engine/Content/EngineFonts/Faces/DroidSansMono.ufont" 77
"../../../Engine/Content/EngineFonts/DroidSansMono.uasset" 78
"../../../Engine/Content/EngineFonts/DroidSansMono.uexp" 79
"../../../Engine/Content/Animation/DefaultRecorderBoneCompression.uasset" 80
"../../../Engine/Content/Animation/DefaultRecorderBoneCompression.uexp" 81
"../../../Engine/Content/EditorResources/S_Actor.ubulk" 82
"../../../Engine/Content/EditorResources/S_Actor.uasset" 83
"../../../Engine/Content/EditorResources/S_Actor.uexp" 84
"../../../Engine/Content/Functions/Engine_MaterialFunctions02/Math/TimeWithSpeedVariable.uasset" 85
"../../../Engine/Content/Functions/Engine_MaterialFunctions02/Math/TimeWithSpeedVariable.uexp" 86
"../../../Engine/Content/Functions/Engine_MaterialFunctions02/Lerp_Multiple_Float.uasset" 87
"../../../Engine/Content/Functions/Engine_MaterialFunctions02/Lerp_Multiple_Float.uexp" 88
"G:/Projets Unreal en cours/ICAN_Backrooms/Content/MetaHumans/Common/Materials/MF_Variation.uasset" 89
"G:/Projets Unreal en cours/ICAN_Backrooms/Content/MetaHumans/Common/Materials/MF_Variation.uexp" 90
"G:/Projets Unreal en cours/ICAN_Backrooms/Content/MetaHumans/Common/Materials/MF_Hair_Color.uasset" 91
"G:/Projets Unreal en cours/ICAN_Backrooms/Content/MetaHumans/Common/Materials/MF_Hair_Color.uexp" 92
"../../../Engine/Content/Functions/Engine_MaterialFunctions02/Utility/MakeFloat2.uasset" 93
"../../../Engine/Content/Functions/Engine_MaterialFunctions02/Utility/MakeFloat2.uexp" 94
"../../../Engine/Content/Functions/Engine_MaterialFunctions02/SmoothStep.uasset" 95
"../../../Engine/Content/Functions/Engine_MaterialFunctions02/SmoothStep.uexp" 96
"../../../Engine/Content/Functions/Engine_MaterialFunctions01/Coordinates/WorldUnitsInPixel.uasset" 97
"../../../Engine/Content/Functions/Engine_MaterialFunctions01/Coordinates/WorldUnitsInPixel.uexp" 98
"../../../Engine/Content/Functions/Engine_MaterialFunctions02/Utility/MakeFloat3.uasset" 99
"../../../Engine/Content/Functions/Engine_MaterialFunctions02/Utility/MakeFloat3.uexp" 100
"../../../Engine/Content/Functions/Engine_MaterialFunctions02/Utility/BreakOutFloat3Components.uasset" 101
"../../../Engine/Content/Functions/Engine_MaterialFunctions02/Utility/BreakOutFloat3Components.uexp" 102
"G:/Projets Unreal en cours/ICAN_Backrooms/Content/MetaHumans/Common/Materials/MF_YCbCr2RGB.uasset" 103
"G:/Projets Unreal en cours/ICAN_Backrooms/Content/MetaHumans/Common/Materials/MF_YCbCr2RGB.uexp" 104
"../../../Engine/Content/EngineMaterials/Good64x64TilingNoiseHighFreq.uasset" 105
"../../../Engine/Content/EngineMaterials/Good64x64TilingNoiseHighFreq.uexp" 106
"../../../Engine/Content/EngineResources/DefaultTexture.ubulk" 107
"../../../Engine/Content/EngineResources/DefaultTexture.uasset" 108
"../../../Engine/Content/EngineResources/DefaultTexture.uexp" 109
"G:/Projets Unreal en cours/ICAN_Backrooms/Content/MetaHumans/Common/Materials/MF_Hair_ColorBlending.uasset" 110
"G:/Projets Unreal en cours/ICAN_Backrooms/Content/MetaHumans/Common/Materials/MF_Hair_ColorBlending.uexp" 111
"../../../Engine/Content/Functions/Engine_MaterialFunctions01/Gradient/LinearGradient.uasset" 112
"../../../Engine/Content/Functions/Engine_MaterialFunctions01/Gradient/LinearGradient.uexp" 113
"../../../Engine/Content/Functions/Engine_MaterialFunctions02/Texturing/ScreenAlignedPixelToPixelUVs.uasset" 114
"../../../Engine/Content/Functions/Engine_MaterialFunctions02/Texturing/ScreenAlignedPixelToPixelUVs.uexp" 115
"../../../Engine/Content/Functions/Engine_MaterialFunctions02/SafeNormalize.uasset" 116
"../../../Engine/Content/Functions/Engine_MaterialFunctions02/SafeNormalize.uexp" 117
"../../../Engine/Content/Functions/Engine_MaterialFunctions02/Math/CreateThirdOrthogonalVector.uasset" 118
"../../../Engine/Content/Functions/Engine_MaterialFunctions02/Math/CreateThirdOrthogonalVector.uexp" 119
"G:/Projets Unreal en cours/ICAN_Backrooms/Content/MetaHumans/Common/Materials/Textures/TilingNoise05.ubulk" 120
"G:/Projets Unreal en cours/ICAN_Backrooms/Content/MetaHumans/Common/Materials/Textures/TilingNoise05.uasset" 121
"G:/Projets Unreal en cours/ICAN_Backrooms/Content/MetaHumans/Common/Materials/Textures/TilingNoise05.uexp" 122
"../../../Engine/Content/Functions/Engine_MaterialFunctions02/Math/Pi.uasset" 123
"../../../Engine/Content/Functions/Engine_MaterialFunctions02/Math/Pi.uexp" 124
"G:/Projets Unreal en cours/ICAN_Backrooms/Content/MetaHumans/Common/Materials/MF_HairAnisotropic.uasset" 125
"G:/Projets Unreal en cours/ICAN_Backrooms/Content/MetaHumans/Common/Materials/MF_HairAnisotropic.uexp" 126
"../../../Engine/Content/Functions/Engine_MaterialFunctions02/Utility/DitherTemporalAA.uasset" 127
"../../../Engine/Content/Functions/Engine_MaterialFunctions02/Utility/DitherTemporalAA.uexp" 128
"../../../Engine/Content/Functions/Engine_MaterialFunctions01/ImageAdjustment/CheapContrast.uasset" 129
"../../../Engine/Content/Functions/Engine_MaterialFunctions01/ImageAdjustment/CheapContrast.uexp" 130
"G:/Projets Unreal en cours/ICAN_Backrooms/Content/MetaHumans/Common/Textures/T_Black_Linear.uasset" 131
"G:/Projets Unreal en cours/ICAN_Backrooms/Content/MetaHumans/Common/Textures/T_Black_Linear.uexp" 132
"G:/Projets Unreal en cours/ICAN_Backrooms/Content/MetaHumans/Common/Materials/MF_RGB2YCbCr.uasset" 133
"G:/Projets Unreal en cours/ICAN_Backrooms/Content/MetaHumans/Common/Materials/MF_RGB2YCbCr.uexp" 134
"G:/Projets Unreal en cours/ICAN_Backrooms/Content/MetaHumans/Common/Materials/MF_YCbCrAdjustments_BoostRedness.uasset" 135
"G:/Projets Unreal en cours/ICAN_Backrooms/Content/MetaHumans/Common/Materials/MF_YCbCrAdjustments_BoostRedness.uexp" 136
"G:/Projets Unreal en cours/ICAN_Backrooms/Content/MetaHumans/Common/Materials/MF_RedHairBoost.uasset" 137
"G:/Projets Unreal en cours/ICAN_Backrooms/Content/MetaHumans/Common/Materials/MF_RedHairBoost.uexp" 138
"G:/Projets Unreal en cours/ICAN_Backrooms/Content/MetaHumans/Common/Materials/MF_Hair_SecondaryColors.uasset" 139
"G:/Projets Unreal en cours/ICAN_Backrooms/Content/MetaHumans/Common/Materials/MF_Hair_SecondaryColors.uexp" 140
"G:/Projets Unreal en cours/ICAN_Backrooms/Content/MetaHumans/Common/Materials/MF_Hair_SaltAndPeper.uasset" 141
"G:/Projets Unreal en cours/ICAN_Backrooms/Content/MetaHumans/Common/Materials/MF_Hair_SaltAndPeper.uexp" 142
"G:/Projets Unreal en cours/ICAN_Backrooms/Content/MetaHumans/Common/Materials/M_hair_v4.uasset" 143
"G:/Projets Unreal en cours/ICAN_Backrooms/Content/MetaHumans/Common/Materials/M_hair_v4.uexp" 144
"G:/Projets Unreal en cours/ICAN_Backrooms/Content/MetaHumans/Common/Materials/MI_Hair.uasset" 145
"G:/Projets Unreal en cours/ICAN_Backrooms/Content/MetaHumans/Common/Materials/MI_Hair.uexp" 146
"G:/Projets Unreal en cours/ICAN_Backrooms/Content/MetaHumans/Female_MH/Materials/MI_Hair1.uasset" 147
"G:/Projets Unreal en cours/ICAN_Backrooms/Content/MetaHumans/Female_MH/Materials/MI_Hair1.uexp" 148
"G:/Projets Unreal en cours/ICAN_Backrooms/Content/MetaHumans/Common/Materials/HighlightsTextures/HighlightMask_strips.ubulk" 149
"G:/Projets Unreal en cours/ICAN_Backrooms/Content/MetaHumans/Common/Materials/HighlightsTextures/HighlightMask_strips.uasset" 150
"G:/Projets Unreal en cours/ICAN_Backrooms/Content/MetaHumans/Common/Materials/HighlightsTextures/HighlightMask_strips.uexp" 151
"G:/Projets Unreal en cours/ICAN_Backrooms/Content/MetaHumans/Female_MH/Materials/MI_Hair.uasset" 152
"G:/Projets Unreal en cours/ICAN_Backrooms/Content/MetaHumans/Female_MH/Materials/MI_Hair.uexp" 153
"../../../Engine/Content/EngineMaterials/T_Default_Material_Grid_M.ubulk" 154
"../../../Engine/Content/EngineMaterials/T_Default_Material_Grid_M.uasset" 155
"../../../Engine/Content/EngineMaterials/T_Default_Material_Grid_M.uexp" 156
"../../../Engine/Content/EngineMaterials/T_Default_Material_Grid_N.ubulk" 157
"../../../Engine/Content/EngineMaterials/T_Default_Material_Grid_N.uasset" 158
"../../../Engine/Content/EngineMaterials/T_Default_Material_Grid_N.uexp" 159
"../../../Engine/Content/Functions/Engine_MaterialFunctions01/Opacity/CameraDepthFade.uasset" 160
"../../../Engine/Content/Functions/Engine_MaterialFunctions01/Opacity/CameraDepthFade.uexp" 161
"../../../Engine/Content/EngineMaterials/WorldGridMaterial.uasset" 162
"../../../Engine/Content/EngineMaterials/WorldGridMaterial.uexp" 163
"G:/Projets Unreal en cours/ICAN_Backrooms/Content/MetaHumans/Female_MH/FemaleHair/Hair/Eyebrows_M_Thin_CardsMesh_Group0_LOD1.ubulk" 164
"G:/Projets Unreal en cours/ICAN_Backrooms/Content/MetaHumans/Female_MH/FemaleHair/Hair/Eyebrows_M_Thin_CardsMesh_Group0_LOD1.uasset" 165
"G:/Projets Unreal en cours/ICAN_Backrooms/Content/MetaHumans/Female_MH/FemaleHair/Hair/Eyebrows_M_Thin_CardsMesh_Group0_LOD1.uexp" 166
"G:/Projets Unreal en cours/ICAN_Backrooms/Content/MetaHumans/Female_MH/FemaleHair/Hair/Eyebrows_M_Thin_CardsMesh_Group0_LOD3.ubulk" 167
"G:/Projets Unreal en cours/ICAN_Backrooms/Content/MetaHumans/Female_MH/FemaleHair/Hair/Eyebrows_M_Thin_CardsMesh_Group0_LOD3.uasset" 168
"G:/Projets Unreal en cours/ICAN_Backrooms/Content/MetaHumans/Female_MH/FemaleHair/Hair/Eyebrows_M_Thin_CardsMesh_Group0_LOD3.uexp" 169
"G:/Projets Unreal en cours/ICAN_Backrooms/Content/MetaHumans/Common/FemaleHair/Textures/Eyebrows_M_Thin_CardsAtlas_Attribute.ubulk" 170
"G:/Projets Unreal en cours/ICAN_Backrooms/Content/MetaHumans/Common/FemaleHair/Textures/Eyebrows_M_Thin_CardsAtlas_Attribute.uasset" 171
"G:/Projets Unreal en cours/ICAN_Backrooms/Content/MetaHumans/Common/FemaleHair/Textures/Eyebrows_M_Thin_CardsAtlas_Attribute.uexp" 172
"G:/Projets Unreal en cours/ICAN_Backrooms/Content/MetaHumans/Common/FemaleHair/Textures/Eyebrows_M_Thin_CardsAtlas_Tangent.ubulk" 173
"G:/Projets Unreal en cours/ICAN_Backrooms/Content/MetaHumans/Common/FemaleHair/Textures/Eyebrows_M_Thin_CardsAtlas_Tangent.uasset" 174
"G:/Projets Unreal en cours/ICAN_Backrooms/Content/MetaHumans/Common/FemaleHair/Textures/Eyebrows_M_Thin_CardsAtlas_Tangent.uexp" 175
"G:/Projets Unreal en cours/ICAN_Backrooms/Content/MetaHumans/Common/Materials/M_Facial_Hair.uasset" 176
"G:/Projets Unreal en cours/ICAN_Backrooms/Content/MetaHumans/Common/Materials/M_Facial_Hair.uexp" 177
"G:/Projets Unreal en cours/ICAN_Backrooms/Content/MetaHumans/Common/Materials/MI_Facial_Hair.uasset" 178
"G:/Projets Unreal en cours/ICAN_Backrooms/Content/MetaHumans/Common/Materials/MI_Facial_Hair.uexp" 179
"G:/Projets Unreal en cours/ICAN_Backrooms/Content/MetaHumans/Female_MH/FemaleHair/Hair/Eyebrows_M_Thin.ubulk" 180
"G:/Projets Unreal en cours/ICAN_Backrooms/Content/MetaHumans/Female_MH/FemaleHair/Hair/Eyebrows_M_Thin.uasset" 181
"G:/Projets Unreal en cours/ICAN_Backrooms/Content/MetaHumans/Female_MH/FemaleHair/Hair/Eyebrows_M_Thin.uexp" 182
"G:/Projets Unreal en cours/ICAN_Backrooms/Content/MetaHumans/Common/Female/Medium/NormalWeight/Shoes/Flipflops/mh_flipflops_CtrlRig.uasset" 183
"G:/Projets Unreal en cours/ICAN_Backrooms/Content/MetaHumans/Common/Female/Medium/NormalWeight/Shoes/Flipflops/mh_flipflops_CtrlRig.uexp" 184
"G:/Projets Unreal en cours/ICAN_Backrooms/Content/MetaHumans/Common/Face/Face_Archetype_Skeleton.uasset" 185
"G:/Projets Unreal en cours/ICAN_Backrooms/Content/MetaHumans/Common/Face/Face_Archetype_Skeleton.uexp" 186
"G:/Projets Unreal en cours/ICAN_Backrooms/Content/MetaHumans/Common/Face/neckPoses/neckCorr_f_tal_nrw_RBFSolver_pose.uasset" 187
"G:/Projets Unreal en cours/ICAN_Backrooms/Content/MetaHumans/Common/Face/neckPoses/neckCorr_f_tal_nrw_RBFSolver_pose.uexp" 188
"../../../Engine/Plugins/Animation/ControlRig/Content/Controls/DefaultGizmoLibrary.uasset" 189
"../../../Engine/Plugins/Animation/ControlRig/Content/Controls/DefaultGizmoLibrary.uexp" 190
"G:/Projets Unreal en cours/ICAN_Backrooms/Content/MetaHumans/Common/Face/Neck_CtrlRig.uasset" 191
"G:/Projets Unreal en cours/ICAN_Backrooms/Content/MetaHumans/Common/Face/Neck_CtrlRig.uexp" 192
"G:/Projets Unreal en cours/ICAN_Backrooms/Content/MetaHumans/Common/Controls/MHGizmoLibrary.uasset" 193
"G:/Projets Unreal en cours/ICAN_Backrooms/Content/MetaHumans/Common/Controls/MHGizmoLibrary.uexp" 194
"G:/Projets Unreal en cours/ICAN_Backrooms/Content/MetaHumans/Common/Face/HeadMovementIK_Proc_CtrlRig.uasset" 195
"G:/Projets Unreal en cours/ICAN_Backrooms/Content/MetaHumans/Common/Face/HeadMovementIK_Proc_CtrlRig.uexp" 196
"G:/Projets Unreal en cours/ICAN_Backrooms/Content/MetaHumans/Common/Face/Face_PostProcess_AnimBP.uasset" 197
"G:/Projets Unreal en cours/ICAN_Backrooms/Content/MetaHumans/Common/Face/Face_PostProcess_AnimBP.uexp" 198
"G:/Projets Unreal en cours/ICAN_Backrooms/Content/MetaHumans/Female_MH/Face/ABP_Female_MH_FaceMesh_PostProcess.uasset" 199
"G:/Projets Unreal en cours/ICAN_Backrooms/Content/MetaHumans/Female_MH/Face/ABP_Female_MH_FaceMesh_PostProcess.uexp" 200
"G:/Projets Unreal en cours/ICAN_Backrooms/Content/MetaHumans/Female_MH/Face/Textures/T_HeadLOD1_Normal_WM3.ubulk" 201
"G:/Projets Unreal en cours/ICAN_Backrooms/Content/MetaHumans/Female_MH/Face/Textures/T_HeadLOD1_Normal_WM3.uasset" 202
"G:/Projets Unreal en cours/ICAN_Backrooms/Content/MetaHumans/Female_MH/Face/Textures/T_HeadLOD1_Normal_WM3.uexp" 203
"G:/Projets Unreal en cours/ICAN_Backrooms/Content/MetaHumans/Female_MH/Face/Textures/T_HeadLOD1_BaseColor_CM2.ubulk" 204
"G:/Projets Unreal en cours/ICAN_Backrooms/Content/MetaHumans/Female_MH/Face/Textures/T_HeadLOD1_BaseColor_CM2.uasset" 205
"G:/Projets Unreal en cours/ICAN_Backrooms/Content/MetaHumans/Female_MH/Face/Textures/T_HeadLOD1_BaseColor_CM2.uexp" 206
"G:/Projets Unreal en cours/ICAN_Backrooms/Content/MetaHumans/Female_MH/Face/Textures/T_HeadLOD1_Normal_WM2.ubulk" 207
"G:/Projets Unreal en cours/ICAN_Backrooms/Content/MetaHumans/Female_MH/Face/Textures/T_HeadLOD1_Normal_WM2.uasset" 208
"G:/Projets Unreal en cours/ICAN_Backrooms/Content/MetaHumans/Female_MH/Face/Textures/T_HeadLOD1_Normal_WM2.uexp" 209
"G:/Projets Unreal en cours/ICAN_Backrooms/Content/MetaHumans/Female_MH/Face/Textures/T_HeadLOD1_Normal_WM1.ubulk" 210
"G:/Projets Unreal en cours/ICAN_Backrooms/Content/MetaHumans/Female_MH/Face/Textures/T_HeadLOD1_Normal_WM1.uasset" 211
"G:/Projets Unreal en cours/ICAN_Backrooms/Content/MetaHumans/Female_MH/Face/Textures/T_HeadLOD1_Normal_WM1.uexp" 212
"G:/Projets Unreal en cours/ICAN_Backrooms/Content/MetaHumans/Common/Face/SubsurfaceProfiles/SSP_Head.uasset" 213
"G:/Projets Unreal en cours/ICAN_Backrooms/Content/MetaHumans/Common/Face/SubsurfaceProfiles/SSP_Head.uexp" 214
"G:/Projets Unreal en cours/ICAN_Backrooms/Content/MetaHumans/Common/Textures/T_Default_BaseColor_White.uasset" 215
"G:/Projets Unreal en cours/ICAN_Backrooms/Content/MetaHumans/Common/Textures/T_Default_BaseColor_White.uexp" 216
"G:/Projets Unreal en cours/ICAN_Backrooms/Content/MetaHumans/Common/Face/Textures/Simplified/AnimMasks/T_High_FaceWM2_AnimMask01.ubulk" 217
"G:/Projets Unreal en cours/ICAN_Backrooms/Content/MetaHumans/Common/Face/Textures/Simplified/AnimMasks/T_High_FaceWM2_AnimMask01.uasset" 218
"G:/Projets Unreal en cours/ICAN_Backrooms/Content/MetaHumans/Common/Face/Textures/Simplified/AnimMasks/T_High_FaceWM2_AnimMask01.uexp" 219
"G:/Projets Unreal en cours/ICAN_Backrooms/Content/MetaHumans/Common/Face/MaterialFunctions/Head/MF_High_MaskDelta02_Simplified.uasset" 220
"G:/Projets Unreal en cours/ICAN_Backrooms/Content/MetaHumans/Common/Face/MaterialFunctions/Head/MF_High_MaskDelta02_Simplified.uexp" 221
"../../../Engine/Content/EngineMaterials/BlendFunc_DefBlend.uasset" 222
"../../../Engine/Content/EngineMaterials/BlendFunc_DefBlend.uexp" 223
"G:/Projets Unreal en cours/ICAN_Backrooms/Content/MetaHumans/Common/Face/Textures/Simplified/AnimMasks/T_High_FaceWM1_AnimMask04.ubulk" 224
"G:/Projets Unreal en cours/ICAN_Backrooms/Content/MetaHumans/Common/Face/Textures/Simplified/AnimMasks/T_High_FaceWM1_AnimMask04.uasset" 225
"G:/Projets Unreal en cours/ICAN_Backrooms/Content/MetaHumans/Common/Face/Textures/Simplified/AnimMasks/T_High_FaceWM1_AnimMask04.uexp" 226
"G:/Projets Unreal en cours/ICAN_Backrooms/Content/MetaHumans/Common/Face/Textures/Simplified/T_Teeth_mouthOcc.ubulk" 227
"G:/Projets Unreal en cours/ICAN_Backrooms/Content/MetaHumans/Common/Face/Textures/Simplified/T_Teeth_mouthOcc.uasset" 228
"G:/Projets Unreal en cours/ICAN_Backrooms/Content/MetaHumans/Common/Face/Textures/Simplified/T_Teeth_mouthOcc.uexp" 229
"../../../Engine/Content/Functions/Engine_MaterialFunctions02/Utility/BlendAngleCorrectedNormals.uasset" 230
"../../../Engine/Content/Functions/Engine_MaterialFunctions02/Utility/BlendAngleCorrectedNormals.uexp" 231
"G:/Projets Unreal en cours/ICAN_Backrooms/Content/MetaHumans/Common/Face/Textures/Simplified/AnimMasks/T_High_FaceWM1_AnimMask01.ubulk" 232
"G:/Projets Unreal en cours/ICAN_Backrooms/Content/MetaHumans/Common/Face/Textures/Simplified/AnimMasks/T_High_FaceWM1_AnimMask01.uasset" 233
"G:/Projets Unreal en cours/ICAN_Backrooms/Content/MetaHumans/Common/Face/Textures/Simplified/AnimMasks/T_High_FaceWM1_AnimMask01.uexp" 234
"G:/Projets Unreal en cours/ICAN_Backrooms/Content/MetaHumans/Common/Face/Textures/Simplified/AnimMasks/T_High_FaceWM3_AnimMask01.ubulk" 235
"G:/Projets Unreal en cours/ICAN_Backrooms/Content/MetaHumans/Common/Face/Textures/Simplified/AnimMasks/T_High_FaceWM3_AnimMask01.uasset" 236
"G:/Projets Unreal en cours/ICAN_Backrooms/Content/MetaHumans/Common/Face/Textures/Simplified/AnimMasks/T_High_FaceWM3_AnimMask01.uexp" 237
"G:/Projets Unreal en cours/ICAN_Backrooms/Content/MetaHumans/Common/Face/MaterialFunctions/Head/MF_High_MaskDelta03_Simplified.uasset" 238
"G:/Projets Unreal en cours/ICAN_Backrooms/Content/MetaHumans/Common/Face/MaterialFunctions/Head/MF_High_MaskDelta03_Simplified.uexp" 239
"G:/Projets Unreal en cours/ICAN_Backrooms/Content/MetaHumans/Common/Face/Textures/Simplified/AnimMasks/T_High_FaceWM13_AnimMask01.ubulk" 240
"G:/Projets Unreal en cours/ICAN_Backrooms/Content/MetaHumans/Common/Face/Textures/Simplified/AnimMasks/T_High_FaceWM13_AnimMask01.uasset" 241
"G:/Projets Unreal en cours/ICAN_Backrooms/Content/MetaHumans/Common/Face/Textures/Simplified/AnimMasks/T_High_FaceWM13_AnimMask01.uexp" 242
"G:/Projets Unreal en cours/ICAN_Backrooms/Content/MetaHumans/Common/Face/Textures/Simplified/AnimMasks/T_High_FaceWM3_AnimMask02.ubulk" 243
"G:/Projets Unreal en cours/ICAN_Backrooms/Content/MetaHumans/Common/Face/Textures/Simplified/AnimMasks/T_High_FaceWM3_AnimMask02.uasset" 244
"G:/Projets Unreal en cours/ICAN_Backrooms/Content/MetaHumans/Common/Face/Textures/Simplified/AnimMasks/T_High_FaceWM3_AnimMask02.uexp" 245
"G:/Projets Unreal en cours/ICAN_Backrooms/Content/MetaHumans/Common/Face/MaterialFunctions/Head/MF_High_HeadMask03_Simplified.uasset" 246
"G:/Projets Unreal en cours/ICAN_Backrooms/Content/MetaHumans/Common/Face/MaterialFunctions/Head/MF_High_HeadMask03_Simplified.uexp" 247
"../../../Engine/Content/Functions/Engine_MaterialFunctions01/Texturing/FlattenNormal.uasset" 248
"../../../Engine/Content/Functions/Engine_MaterialFunctions01/Texturing/FlattenNormal.uexp" 249
"../../../Engine/Content/EngineMaterials/BlendFunc_DefBase.uasset" 250
"../../../Engine/Content/EngineMaterials/BlendFunc_DefBase.uexp" 251
"G:/Projets Unreal en cours/ICAN_Backrooms/Content/MetaHumans/Common/Face/Textures/Simplified/AnimMasks/T_High_FaceWM2_AnimMask03.ubulk" 252
"G:/Projets Unreal en cours/ICAN_Backrooms/Content/MetaHumans/Common/Face/Textures/Simplified/AnimMasks/T_High_FaceWM2_AnimMask03.uasset" 253
"G:/Projets Unreal en cours/ICAN_Backrooms/Content/MetaHumans/Common/Face/Textures/Simplified/AnimMasks/T_High_FaceWM2_AnimMask03.uexp" 254
"G:/Projets Unreal en cours/ICAN_Backrooms/Content/MetaHumans/Common/Face/Textures/Simplified/AnimMasks/T_High_FaceWM2_AnimMask02.ubulk" 255
"G:/Projets Unreal en cours/ICAN_Backrooms/Content/MetaHumans/Common/Face/Textures/Simplified/AnimMasks/T_High_FaceWM2_AnimMask02.uasset" 256
"G:/Projets Unreal en cours/ICAN_Backrooms/Content/MetaHumans/Common/Face/Textures/Simplified/AnimMasks/T_High_FaceWM2_AnimMask02.uexp" 257
"G:/Projets Unreal en cours/ICAN_Backrooms/Content/MetaHumans/Common/Face/MaterialFunctions/Head/MF_High_HeadMask02_Simplified.uasset" 258
"G:/Projets Unreal en cours/ICAN_Backrooms/Content/MetaHumans/Common/Face/MaterialFunctions/Head/MF_High_HeadMask02_Simplified.uexp" 259
"G:/Projets Unreal en cours/ICAN_Backrooms/Content/MetaHumans/Common/Face/Textures/Simplified/AnimMasks/T_High_FaceWM1_AnimMask03.ubulk" 260
"G:/Projets Unreal en cours/ICAN_Backrooms/Content/MetaHumans/Common/Face/Textures/Simplified/AnimMasks/T_High_FaceWM1_AnimMask03.uasset" 261
"G:/Projets Unreal en cours/ICAN_Backrooms/Content/MetaHumans/Common/Face/Textures/Simplified/AnimMasks/T_High_FaceWM1_AnimMask03.uexp" 262
"G:/Projets Unreal en cours/ICAN_Backrooms/Content/MetaHumans/Common/Face/Textures/Simplified/AnimMasks/T_High_FaceWM1_AnimMask02.ubulk" 263
"G:/Projets Unreal en cours/ICAN_Backrooms/Content/MetaHumans/Common/Face/Textures/Simplified/AnimMasks/T_High_FaceWM1_AnimMask02.uasset" 264
"G:/Projets Unreal en cours/ICAN_Backrooms/Content/MetaHumans/Common/Face/Textures/Simplified/AnimMasks/T_High_FaceWM1_AnimMask02.uexp" 265
"G:/Projets Unreal en cours/ICAN_Backrooms/Content/MetaHumans/Common/Face/MaterialFunctions/Head/MF_High_MaskDelta01_Simplified.uasset" 266
"G:/Projets Unreal en cours/ICAN_Backrooms/Content/MetaHumans/Common/Face/MaterialFunctions/Head/MF_High_MaskDelta01_Simplified.uexp" 267
"G:/Projets Unreal en cours/ICAN_Backrooms/Content/MetaHumans/Common/Face/MaterialFunctions/Head/MF_High_HeadMask01_Simplified.uasset" 268
"G:/Projets Unreal en cours/ICAN_Backrooms/Content/MetaHumans/Common/Face/MaterialFunctions/Head/MF_High_HeadMask01_Simplified.uexp" 269
"G:/Projets Unreal en cours/ICAN_Backrooms/Content/MetaHumans/Common/Face/MaterialFunctions/Head/MF_High_AnimatedMaps_Simplified.uasset" 270
"G:/Projets Unreal en cours/ICAN_Backrooms/Content/MetaHumans/Common/Face/MaterialFunctions/Head/MF_High_AnimatedMaps_Simplified.uexp" 271
"../../../Engine/Content/Functions/Engine_MaterialFunctions03/Math/RemapValueRange.uasset" 272
"../../../Engine/Content/Functions/Engine_MaterialFunctions03/Math/RemapValueRange.uexp" 273
"G:/Projets Unreal en cours/ICAN_Backrooms/Content/MetaHumans/Common/Textures/T_Default_Masks_SpecRoughMetal.uasset" 274
"G:/Projets Unreal en cours/ICAN_Backrooms/Content/MetaHumans/Common/Textures/T_Default_Masks_SpecRoughMetal.uexp" 275
"../../../Engine/Content/Functions/Engine_MaterialFunctions03/Blends/Blend_Lighten.uasset" 276
"../../../Engine/Content/Functions/Engine_MaterialFunctions03/Blends/Blend_Lighten.uexp" 277
"G:/Projets Unreal en cours/ICAN_Backrooms/Content/MetaHumans/Common/Textures/T_Default_NormalMap.uasset" 278
"G:/Projets Unreal en cours/ICAN_Backrooms/Content/MetaHumans/Common/Textures/T_Default_NormalMap.uexp" 279
"G:/Projets Unreal en cours/ICAN_Backrooms/Content/MetaHumans/Common/Face/Textures/T_SkinMicroNormal001.ubulk" 280
"G:/Projets Unreal en cours/ICAN_Backrooms/Content/MetaHumans/Common/Face/Textures/T_SkinMicroNormal001.uasset" 281
"G:/Projets Unreal en cours/ICAN_Backrooms/Content/MetaHumans/Common/Face/Textures/T_SkinMicroNormal001.uexp" 282
"G:/Projets Unreal en cours/ICAN_Backrooms/Content/MetaHumans/Common/Face/Textures/Simplified/T_Flat_BentNormalAO.uasset" 283
"G:/Projets Unreal en cours/ICAN_Backrooms/Content/MetaHumans/Common/Face/Textures/Simplified/T_Flat_BentNormalAO.uexp" 284
"G:/Projets Unreal en cours/ICAN_Backrooms/Content/MetaHumans/Common/Shared/Materials/M_MetaHumanSkin_Simplified.uasset" 285
"G:/Projets Unreal en cours/ICAN_Backrooms/Content/MetaHumans/Common/Shared/Materials/M_MetaHumanSkin_Simplified.uexp" 286
"G:/Projets Unreal en cours/ICAN_Backrooms/Content/MetaHumans/Common/Face/Textures/Simplified/T_MH_BentNormal_Reduced_AO.ubulk" 287
"G:/Projets Unreal en cours/ICAN_Backrooms/Content/MetaHumans/Common/Face/Textures/Simplified/T_MH_BentNormal_Reduced_AO.uasset" 288
"G:/Projets Unreal en cours/ICAN_Backrooms/Content/MetaHumans/Common/Face/Textures/Simplified/T_MH_BentNormal_Reduced_AO.uexp" 289
"G:/Projets Unreal en cours/ICAN_Backrooms/Content/MetaHumans/Common/Face/Materials/MI_HeadSynthesized_Simplified_LOD1.uasset" 290
"G:/Projets Unreal en cours/ICAN_Backrooms/Content/MetaHumans/Common/Face/Materials/MI_HeadSynthesized_Simplified_LOD1.uexp" 291
"G:/Projets Unreal en cours/ICAN_Backrooms/Content/MetaHumans/Female_MH/Face/Textures/T_HeadLOD1_BaseColor.ubulk" 292
"G:/Projets Unreal en cours/ICAN_Backrooms/Content/MetaHumans/Female_MH/Face/Textures/T_HeadLOD1_BaseColor.uasset" 293
"G:/Projets Unreal en cours/ICAN_Backrooms/Content/MetaHumans/Female_MH/Face/Textures/T_HeadLOD1_BaseColor.uexp" 294
"G:/Projets Unreal en cours/ICAN_Backrooms/Content/MetaHumans/Female_MH/Face/Textures/T_HeadLOD1_BaseColor_CM1.ubulk" 295
"G:/Projets Unreal en cours/ICAN_Backrooms/Content/MetaHumans/Female_MH/Face/Textures/T_HeadLOD1_BaseColor_CM1.uasset" 296
"G:/Projets Unreal en cours/ICAN_Backrooms/Content/MetaHumans/Female_MH/Face/Textures/T_HeadLOD1_BaseColor_CM1.uexp" 297
"G:/Projets Unreal en cours/ICAN_Backrooms/Content/MetaHumans/Female_MH/Face/Textures/T_HeadLOD1_Specular.ubulk" 298
"G:/Projets Unreal en cours/ICAN_Backrooms/Content/MetaHumans/Female_MH/Face/Textures/T_HeadLOD1_Specular.uasset" 299
"G:/Projets Unreal en cours/ICAN_Backrooms/Content/MetaHumans/Female_MH/Face/Textures/T_HeadLOD1_Specular.uexp" 300
"G:/Projets Unreal en cours/ICAN_Backrooms/Content/MetaHumans/Female_MH/Face/Textures/T_HeadLOD1_Normal.ubulk" 301
"G:/Projets Unreal en cours/ICAN_Backrooms/Content/MetaHumans/Female_MH/Face/Textures/T_HeadLOD1_Normal.uasset" 302
"G:/Projets Unreal en cours/ICAN_Backrooms/Content/MetaHumans/Female_MH/Face/Textures/T_HeadLOD1_Normal.uexp" 303
"G:/Projets Unreal en cours/ICAN_Backrooms/Content/MetaHumans/Female_MH/Face/Textures/T_HeadLOD1_BaseColor_CM3.ubulk" 304
"G:/Projets Unreal en cours/ICAN_Backrooms/Content/MetaHumans/Female_MH/Face/Textures/T_HeadLOD1_BaseColor_CM3.uasset" 305
"G:/Projets Unreal en cours/ICAN_Backrooms/Content/MetaHumans/Female_MH/Face/Textures/T_HeadLOD1_BaseColor_CM3.uexp" 306
"G:/Projets Unreal en cours/ICAN_Backrooms/Content/MetaHumans/Female_MH/Face/Materials/MI_HeadSynthesized_Simplified_LOD1.uasset" 307
"G:/Projets Unreal en cours/ICAN_Backrooms/Content/MetaHumans/Female_MH/Face/Materials/MI_HeadSynthesized_Simplified_LOD1.uexp" 308
"G:/Projets Unreal en cours/ICAN_Backrooms/Content/MetaHumans/Common/Materials/T_Black_Linear.uasset" 309
"G:/Projets Unreal en cours/ICAN_Backrooms/Content/MetaHumans/Common/Materials/T_Black_Linear.uexp" 310
"G:/Projets Unreal en cours/ICAN_Backrooms/Content/MetaHumans/Common/Materials/M_Eyelashes_Cards.uasset" 311
"G:/Projets Unreal en cours/ICAN_Backrooms/Content/MetaHumans/Common/Materials/M_Eyelashes_Cards.uexp" 312
"G:/Projets Unreal en cours/ICAN_Backrooms/Content/MetaHumans/Common/Materials/M_EyeLash_HigherLODs_Inst.uasset" 313
"G:/Projets Unreal en cours/ICAN_Backrooms/Content/MetaHumans/Common/Materials/M_EyeLash_HigherLODs_Inst.uexp" 314
"G:/Projets Unreal en cours/ICAN_Backrooms/Content/MetaHumans/Common/MaleHair/Textures/Eyelashes_S_Thin_Coverage.ubulk" 315
"G:/Projets Unreal en cours/ICAN_Backrooms/Content/MetaHumans/Common/MaleHair/Textures/Eyelashes_S_Thin_Coverage.uasset" 316
"G:/Projets Unreal en cours/ICAN_Backrooms/Content/MetaHumans/Common/MaleHair/Textures/Eyelashes_S_Thin_Coverage.uexp" 317
"G:/Projets Unreal en cours/ICAN_Backrooms/Content/MetaHumans/Female_MH/Materials/M_EyeLash_HigherLODs_Inst.uasset" 318
"G:/Projets Unreal en cours/ICAN_Backrooms/Content/MetaHumans/Female_MH/Materials/M_EyeLash_HigherLODs_Inst.uexp" 319
"G:/Projets Unreal en cours/ICAN_Backrooms/Content/MetaHumans/Common/Face/Face_Archetype_Physics.uasset" 320
"G:/Projets Unreal en cours/ICAN_Backrooms/Content/MetaHumans/Common/Face/Face_Archetype_Physics.uexp" 321
"G:/Projets Unreal en cours/ICAN_Backrooms/Content/MetaHumans/Common/Face/Textures/T_lacrimal_n.ubulk" 322
"G:/Projets Unreal en cours/ICAN_Backrooms/Content/MetaHumans/Common/Face/Textures/T_lacrimal_n.uasset" 323
"G:/Projets Unreal en cours/ICAN_Backrooms/Content/MetaHumans/Common/Face/Textures/T_lacrimal_n.uexp" 324
"../../../Engine/Content/Functions/Engine_MaterialFunctions02/WorldPositionOffset/CameraOffset.uasset" 325
"../../../Engine/Content/Functions/Engine_MaterialFunctions02/WorldPositionOffset/CameraOffset.uexp" 326
"G:/Projets Unreal en cours/ICAN_Backrooms/Content/MetaHumans/Common/Face/Textures/T_lacrimal_h.ubulk" 327
"G:/Projets Unreal en cours/ICAN_Backrooms/Content/MetaHumans/Common/Face/Textures/T_lacrimal_h.uasset" 328
"G:/Projets Unreal en cours/ICAN_Backrooms/Content/MetaHumans/Common/Face/Textures/T_lacrimal_h.uexp" 329
"G:/Projets Unreal en cours/ICAN_Backrooms/Content/MetaHumans/Common/Face/Materials/M_lacrimal_fluid.uasset" 330
"G:/Projets Unreal en cours/ICAN_Backrooms/Content/MetaHumans/Common/Face/Materials/M_lacrimal_fluid.uexp" 331
"G:/Projets Unreal en cours/ICAN_Backrooms/Content/MetaHumans/Common/Face/Materials/MI_lacrimal_fluid_Inst.uasset" 332
"G:/Projets Unreal en cours/ICAN_Backrooms/Content/MetaHumans/Common/Face/Materials/MI_lacrimal_fluid_Inst.uexp" 333
"G:/Projets Unreal en cours/ICAN_Backrooms/Content/MetaHumans/Common/Materials/M_EyelashLowerLODs_Inst.uasset" 334
"G:/Projets Unreal en cours/ICAN_Backrooms/Content/MetaHumans/Common/Materials/M_EyelashLowerLODs_Inst.uexp" 335
"G:/Projets Unreal en cours/ICAN_Backrooms/Content/MetaHumans/Female_MH/Materials/M_EyelashLowerLODs_Inst.uasset" 336
"G:/Projets Unreal en cours/ICAN_Backrooms/Content/MetaHumans/Female_MH/Materials/M_EyelashLowerLODs_Inst.uexp" 337
"G:/Projets Unreal en cours/ICAN_Backrooms/Content/MetaHumans/Common/Face/Materials/M_Cartilage.uasset" 338
"G:/Projets Unreal en cours/ICAN_Backrooms/Content/MetaHumans/Common/Face/Materials/M_Cartilage.uexp" 339
"G:/Projets Unreal en cours/ICAN_Backrooms/Content/MetaHumans/Common/Face/Textures/Simplified/T_Teeth_BaseColor_Baked.ubulk" 340
"G:/Projets Unreal en cours/ICAN_Backrooms/Content/MetaHumans/Common/Face/Textures/Simplified/T_Teeth_BaseColor_Baked.uasset" 341
"G:/Projets Unreal en cours/ICAN_Backrooms/Content/MetaHumans/Common/Face/Textures/Simplified/T_Teeth_BaseColor_Baked.uexp" 342
"G:/Projets Unreal en cours/ICAN_Backrooms/Content/MetaHumans/Common/Face/Textures/Simplified/T_Teeth_Specular_Baked.ubulk" 343
"G:/Projets Unreal en cours/ICAN_Backrooms/Content/MetaHumans/Common/Face/Textures/Simplified/T_Teeth_Specular_Baked.uasset" 344
"G:/Projets Unreal en cours/ICAN_Backrooms/Content/MetaHumans/Common/Face/Textures/Simplified/T_Teeth_Specular_Baked.uexp" 345
"G:/Projets Unreal en cours/ICAN_Backrooms/Content/MetaHumans/Common/Face/Textures/Simplified/T_Teeth_Normal_Baked.ubulk" 346
"G:/Projets Unreal en cours/ICAN_Backrooms/Content/MetaHumans/Common/Face/Textures/Simplified/T_Teeth_Normal_Baked.uasset" 347
"G:/Projets Unreal en cours/ICAN_Backrooms/Content/MetaHumans/Common/Face/Textures/Simplified/T_Teeth_Normal_Baked.uexp" 348
"G:/Projets Unreal en cours/ICAN_Backrooms/Content/MetaHumans/Common/Face/Materials/MI_Teeth_Simplified.uasset" 349
"G:/Projets Unreal en cours/ICAN_Backrooms/Content/MetaHumans/Common/Face/Materials/MI_Teeth_Simplified.uexp" 350
"G:/Projets Unreal en cours/ICAN_Backrooms/Content/MetaHumans/Female_MH/Face/Materials/MI_Teeth_Simplified.uasset" 351
"G:/Projets Unreal en cours/ICAN_Backrooms/Content/MetaHumans/Female_MH/Face/Materials/MI_Teeth_Simplified.uexp" 352
"G:/Projets Unreal en cours/ICAN_Backrooms/Content/MetaHumans/Female_MH/Face/Textures/T_HeadLOD3_Normal.ubulk" 353
"G:/Projets Unreal en cours/ICAN_Backrooms/Content/MetaHumans/Female_MH/Face/Textures/T_HeadLOD3_Normal.uasset" 354
"G:/Projets Unreal en cours/ICAN_Backrooms/Content/MetaHumans/Female_MH/Face/Textures/T_HeadLOD3_Normal.uexp" 355
"G:/Projets Unreal en cours/ICAN_Backrooms/Content/MetaHumans/Female_MH/Face/Textures/T_HeadLOD3_Specular.ubulk" 356
"G:/Projets Unreal en cours/ICAN_Backrooms/Content/MetaHumans/Female_MH/Face/Textures/T_HeadLOD3_Specular.uasset" 357
"G:/Projets Unreal en cours/ICAN_Backrooms/Content/MetaHumans/Female_MH/Face/Textures/T_HeadLOD3_Specular.uexp" 358
"G:/Projets Unreal en cours/ICAN_Backrooms/Content/MetaHumans/Female_MH/Face/Textures/T_HeadLOD3_BaseColor.ubulk" 359
"G:/Projets Unreal en cours/ICAN_Backrooms/Content/MetaHumans/Female_MH/Face/Textures/T_HeadLOD3_BaseColor.uasset" 360
"G:/Projets Unreal en cours/ICAN_Backrooms/Content/MetaHumans/Female_MH/Face/Textures/T_HeadLOD3_BaseColor.uexp" 361
"G:/Projets Unreal en cours/ICAN_Backrooms/Content/MetaHumans/Female_MH/Face/Materials/MI_HeadSynthesized_Simplified_LOD3.uasset" 362
"G:/Projets Unreal en cours/ICAN_Backrooms/Content/MetaHumans/Female_MH/Face/Materials/MI_HeadSynthesized_Simplified_LOD3.uexp" 363
"G:/Projets Unreal en cours/ICAN_Backrooms/Content/MetaHumans/Female_MH/Face/Textures/T_HeadLOD5_Normal.ubulk" 364
"G:/Projets Unreal en cours/ICAN_Backrooms/Content/MetaHumans/Female_MH/Face/Textures/T_HeadLOD5_Normal.uasset" 365
"G:/Projets Unreal en cours/ICAN_Backrooms/Content/MetaHumans/Female_MH/Face/Textures/T_HeadLOD5_Normal.uexp" 366
"G:/Projets Unreal en cours/ICAN_Backrooms/Content/MetaHumans/Female_MH/Face/Textures/T_HeadLOD5_Specular.ubulk" 367
"G:/Projets Unreal en cours/ICAN_Backrooms/Content/MetaHumans/Female_MH/Face/Textures/T_HeadLOD5_Specular.uasset" 368
"G:/Projets Unreal en cours/ICAN_Backrooms/Content/MetaHumans/Female_MH/Face/Textures/T_HeadLOD5_Specular.uexp" 369
"G:/Projets Unreal en cours/ICAN_Backrooms/Content/MetaHumans/Female_MH/Face/Textures/T_HeadLOD5_BaseColor.ubulk" 370
"G:/Projets Unreal en cours/ICAN_Backrooms/Content/MetaHumans/Female_MH/Face/Textures/T_HeadLOD5_BaseColor.uasset" 371
"G:/Projets Unreal en cours/ICAN_Backrooms/Content/MetaHumans/Female_MH/Face/Textures/T_HeadLOD5_BaseColor.uexp" 372
"G:/Projets Unreal en cours/ICAN_Backrooms/Content/MetaHumans/Female_MH/Face/Materials/MI_HeadSynthesized_Simplified_LOD5.uasset" 373
"G:/Projets Unreal en cours/ICAN_Backrooms/Content/MetaHumans/Female_MH/Face/Materials/MI_HeadSynthesized_Simplified_LOD5.uexp" 374
"../../../Engine/Content/Functions/Engine_MaterialFunctions01/Density/ExponentialDensity.uasset" 375
"../../../Engine/Content/Functions/Engine_MaterialFunctions01/Density/ExponentialDensity.uexp" 376
"../../../Engine/Content/Functions/Engine_MaterialFunctions02/Utility/BreakOutFloat2Components.uasset" 377
"../../../Engine/Content/Functions/Engine_MaterialFunctions02/Utility/BreakOutFloat2Components.uexp" 378
"../../../Engine/Content/Functions/Engine_MaterialFunctions01/Texturing/ScaleUVsByCenter.uasset" 379
"../../../Engine/Content/Functions/Engine_MaterialFunctions01/Texturing/ScaleUVsByCenter.uexp" 380
"../../../Engine/Content/Functions/Engine_MaterialFunctions02/Utility/VectorLength.uasset" 381
"../../../Engine/Content/Functions/Engine_MaterialFunctions02/Utility/VectorLength.uexp" 382
"G:/Projets Unreal en cours/ICAN_Backrooms/Content/MetaHumans/Common/Face/Textures/T_sclera_tint_picker.ubulk" 383
"G:/Projets Unreal en cours/ICAN_Backrooms/Content/MetaHumans/Common/Face/Textures/T_sclera_tint_picker.uasset" 384
"G:/Projets Unreal en cours/ICAN_Backrooms/Content/MetaHumans/Common/Face/Textures/T_sclera_tint_picker.uexp" 385
"G:/Projets Unreal en cours/ICAN_Backrooms/Content/MetaHumans/Common/Face/Textures/Simplified/T_Shared_Eye_AO.ubulk" 386
"G:/Projets Unreal en cours/ICAN_Backrooms/Content/MetaHumans/Common/Face/Textures/Simplified/T_Shared_Eye_AO.uasset" 387
"G:/Projets Unreal en cours/ICAN_Backrooms/Content/MetaHumans/Common/Face/Textures/Simplified/T_Shared_Eye_AO.uexp" 388
"G:/Projets Unreal en cours/ICAN_Backrooms/Content/MetaHumans/Common/Face/Textures/Simplified/T_Iris_A_H_Alt.ubulk" 389
"G:/Projets Unreal en cours/ICAN_Backrooms/Content/MetaHumans/Common/Face/Textures/Simplified/T_Iris_A_H_Alt.uasset" 390
"G:/Projets Unreal en cours/ICAN_Backrooms/Content/MetaHumans/Common/Face/Textures/Simplified/T_Iris_A_H_Alt.uexp" 391
"G:/Projets Unreal en cours/ICAN_Backrooms/Content/MetaHumans/Common/Face/Textures/Simplified/T_Eye_N_Low.ubulk" 392
"G:/Projets Unreal en cours/ICAN_Backrooms/Content/MetaHumans/Common/Face/Textures/Simplified/T_Eye_N_Low.uasset" 393
"G:/Projets Unreal en cours/ICAN_Backrooms/Content/MetaHumans/Common/Face/Textures/Simplified/T_Eye_N_Low.uexp" 394
"G:/Projets Unreal en cours/ICAN_Backrooms/Content/MetaHumans/Common/Face/Textures/Simplified/T_Veins_D_Alt.ubulk" 395
"G:/Projets Unreal en cours/ICAN_Backrooms/Content/MetaHumans/Common/Face/Textures/Simplified/T_Veins_D_Alt.uasset" 396
"G:/Projets Unreal en cours/ICAN_Backrooms/Content/MetaHumans/Common/Face/Textures/Simplified/T_Veins_D_Alt.uexp" 397
"../../../Engine/Content/Functions/Engine_MaterialFunctions01/Gradient/RadialGradientExponential.uasset" 398
"../../../Engine/Content/Functions/Engine_MaterialFunctions01/Gradient/RadialGradientExponential.uexp" 399
"G:/Projets Unreal en cours/ICAN_Backrooms/Content/MetaHumans/Common/Face/Textures/Simplified/T_Shared_Eye_Normal.ubulk" 400
"G:/Projets Unreal en cours/ICAN_Backrooms/Content/MetaHumans/Common/Face/Textures/Simplified/T_Shared_Eye_Normal.uasset" 401
"G:/Projets Unreal en cours/ICAN_Backrooms/Content/MetaHumans/Common/Face/Textures/Simplified/T_Shared_Eye_Normal.uexp" 402
"G:/Projets Unreal en cours/ICAN_Backrooms/Content/MetaHumans/Common/Face/MaterialFunctions/Eye/MF_Eye_Refraction_Simplified.uasset" 403
"G:/Projets Unreal en cours/ICAN_Backrooms/Content/MetaHumans/Common/Face/MaterialFunctions/Eye/MF_Eye_Refraction_Simplified.uexp" 404
"G:/Projets Unreal en cours/ICAN_Backrooms/Content/MetaHumans/Common/Face/Textures/T_iris_color_picker.ubulk" 405
"G:/Projets Unreal en cours/ICAN_Backrooms/Content/MetaHumans/Common/Face/Textures/T_iris_color_picker.uasset" 406
"G:/Projets Unreal en cours/ICAN_Backrooms/Content/MetaHumans/Common/Face/Textures/T_iris_color_picker.uexp" 407
"G:/Projets Unreal en cours/ICAN_Backrooms/Content/MetaHumans/Common/Face/Materials/M_MetaHumanEye_Simplified.uasset" 408
"G:/Projets Unreal en cours/ICAN_Backrooms/Content/MetaHumans/Common/Face/Materials/M_MetaHumanEye_Simplified.uexp" 409
"G:/Projets Unreal en cours/ICAN_Backrooms/Content/MetaHumans/Common/Face/Materials/MI_MetaHumanEye_Simplified.uasset" 410
"G:/Projets Unreal en cours/ICAN_Backrooms/Content/MetaHumans/Common/Face/Materials/MI_MetaHumanEye_Simplified.uexp" 411
"G:/Projets Unreal en cours/ICAN_Backrooms/Content/MetaHumans/Female_MH/Face/Materials/MI_MetaHumanEye_Simplified.uasset" 412
"G:/Projets Unreal en cours/ICAN_Backrooms/Content/MetaHumans/Female_MH/Face/Materials/MI_MetaHumanEye_Simplified.uexp" 413
"G:/Projets Unreal en cours/ICAN_Backrooms/Content/MetaHumans/Common/Face/MaterialFunctions/MF_PathTracingQualitySwitch.uasset" 414
"G:/Projets Unreal en cours/ICAN_Backrooms/Content/MetaHumans/Common/Face/MaterialFunctions/MF_PathTracingQualitySwitch.uexp" 415
"G:/Projets Unreal en cours/ICAN_Backrooms/Content/MetaHumans/Common/Face/Materials/M_EyeOcclusion.uasset" 416
"G:/Projets Unreal en cours/ICAN_Backrooms/Content/MetaHumans/Common/Face/Materials/M_EyeOcclusion.uexp" 417
"G:/Projets Unreal en cours/ICAN_Backrooms/Content/MetaHumans/Common/Face/Materials/MI_EyeOcclusion_Inst.uasset" 418
"G:/Projets Unreal en cours/ICAN_Backrooms/Content/MetaHumans/Common/Face/Materials/MI_EyeOcclusion_Inst.uexp" 419
"G:/Projets Unreal en cours/ICAN_Backrooms/Content/MetaHumans/Female_MH/Face/Female_MH_FaceMesh.uasset" 420
"G:/Projets Unreal en cours/ICAN_Backrooms/Content/MetaHumans/Female_MH/Face/Female_MH_FaceMesh.uexp" 421
"G:/Projets Unreal en cours/ICAN_Backrooms/Content/MetaHumans/Female_MH/FemaleHair/GroomBinding/Eyebrows_M_Thin_Binding.ubulk" 422
"G:/Projets Unreal en cours/ICAN_Backrooms/Content/MetaHumans/Female_MH/FemaleHair/GroomBinding/Eyebrows_M_Thin_Binding.uasset" 423
"G:/Projets Unreal en cours/ICAN_Backrooms/Content/MetaHumans/Female_MH/FemaleHair/GroomBinding/Eyebrows_M_Thin_Binding.uexp" 424
"G:/Projets Unreal en cours/ICAN_Backrooms/Content/MetaHumans/Common/Materials/MI_Hair_Helmet.uasset" 425
"G:/Projets Unreal en cours/ICAN_Backrooms/Content/MetaHumans/Common/Materials/MI_Hair_Helmet.uexp" 426
"G:/Projets Unreal en cours/ICAN_Backrooms/Content/MetaHumans/Female_MH/Materials/MI_Hair_Helmet.uasset" 427
"G:/Projets Unreal en cours/ICAN_Backrooms/Content/MetaHumans/Female_MH/Materials/MI_Hair_Helmet.uexp" 428
"G:/Projets Unreal en cours/ICAN_Backrooms/Content/MetaHumans/Common/Female/Medium/NormalWeight/Body/metahuman_base_skel.uasset" 429
"G:/Projets Unreal en cours/ICAN_Backrooms/Content/MetaHumans/Common/Female/Medium/NormalWeight/Body/metahuman_base_skel.uexp" 430
"G:/Projets Unreal en cours/ICAN_Backrooms/Content/MetaHumans/Common/Female/Tall/NormalWeight/Body/f_tal_nrw_body_Physics.uasset" 431
"G:/Projets Unreal en cours/ICAN_Backrooms/Content/MetaHumans/Common/Female/Tall/NormalWeight/Body/f_tal_nrw_body_Physics.uexp" 432
"G:/Projets Unreal en cours/ICAN_Backrooms/Content/MetaHumans/Female_MH/Body/Textures/T_Body_BaseColor.ubulk" 433
"G:/Projets Unreal en cours/ICAN_Backrooms/Content/MetaHumans/Female_MH/Body/Textures/T_Body_BaseColor.uasset" 434
"G:/Projets Unreal en cours/ICAN_Backrooms/Content/MetaHumans/Female_MH/Body/Textures/T_Body_BaseColor.uexp" 435
"G:/Projets Unreal en cours/ICAN_Backrooms/Content/MetaHumans/Female_MH/Body/Textures/T_Body_Specular.ubulk" 436
"G:/Projets Unreal en cours/ICAN_Backrooms/Content/MetaHumans/Female_MH/Body/Textures/T_Body_Specular.uasset" 437
"G:/Projets Unreal en cours/ICAN_Backrooms/Content/MetaHumans/Female_MH/Body/Textures/T_Body_Specular.uexp" 438
"G:/Projets Unreal en cours/ICAN_Backrooms/Content/MetaHumans/Common/Body/Materials/MI_BodySynthesized_Simplified.uasset" 439
"G:/Projets Unreal en cours/ICAN_Backrooms/Content/MetaHumans/Common/Body/Materials/MI_BodySynthesized_Simplified.uexp" 440
"G:/Projets Unreal en cours/ICAN_Backrooms/Content/MetaHumans/Female_MH/Body/Textures/T_Body_Normal.ubulk" 441
"G:/Projets Unreal en cours/ICAN_Backrooms/Content/MetaHumans/Female_MH/Body/Textures/T_Body_Normal.uasset" 442
"G:/Projets Unreal en cours/ICAN_Backrooms/Content/MetaHumans/Female_MH/Body/Textures/T_Body_Normal.uexp" 443
"G:/Projets Unreal en cours/ICAN_Backrooms/Content/MetaHumans/Female_MH/Body/Materials/MI_BodySynthesized_Simplified.uasset" 444
"G:/Projets Unreal en cours/ICAN_Backrooms/Content/MetaHumans/Female_MH/Body/Materials/MI_BodySynthesized_Simplified.uexp" 445
"G:/Projets Unreal en cours/ICAN_Backrooms/Content/MetaHumans/Common/Female/Tall/NormalWeight/Poses/f_tal_nrw_index_02_r_pose.uasset" 446
"G:/Projets Unreal en cours/ICAN_Backrooms/Content/MetaHumans/Common/Female/Tall/NormalWeight/Poses/f_tal_nrw_index_02_r_pose.uexp" 447
"G:/Projets Unreal en cours/ICAN_Backrooms/Content/MetaHumans/Common/Female/Tall/NormalWeight/Poses/f_tal_nrw_thumb_03_r_pose.uasset" 448
"G:/Projets Unreal en cours/ICAN_Backrooms/Content/MetaHumans/Common/Female/Tall/NormalWeight/Poses/f_tal_nrw_thumb_03_r_pose.uexp" 449
"G:/Projets Unreal en cours/ICAN_Backrooms/Content/MetaHumans/Common/Female/Tall/NormalWeight/Poses/f_tal_nrw_ring_01_r_pose.uasset" 450
"G:/Projets Unreal en cours/ICAN_Backrooms/Content/MetaHumans/Common/Female/Tall/NormalWeight/Poses/f_tal_nrw_ring_01_r_pose.uexp" 451
"G:/Projets Unreal en cours/ICAN_Backrooms/Content/MetaHumans/Common/Female/Tall/NormalWeight/Poses/f_tal_nrw_middle_02_l_pose.uasset" 452
"G:/Projets Unreal en cours/ICAN_Backrooms/Content/MetaHumans/Common/Female/Tall/NormalWeight/Poses/f_tal_nrw_middle_02_l_pose.uexp" 453
"G:/Projets Unreal en cours/ICAN_Backrooms/Content/MetaHumans/Common/Female/Tall/NormalWeight/Poses/f_tal_nrw_ring_03_r_pose.uasset" 454
"G:/Projets Unreal en cours/ICAN_Backrooms/Content/MetaHumans/Common/Female/Tall/NormalWeight/Poses/f_tal_nrw_ring_03_r_pose.uexp" 455
"G:/Projets Unreal en cours/ICAN_Backrooms/Content/MetaHumans/Common/Female/Tall/NormalWeight/Poses/f_tal_nrw_ring_02_r_pose.uasset" 456
"G:/Projets Unreal en cours/ICAN_Backrooms/Content/MetaHumans/Common/Female/Tall/NormalWeight/Poses/f_tal_nrw_ring_02_r_pose.uexp" 457
"G:/Projets Unreal en cours/ICAN_Backrooms/Content/MetaHumans/Common/Female/Tall/NormalWeight/Poses/f_tal_nrw_middle_01_r_pose.uasset" 458
"G:/Projets Unreal en cours/ICAN_Backrooms/Content/MetaHumans/Common/Female/Tall/NormalWeight/Poses/f_tal_nrw_middle_01_r_pose.uexp" 459
"G:/Projets Unreal en cours/ICAN_Backrooms/Content/MetaHumans/Common/Female/Tall/NormalWeight/Poses/f_tal_nrw_foot_l_pose.uasset" 460
"G:/Projets Unreal en cours/ICAN_Backrooms/Content/MetaHumans/Common/Female/Tall/NormalWeight/Poses/f_tal_nrw_foot_l_pose.uexp" 461
"G:/Projets Unreal en cours/ICAN_Backrooms/Content/MetaHumans/Common/Female/Tall/NormalWeight/Poses/f_tal_nrw_pinky_03_r_pose.uasset" 462
"G:/Projets Unreal en cours/ICAN_Backrooms/Content/MetaHumans/Common/Female/Tall/NormalWeight/Poses/f_tal_nrw_pinky_03_r_pose.uexp" 463
"G:/Projets Unreal en cours/ICAN_Backrooms/Content/MetaHumans/Common/Female/Tall/NormalWeight/Poses/f_tal_nrw_pinky_02_l_pose.uasset" 464
"G:/Projets Unreal en cours/ICAN_Backrooms/Content/MetaHumans/Common/Female/Tall/NormalWeight/Poses/f_tal_nrw_pinky_02_l_pose.uexp" 465
"G:/Projets Unreal en cours/ICAN_Backrooms/Content/MetaHumans/Common/Female/Tall/NormalWeight/Poses/f_tal_nrw_index_01_r_pose.uasset" 466
"G:/Projets Unreal en cours/ICAN_Backrooms/Content/MetaHumans/Common/Female/Tall/NormalWeight/Poses/f_tal_nrw_index_01_r_pose.uexp" 467
"G:/Projets Unreal en cours/ICAN_Backrooms/Content/MetaHumans/Common/Female/Tall/NormalWeight/Poses/f_tal_nrw_middle_03_r_pose.uasset" 468
"G:/Projets Unreal en cours/ICAN_Backrooms/Content/MetaHumans/Common/Female/Tall/NormalWeight/Poses/f_tal_nrw_middle_03_r_pose.uexp" 469
"G:/Projets Unreal en cours/ICAN_Backrooms/Content/MetaHumans/Common/Female/Tall/NormalWeight/Poses/f_tal_nrw_lowerarm_l_pose.uasset" 470
"G:/Projets Unreal en cours/ICAN_Backrooms/Content/MetaHumans/Common/Female/Tall/NormalWeight/Poses/f_tal_nrw_lowerarm_l_pose.uexp" 471
"G:/Projets Unreal en cours/ICAN_Backrooms/Content/MetaHumans/Common/Female/Tall/NormalWeight/Poses/f_tal_nrw_clavicle_r_pose.uasset" 472
"G:/Projets Unreal en cours/ICAN_Backrooms/Content/MetaHumans/Common/Female/Tall/NormalWeight/Poses/f_tal_nrw_clavicle_r_pose.uexp" 473
"G:/Projets Unreal en cours/ICAN_Backrooms/Content/MetaHumans/Common/Female/Tall/NormalWeight/Poses/f_tal_nrw_index_02_l_pose.uasset" 474
"G:/Projets Unreal en cours/ICAN_Backrooms/Content/MetaHumans/Common/Female/Tall/NormalWeight/Poses/f_tal_nrw_index_02_l_pose.uexp" 475
"G:/Projets Unreal en cours/ICAN_Backrooms/Content/MetaHumans/Common/Female/Tall/NormalWeight/Poses/f_tal_nrw_thigh_r_pose.uasset" 476
"G:/Projets Unreal en cours/ICAN_Backrooms/Content/MetaHumans/Common/Female/Tall/NormalWeight/Poses/f_tal_nrw_thigh_r_pose.uexp" 477
"G:/Projets Unreal en cours/ICAN_Backrooms/Content/MetaHumans/Common/Female/Tall/NormalWeight/Poses/f_tal_nrw_thumb_01_r_pose.uasset" 478
"G:/Projets Unreal en cours/ICAN_Backrooms/Content/MetaHumans/Common/Female/Tall/NormalWeight/Poses/f_tal_nrw_thumb_01_r_pose.uexp" 479
"../../../Engine/Plugins/Animation/ControlRig/Content/Controls/DefaultGizmoLibraryNormalized.uasset" 480
"../../../Engine/Plugins/Animation/ControlRig/Content/Controls/DefaultGizmoLibraryNormalized.uexp" 481
"G:/Projets Unreal en cours/ICAN_Backrooms/Content/MetaHumans/Common/Common/metahuman_proc_ControlRig.uasset" 482
"G:/Projets Unreal en cours/ICAN_Backrooms/Content/MetaHumans/Common/Common/metahuman_proc_ControlRig.uexp" 483
"G:/Projets Unreal en cours/ICAN_Backrooms/Content/MetaHumans/Common/Female/Tall/NormalWeight/Poses/f_tal_nrw_ring_01_l_pose.uasset" 484
"G:/Projets Unreal en cours/ICAN_Backrooms/Content/MetaHumans/Common/Female/Tall/NormalWeight/Poses/f_tal_nrw_ring_01_l_pose.uexp" 485
"G:/Projets Unreal en cours/ICAN_Backrooms/Content/MetaHumans/Common/Female/Tall/NormalWeight/Poses/f_tal_nrw_calf_l_pose.uasset" 486
"G:/Projets Unreal en cours/ICAN_Backrooms/Content/MetaHumans/Common/Female/Tall/NormalWeight/Poses/f_tal_nrw_calf_l_pose.uexp" 487
"G:/Projets Unreal en cours/ICAN_Backrooms/Content/MetaHumans/Common/Female/Tall/NormalWeight/Poses/f_tal_nrw_pinky_01_r_pose.uasset" 488
"G:/Projets Unreal en cours/ICAN_Backrooms/Content/MetaHumans/Common/Female/Tall/NormalWeight/Poses/f_tal_nrw_pinky_01_r_pose.uexp" 489
"G:/Projets Unreal en cours/ICAN_Backrooms/Content/MetaHumans/Common/Female/Tall/NormalWeight/Poses/f_tal_nrw_calf_r_pose.uasset" 490
"G:/Projets Unreal en cours/ICAN_Backrooms/Content/MetaHumans/Common/Female/Tall/NormalWeight/Poses/f_tal_nrw_calf_r_pose.uexp" 491
"G:/Projets Unreal en cours/ICAN_Backrooms/Content/MetaHumans/Common/Female/Tall/NormalWeight/Poses/f_tal_nrw_middle_01_l_pose.uasset" 492
"G:/Projets Unreal en cours/ICAN_Backrooms/Content/MetaHumans/Common/Female/Tall/NormalWeight/Poses/f_tal_nrw_middle_01_l_pose.uexp" 493
"G:/Projets Unreal en cours/ICAN_Backrooms/Content/MetaHumans/Common/Female/Tall/NormalWeight/Poses/f_tal_nrw_clavicle_l_pose.uasset" 494
"G:/Projets Unreal en cours/ICAN_Backrooms/Content/MetaHumans/Common/Female/Tall/NormalWeight/Poses/f_tal_nrw_clavicle_l_pose.uexp" 495
"G:/Projets Unreal en cours/ICAN_Backrooms/Content/MetaHumans/Common/Female/Tall/NormalWeight/Poses/f_tal_nrw_lowerarm_r_pose.uasset" 496
"G:/Projets Unreal en cours/ICAN_Backrooms/Content/MetaHumans/Common/Female/Tall/NormalWeight/Poses/f_tal_nrw_lowerarm_r_pose.uexp" 497
"G:/Projets Unreal en cours/ICAN_Backrooms/Content/MetaHumans/Common/Female/Tall/NormalWeight/Poses/f_tal_nrw_hand_r_pose.uasset" 498
"G:/Projets Unreal en cours/ICAN_Backrooms/Content/MetaHumans/Common/Female/Tall/NormalWeight/Poses/f_tal_nrw_hand_r_pose.uexp" 499
"G:/Projets Unreal en cours/ICAN_Backrooms/Content/MetaHumans/Common/Female/Tall/NormalWeight/Poses/f_tal_nrw_index_03_r_pose.uasset" 500
"G:/Projets Unreal en cours/ICAN_Backrooms/Content/MetaHumans/Common/Female/Tall/NormalWeight/Poses/f_tal_nrw_index_03_r_pose.uexp" 501
"G:/Projets Unreal en cours/ICAN_Backrooms/Content/MetaHumans/Common/Female/Tall/NormalWeight/Poses/f_tal_nrw_thumb_01_l_pose.uasset" 502
"G:/Projets Unreal en cours/ICAN_Backrooms/Content/MetaHumans/Common/Female/Tall/NormalWeight/Poses/f_tal_nrw_thumb_01_l_pose.uexp" 503
"G:/Projets Unreal en cours/ICAN_Backrooms/Content/MetaHumans/Common/Female/Tall/NormalWeight/Poses/f_tal_nrw_upperarm_r_pose.uasset" 504
"G:/Projets Unreal en cours/ICAN_Backrooms/Content/MetaHumans/Common/Female/Tall/NormalWeight/Poses/f_tal_nrw_upperarm_r_pose.uexp" 505
"G:/Projets Unreal en cours/ICAN_Backrooms/Content/MetaHumans/Common/Female/Tall/NormalWeight/Poses/f_tal_nrw_middle_02_r_pose.uasset" 506
"G:/Projets Unreal en cours/ICAN_Backrooms/Content/MetaHumans/Common/Female/Tall/NormalWeight/Poses/f_tal_nrw_middle_02_r_pose.uexp" 507
"G:/Projets Unreal en cours/ICAN_Backrooms/Content/MetaHumans/Common/Female/Tall/NormalWeight/Poses/f_tal_nrw_ring_03_l_pose.uasset" 508
"G:/Projets Unreal en cours/ICAN_Backrooms/Content/MetaHumans/Common/Female/Tall/NormalWeight/Poses/f_tal_nrw_ring_03_l_pose.uexp" 509
"G:/Projets Unreal en cours/ICAN_Backrooms/Content/MetaHumans/Common/Female/Tall/NormalWeight/Poses/f_tal_nrw_pinky_01_l_pose.uasset" 510
"G:/Projets Unreal en cours/ICAN_Backrooms/Content/MetaHumans/Common/Female/Tall/NormalWeight/Poses/f_tal_nrw_pinky_01_l_pose.uexp" 511
"G:/Projets Unreal en cours/ICAN_Backrooms/Content/MetaHumans/Common/Female/Tall/NormalWeight/Poses/f_tal_nrw_index_01_l_pose.uasset" 512
"G:/Projets Unreal en cours/ICAN_Backrooms/Content/MetaHumans/Common/Female/Tall/NormalWeight/Poses/f_tal_nrw_index_01_l_pose.uexp" 513
"G:/Projets Unreal en cours/ICAN_Backrooms/Content/MetaHumans/Common/Female/Tall/NormalWeight/Poses/f_tal_nrw_thigh_l_pose.uasset" 514
"G:/Projets Unreal en cours/ICAN_Backrooms/Content/MetaHumans/Common/Female/Tall/NormalWeight/Poses/f_tal_nrw_thigh_l_pose.uexp" 515
"G:/Projets Unreal en cours/ICAN_Backrooms/Content/MetaHumans/Common/Female/Tall/NormalWeight/Poses/f_tal_nrw_pinky_03_l_pose.uasset" 516
"G:/Projets Unreal en cours/ICAN_Backrooms/Content/MetaHumans/Common/Female/Tall/NormalWeight/Poses/f_tal_nrw_pinky_03_l_pose.uexp" 517
"G:/Projets Unreal en cours/ICAN_Backrooms/Content/MetaHumans/Common/Female/Tall/NormalWeight/Poses/f_tal_nrw_thumb_02_r_pose.uasset" 518
"G:/Projets Unreal en cours/ICAN_Backrooms/Content/MetaHumans/Common/Female/Tall/NormalWeight/Poses/f_tal_nrw_thumb_02_r_pose.uexp" 519
"G:/Projets Unreal en cours/ICAN_Backrooms/Content/MetaHumans/Common/Female/Tall/NormalWeight/Poses/f_tal_nrw_pinky_02_r_pose.uasset" 520
"G:/Projets Unreal en cours/ICAN_Backrooms/Content/MetaHumans/Common/Female/Tall/NormalWeight/Poses/f_tal_nrw_pinky_02_r_pose.uexp" 521
"G:/Projets Unreal en cours/ICAN_Backrooms/Content/MetaHumans/Common/Female/Tall/NormalWeight/Poses/f_tal_nrw_index_03_l_pose.uasset" 522
"G:/Projets Unreal en cours/ICAN_Backrooms/Content/MetaHumans/Common/Female/Tall/NormalWeight/Poses/f_tal_nrw_index_03_l_pose.uexp" 523
"G:/Projets Unreal en cours/ICAN_Backrooms/Content/MetaHumans/Common/Female/Tall/NormalWeight/Poses/f_tal_nrw_thumb_02_l_pose.uasset" 524
"G:/Projets Unreal en cours/ICAN_Backrooms/Content/MetaHumans/Common/Female/Tall/NormalWeight/Poses/f_tal_nrw_thumb_02_l_pose.uexp" 525
"G:/Projets Unreal en cours/ICAN_Backrooms/Content/MetaHumans/Common/Female/Tall/NormalWeight/Poses/f_tal_nrw_foot_r_pose.uasset" 526
"G:/Projets Unreal en cours/ICAN_Backrooms/Content/MetaHumans/Common/Female/Tall/NormalWeight/Poses/f_tal_nrw_foot_r_pose.uexp" 527
"G:/Projets Unreal en cours/ICAN_Backrooms/Content/MetaHumans/Common/Female/Tall/NormalWeight/Poses/f_tal_nrw_upperarm_l_pose.uasset" 528
"G:/Projets Unreal en cours/ICAN_Backrooms/Content/MetaHumans/Common/Female/Tall/NormalWeight/Poses/f_tal_nrw_upperarm_l_pose.uexp" 529
"G:/Projets Unreal en cours/ICAN_Backrooms/Content/MetaHumans/Common/Female/Tall/NormalWeight/Poses/f_tal_nrw_hand_l_pose.uasset" 530
"G:/Projets Unreal en cours/ICAN_Backrooms/Content/MetaHumans/Common/Female/Tall/NormalWeight/Poses/f_tal_nrw_hand_l_pose.uexp" 531
"G:/Projets Unreal en cours/ICAN_Backrooms/Content/MetaHumans/Common/Female/Tall/NormalWeight/Poses/f_tal_nrw_thumb_03_l_pose.uasset" 532
"G:/Projets Unreal en cours/ICAN_Backrooms/Content/MetaHumans/Common/Female/Tall/NormalWeight/Poses/f_tal_nrw_thumb_03_l_pose.uexp" 533
"G:/Projets Unreal en cours/ICAN_Backrooms/Content/MetaHumans/Common/Female/Tall/NormalWeight/Poses/f_tal_nrw_middle_03_l_pose.uasset" 534
"G:/Projets Unreal en cours/ICAN_Backrooms/Content/MetaHumans/Common/Female/Tall/NormalWeight/Poses/f_tal_nrw_middle_03_l_pose.uexp" 535
"G:/Projets Unreal en cours/ICAN_Backrooms/Content/MetaHumans/Common/Female/Tall/NormalWeight/Poses/f_tal_nrw_ring_02_l_pose.uasset" 536
"G:/Projets Unreal en cours/ICAN_Backrooms/Content/MetaHumans/Common/Female/Tall/NormalWeight/Poses/f_tal_nrw_ring_02_l_pose.uexp" 537
"G:/Projets Unreal en cours/ICAN_Backrooms/Content/MetaHumans/Common/Female/Tall/NormalWeight/Body/f_tal_nrw_animbp_High.uasset" 538
"G:/Projets Unreal en cours/ICAN_Backrooms/Content/MetaHumans/Common/Female/Tall/NormalWeight/Body/f_tal_nrw_animbp_High.uexp" 539
"G:/Projets Unreal en cours/ICAN_Backrooms/Content/MetaHumans/Female_MH/Body/f_tal_nrw_body.uasset" 540
"G:/Projets Unreal en cours/ICAN_Backrooms/Content/MetaHumans/Female_MH/Body/f_tal_nrw_body.uexp" 541
"G:/Projets Unreal en cours/ICAN_Backrooms/Content/MetaHumans/Female_MH/Materials/MI_Hair2.uasset" 542
"G:/Projets Unreal en cours/ICAN_Backrooms/Content/MetaHumans/Female_MH/Materials/MI_Hair2.uexp" 543
"G:/Projets Unreal en cours/ICAN_Backrooms/Content/MetaHumans/Common/Materials/MI_Hair_Cards.uasset" 544
"G:/Projets Unreal en cours/ICAN_Backrooms/Content/MetaHumans/Common/Materials/MI_Hair_Cards.uexp" 545
"G:/Projets Unreal en cours/ICAN_Backrooms/Content/MetaHumans/Female_MH/Materials/MI_Hair_Cards.uasset" 546
"G:/Projets Unreal en cours/ICAN_Backrooms/Content/MetaHumans/Female_MH/Materials/MI_Hair_Cards.uexp" 547
"G:/Projets Unreal en cours/ICAN_Backrooms/Content/MetaHumans/Common/Female/Tall/NormalWeight/Shoes/CasualSneakers/f_tal_nrw_shs_casualsneakers_PhysicsAsset.uasset" 548
"G:/Projets Unreal en cours/ICAN_Backrooms/Content/MetaHumans/Common/Female/Tall/NormalWeight/Shoes/CasualSneakers/f_tal_nrw_shs_casualsneakers_PhysicsAsset.uexp" 549
"G:/Projets Unreal en cours/ICAN_Backrooms/Content/MetaHumans/Common/Female/Medium/NormalWeight/Shoes/Flipflops/mh_flipflops_Skeleton.uasset" 550
"G:/Projets Unreal en cours/ICAN_Backrooms/Content/MetaHumans/Common/Female/Medium/NormalWeight/Shoes/Flipflops/mh_flipflops_Skeleton.uexp" 551
"G:/Projets Unreal en cours/ICAN_Backrooms/Content/MetaHumans/Common/Shared/Animation/CR_PlaceHolder.uasset" 552
"G:/Projets Unreal en cours/ICAN_Backrooms/Content/MetaHumans/Common/Shared/Animation/CR_PlaceHolder.uexp" 553
"G:/Projets Unreal en cours/ICAN_Backrooms/Content/MetaHumans/Common/Shared/Animation/ABP_Clothing_PostProcess.uasset" 554
"G:/Projets Unreal en cours/ICAN_Backrooms/Content/MetaHumans/Common/Shared/Animation/ABP_Clothing_PostProcess.uexp" 555
"G:/Projets Unreal en cours/ICAN_Backrooms/Content/MetaHumans/Common/Female/Medium/NormalWeight/Shoes/Flipflops/mh_flipflops_Skeleton_AnimBlueprint_High.uasset" 556
"G:/Projets Unreal en cours/ICAN_Backrooms/Content/MetaHumans/Common/Female/Medium/NormalWeight/Shoes/Flipflops/mh_flipflops_Skeleton_AnimBlueprint_High.uexp" 557
"G:/Projets Unreal en cours/ICAN_Backrooms/Content/MetaHumans/Common/Female/Tall/NormalWeight/Shoes/Flipflops/f_tal_nrw_shs_flipflops_High.uasset" 558
"G:/Projets Unreal en cours/ICAN_Backrooms/Content/MetaHumans/Common/Female/Tall/NormalWeight/Shoes/Flipflops/f_tal_nrw_shs_flipflops_High.uexp" 559
"G:/Projets Unreal en cours/ICAN_Backrooms/Content/MetaHumans/Female_MH/Body/Textures/T_Feet_Normal.ubulk" 560
"G:/Projets Unreal en cours/ICAN_Backrooms/Content/MetaHumans/Female_MH/Body/Textures/T_Feet_Normal.uasset" 561
"G:/Projets Unreal en cours/ICAN_Backrooms/Content/MetaHumans/Female_MH/Body/Textures/T_Feet_Normal.uexp" 562
"G:/Projets Unreal en cours/ICAN_Backrooms/Content/MetaHumans/Female_MH/Body/Textures/T_Feet_Specular.ubulk" 563
"G:/Projets Unreal en cours/ICAN_Backrooms/Content/MetaHumans/Female_MH/Body/Textures/T_Feet_Specular.uasset" 564
"G:/Projets Unreal en cours/ICAN_Backrooms/Content/MetaHumans/Female_MH/Body/Textures/T_Feet_Specular.uexp" 565
"G:/Projets Unreal en cours/ICAN_Backrooms/Content/MetaHumans/Common/Shared/Materials/M_MetaHumanFabric_Simplified.uasset" 566
"G:/Projets Unreal en cours/ICAN_Backrooms/Content/MetaHumans/Common/Shared/Materials/M_MetaHumanFabric_Simplified.uexp" 567
"G:/Projets Unreal en cours/ICAN_Backrooms/Content/MetaHumans/Common/Shared/Materials/MI_Fabric_Feet_Simplified.uasset" 568
"G:/Projets Unreal en cours/ICAN_Backrooms/Content/MetaHumans/Common/Shared/Materials/MI_Fabric_Feet_Simplified.uexp" 569
"G:/Projets Unreal en cours/ICAN_Backrooms/Content/MetaHumans/Female_MH/Body/Textures/T_Feet_BaseColor.ubulk" 570
"G:/Projets Unreal en cours/ICAN_Backrooms/Content/MetaHumans/Female_MH/Body/Textures/T_Feet_BaseColor.uasset" 571
"G:/Projets Unreal en cours/ICAN_Backrooms/Content/MetaHumans/Female_MH/Body/Textures/T_Feet_BaseColor.uexp" 572
"G:/Projets Unreal en cours/ICAN_Backrooms/Content/MetaHumans/Female_MH/Shared/Materials/MI_Fabric_Feet_Simplified.uasset" 573
"G:/Projets Unreal en cours/ICAN_Backrooms/Content/MetaHumans/Female_MH/Shared/Materials/MI_Fabric_Feet_Simplified.uexp" 574
"G:/Projets Unreal en cours/ICAN_Backrooms/Content/MetaHumans/Female_MH/MaleHair/Hair/Eyelashes_S_Thin.ubulk" 575
"G:/Projets Unreal en cours/ICAN_Backrooms/Content/MetaHumans/Female_MH/MaleHair/Hair/Eyelashes_S_Thin.uasset" 576
"G:/Projets Unreal en cours/ICAN_Backrooms/Content/MetaHumans/Female_MH/MaleHair/Hair/Eyelashes_S_Thin.uexp" 577
"G:/Projets Unreal en cours/ICAN_Backrooms/Content/MetaHumans/Female_MH/MaleHair/GroomBinding/Eyelashes_S_Thin_Binding.ubulk" 578
"G:/Projets Unreal en cours/ICAN_Backrooms/Content/MetaHumans/Female_MH/MaleHair/GroomBinding/Eyelashes_S_Thin_Binding.uasset" 579
"G:/Projets Unreal en cours/ICAN_Backrooms/Content/MetaHumans/Female_MH/MaleHair/GroomBinding/Eyelashes_S_Thin_Binding.uexp" 580
"G:/Projets Unreal en cours/ICAN_Backrooms/Content/MetaHumans/Female_MH/FemaleHair/Hair/Hair_S_Updo_CardsMesh_Group1_LOD1.ubulk" 581
"G:/Projets Unreal en cours/ICAN_Backrooms/Content/MetaHumans/Female_MH/FemaleHair/Hair/Hair_S_Updo_CardsMesh_Group1_LOD1.uasset" 582
"G:/Projets Unreal en cours/ICAN_Backrooms/Content/MetaHumans/Female_MH/FemaleHair/Hair/Hair_S_Updo_CardsMesh_Group1_LOD1.uexp" 583
"G:/Projets Unreal en cours/ICAN_Backrooms/Content/MetaHumans/Female_MH/FemaleHair/Helmets/Hair_S_Updo_Helmet_LOD5.ubulk" 584
"G:/Projets Unreal en cours/ICAN_Backrooms/Content/MetaHumans/Female_MH/FemaleHair/Helmets/Hair_S_Updo_Helmet_LOD5.uasset" 585
"G:/Projets Unreal en cours/ICAN_Backrooms/Content/MetaHumans/Female_MH/FemaleHair/Helmets/Hair_S_Updo_Helmet_LOD5.uexp" 586
"G:/Projets Unreal en cours/ICAN_Backrooms/Content/MetaHumans/Common/FemaleHair/Textures/Hair_S_Updo_CardsAtlas_Attribute.ubulk" 587
"G:/Projets Unreal en cours/ICAN_Backrooms/Content/MetaHumans/Common/FemaleHair/Textures/Hair_S_Updo_CardsAtlas_Attribute.uasset" 588
"G:/Projets Unreal en cours/ICAN_Backrooms/Content/MetaHumans/Common/FemaleHair/Textures/Hair_S_Updo_CardsAtlas_Attribute.uexp" 589
"G:/Projets Unreal en cours/ICAN_Backrooms/Content/MetaHumans/Female_MH/FemaleHair/Hair/Hair_S_Updo_CardsMesh_Group0_LOD1.ubulk" 590
"G:/Projets Unreal en cours/ICAN_Backrooms/Content/MetaHumans/Female_MH/FemaleHair/Hair/Hair_S_Updo_CardsMesh_Group0_LOD1.uasset" 591
"G:/Projets Unreal en cours/ICAN_Backrooms/Content/MetaHumans/Female_MH/FemaleHair/Hair/Hair_S_Updo_CardsMesh_Group0_LOD1.uexp" 592
"G:/Projets Unreal en cours/ICAN_Backrooms/Content/MetaHumans/Common/FemaleHair/Textures/Hair_S_Updo_CardsAtlas_Tangent.ubulk" 593
"G:/Projets Unreal en cours/ICAN_Backrooms/Content/MetaHumans/Common/FemaleHair/Textures/Hair_S_Updo_CardsAtlas_Tangent.uasset" 594
"G:/Projets Unreal en cours/ICAN_Backrooms/Content/MetaHumans/Common/FemaleHair/Textures/Hair_S_Updo_CardsAtlas_Tangent.uexp" 595
"G:/Projets Unreal en cours/ICAN_Backrooms/Content/MetaHumans/Female_MH/FemaleHair/Hair/Hair_S_Updo_CardsMesh_Group0_LOD3.ubulk" 596
"G:/Projets Unreal en cours/ICAN_Backrooms/Content/MetaHumans/Female_MH/FemaleHair/Hair/Hair_S_Updo_CardsMesh_Group0_LOD3.uasset" 597
"G:/Projets Unreal en cours/ICAN_Backrooms/Content/MetaHumans/Female_MH/FemaleHair/Hair/Hair_S_Updo_CardsMesh_Group0_LOD3.uexp" 598
"G:/Projets Unreal en cours/ICAN_Backrooms/Content/MetaHumans/Common/FemaleHair/Textures/Helmets/Hair_S_Updo_ColorXYDepthGroupID.ubulk" 599
"G:/Projets Unreal en cours/ICAN_Backrooms/Content/MetaHumans/Common/FemaleHair/Textures/Helmets/Hair_S_Updo_ColorXYDepthGroupID.uasset" 600
"G:/Projets Unreal en cours/ICAN_Backrooms/Content/MetaHumans/Common/FemaleHair/Textures/Helmets/Hair_S_Updo_ColorXYDepthGroupID.uexp" 601
"G:/Projets Unreal en cours/ICAN_Backrooms/Content/MetaHumans/Female_MH/FemaleHair/Helmets/Hair_S_Updo_Helmet_LOD7.ubulk" 602
"G:/Projets Unreal en cours/ICAN_Backrooms/Content/MetaHumans/Female_MH/FemaleHair/Helmets/Hair_S_Updo_Helmet_LOD7.uasset" 603
"G:/Projets Unreal en cours/ICAN_Backrooms/Content/MetaHumans/Female_MH/FemaleHair/Helmets/Hair_S_Updo_Helmet_LOD7.uexp" 604
"G:/Projets Unreal en cours/ICAN_Backrooms/Content/MetaHumans/Female_MH/FemaleHair/Hair/Hair_S_Updo_CardsMesh_Group1_LOD3.ubulk" 605
"G:/Projets Unreal en cours/ICAN_Backrooms/Content/MetaHumans/Female_MH/FemaleHair/Hair/Hair_S_Updo_CardsMesh_Group1_LOD3.uasset" 606
"G:/Projets Unreal en cours/ICAN_Backrooms/Content/MetaHumans/Female_MH/FemaleHair/Hair/Hair_S_Updo_CardsMesh_Group1_LOD3.uexp" 607
"G:/Projets Unreal en cours/ICAN_Backrooms/Content/MetaHumans/Common/FemaleHair/Textures/Helmets/Hair_S_Updo_TangentStrandU.ubulk" 608
"G:/Projets Unreal en cours/ICAN_Backrooms/Content/MetaHumans/Common/FemaleHair/Textures/Helmets/Hair_S_Updo_TangentStrandU.uasset" 609
"G:/Projets Unreal en cours/ICAN_Backrooms/Content/MetaHumans/Common/FemaleHair/Textures/Helmets/Hair_S_Updo_TangentStrandU.uexp" 610
"G:/Projets Unreal en cours/ICAN_Backrooms/Content/MetaHumans/Common/FemaleHair/Textures/Helmets/Hair_S_Updo_RootUVSeedCoverage.ubulk" 611
"G:/Projets Unreal en cours/ICAN_Backrooms/Content/MetaHumans/Common/FemaleHair/Textures/Helmets/Hair_S_Updo_RootUVSeedCoverage.uasset" 612
"G:/Projets Unreal en cours/ICAN_Backrooms/Content/MetaHumans/Common/FemaleHair/Textures/Helmets/Hair_S_Updo_RootUVSeedCoverage.uexp" 613
"G:/Projets Unreal en cours/ICAN_Backrooms/Content/MetaHumans/Female_MH/FemaleHair/Hair/Hair_S_Updo.ubulk" 614
"G:/Projets Unreal en cours/ICAN_Backrooms/Content/MetaHumans/Female_MH/FemaleHair/Hair/Hair_S_Updo.uasset" 615
"G:/Projets Unreal en cours/ICAN_Backrooms/Content/MetaHumans/Female_MH/FemaleHair/Hair/Hair_S_Updo.uexp" 616
"G:/Projets Unreal en cours/ICAN_Backrooms/Content/MetaHumans/Female_MH/FemaleHair/GroomBinding/Hair_S_Updo_Binding.ubulk" 617
"G:/Projets Unreal en cours/ICAN_Backrooms/Content/MetaHumans/Female_MH/FemaleHair/GroomBinding/Hair_S_Updo_Binding.uasset" 618
"G:/Projets Unreal en cours/ICAN_Backrooms/Content/MetaHumans/Female_MH/FemaleHair/GroomBinding/Hair_S_Updo_Binding.uexp" 619
"G:/Projets Unreal en cours/ICAN_Backrooms/Content/MetaHumans/Common/Common/Mocap/mh_arkit_mapping_pose.uasset" 620
"G:/Projets Unreal en cours/ICAN_Backrooms/Content/MetaHumans/Common/Common/Mocap/mh_arkit_mapping_pose.uexp" 621
"G:/Projets Unreal en cours/ICAN_Backrooms/Content/MetaHumans/Common/Face/Face_AnimBP.uasset" 622
"G:/Projets Unreal en cours/ICAN_Backrooms/Content/MetaHumans/Common/Face/Face_AnimBP.uexp" 623
"G:/Projets Unreal en cours/ICAN_Backrooms/Content/MetaHumans/Female_MH/Materials/MI_Facial_Hair.uasset" 624
"G:/Projets Unreal en cours/ICAN_Backrooms/Content/MetaHumans/Female_MH/Materials/MI_Facial_Hair.uexp" 625
"G:/Projets Unreal en cours/ICAN_Backrooms/Content/MetaHumans/Female_MH/BP_Female_MH.uasset" 626
"G:/Projets Unreal en cours/ICAN_Backrooms/Content/MetaHumans/Female_MH/BP_Female_MH.uexp" 627
"G:/Projets Unreal en cours/ICAN_Backrooms/Content/MATERIAL/TILES/TEST/Tiles010_2K-JPG_Roughness.ubulk" 628
"G:/Projets Unreal en cours/ICAN_Backrooms/Content/MATERIAL/TILES/TEST/Tiles010_2K-JPG_Roughness.uasset" 629
"G:/Projets Unreal en cours/ICAN_Backrooms/Content/MATERIAL/TILES/TEST/Tiles010_2K-JPG_Roughness.uexp" 630
"G:/Projets Unreal en cours/ICAN_Backrooms/Content/MATERIAL/TILES/TEST/Tiles010_2K-JPG_NormalDX.ubulk" 631
"G:/Projets Unreal en cours/ICAN_Backrooms/Content/MATERIAL/TILES/TEST/Tiles010_2K-JPG_NormalDX.uasset" 632
"G:/Projets Unreal en cours/ICAN_Backrooms/Content/MATERIAL/TILES/TEST/Tiles010_2K-JPG_NormalDX.uexp" 633
"G:/Projets Unreal en cours/ICAN_Backrooms/Content/MATERIAL/TILES/TEST/Tiles010_2K-JPG_AmbientOcclusion.ubulk" 634
"G:/Projets Unreal en cours/ICAN_Backrooms/Content/MATERIAL/TILES/TEST/Tiles010_2K-JPG_AmbientOcclusion.uasset" 635
"G:/Projets Unreal en cours/ICAN_Backrooms/Content/MATERIAL/TILES/TEST/Tiles010_2K-JPG_AmbientOcclusion.uexp" 636
"G:/Projets Unreal en cours/ICAN_Backrooms/Content/MATERIAL/TILES/TEST/Tiles010_2K-JPG_Color.ubulk" 637
"G:/Projets Unreal en cours/ICAN_Backrooms/Content/MATERIAL/TILES/TEST/Tiles010_2K-JPG_Color.uasset" 638
"G:/Projets Unreal en cours/ICAN_Backrooms/Content/MATERIAL/TILES/TEST/Tiles010_2K-JPG_Color.uexp" 639
"G:/Projets Unreal en cours/ICAN_Backrooms/Content/MATERIAL/TILES/TEST/Tiles010_2K-JPG_Color_Mat.uasset" 640
"G:/Projets Unreal en cours/ICAN_Backrooms/Content/MATERIAL/TILES/TEST/Tiles010_2K-JPG_Color_Mat.uexp" 641
"../../../Engine/Content/EngineMaterials/DefaultMaterial.uasset" 642
"../../../Engine/Content/EngineMaterials/DefaultMaterial.uexp" 643
"../../../Engine/Content/BasicShapes/Sphere.ubulk" 644
"../../../Engine/Content/BasicShapes/Sphere.uasset" 645
"../../../Engine/Content/BasicShapes/Sphere.uexp" 646
"G:/Projets Unreal en cours/ICAN_Backrooms/Content/Input/IA_Interact.uasset" 647
"G:/Projets Unreal en cours/ICAN_Backrooms/Content/Input/IA_Interact.uexp" 648
"G:/Projets Unreal en cours/ICAN_Backrooms/Content/Input/IA_Look.uasset" 649
"G:/Projets Unreal en cours/ICAN_Backrooms/Content/Input/IA_Look.uexp" 650
"G:/Projets Unreal en cours/ICAN_Backrooms/Content/Input/IA_Move_WorldSpace.uasset" 651
"G:/Projets Unreal en cours/ICAN_Backrooms/Content/Input/IA_Move_WorldSpace.uexp" 652
"G:/Projets Unreal en cours/ICAN_Backrooms/Content/Input/IA_Jump.uasset" 653
"G:/Projets Unreal en cours/ICAN_Backrooms/Content/Input/IA_Jump.uexp" 654
"G:/Projets Unreal en cours/ICAN_Backrooms/Content/Blueprints/Cameras/E_CameraMode.uasset" 655
"G:/Projets Unreal en cours/ICAN_Backrooms/Content/Blueprints/Cameras/E_CameraMode.uexp" 656
"G:/Projets Unreal en cours/ICAN_Backrooms/Content/Blueprints/Data/E_Stance.uasset" 657
"G:/Projets Unreal en cours/ICAN_Backrooms/Content/Blueprints/Data/E_Stance.uexp" 658
"G:/Projets Unreal en cours/ICAN_Backrooms/Content/Blueprints/Cameras/E_CameraStyle.uasset" 659
"G:/Projets Unreal en cours/ICAN_Backrooms/Content/Blueprints/Cameras/E_CameraStyle.uexp" 660
"G:/Projets Unreal en cours/ICAN_Backrooms/Content/Blueprints/Cameras/S_CharacterPropertiesForCamera.uasset" 661
"G:/Projets Unreal en cours/ICAN_Backrooms/Content/Blueprints/Cameras/S_CharacterPropertiesForCamera.uexp" 662
"G:/Projets Unreal en cours/ICAN_Backrooms/Content/Blueprints/Cameras/BPI_GameplayCamera.uasset" 663
"G:/Projets Unreal en cours/ICAN_Backrooms/Content/Blueprints/Cameras/BPI_GameplayCamera.uexp" 664
"G:/Projets Unreal en cours/ICAN_Backrooms/Content/Blueprints/Cameras/CameraDirector_SandboxCharacter.uasset" 665
"G:/Projets Unreal en cours/ICAN_Backrooms/Content/Blueprints/Cameras/CameraDirector_SandboxCharacter.uexp" 666
"G:/Projets Unreal en cours/ICAN_Backrooms/Content/Blueprints/Cameras/CameraRigPrefab_BasicThirdPersonBehavior.uasset" 667
"G:/Projets Unreal en cours/ICAN_Backrooms/Content/Blueprints/Cameras/CameraRigPrefab_BasicThirdPersonBehavior.uexp" 668
"G:/Projets Unreal en cours/ICAN_Backrooms/Content/Blueprints/Cameras/CameraAsset_SandboxCharacter.uasset" 669
"G:/Projets Unreal en cours/ICAN_Backrooms/Content/Blueprints/Cameras/CameraAsset_SandboxCharacter.uexp" 670
"G:/Projets Unreal en cours/ICAN_Backrooms/Content/Blueprints/Data/Curve_StrafeSpeedMap.uasset" 671
"G:/Projets Unreal en cours/ICAN_Backrooms/Content/Blueprints/Data/Curve_StrafeSpeedMap.uexp" 672
"G:/Projets Unreal en cours/ICAN_Backrooms/Content/Blueprints/Cameras/CameraRig_BaseDefaults.uasset" 673
"G:/Projets Unreal en cours/ICAN_Backrooms/Content/Blueprints/Cameras/CameraRig_BaseDefaults.uexp" 674
"G:/Projets Unreal en cours/ICAN_Backrooms/Content/Audio/Foley/DABP_FoleyAudioBank.uasset" 675
"G:/Projets Unreal en cours/ICAN_Backrooms/Content/Audio/Foley/DABP_FoleyAudioBank.uexp" 676
"G:/Projets Unreal en cours/ICAN_Backrooms/Content/Input/IA_Look_Gamepad.uasset" 677
"G:/Projets Unreal en cours/ICAN_Backrooms/Content/Input/IA_Look_Gamepad.uexp" 678
"G:/Projets Unreal en cours/ICAN_Backrooms/Content/Input/IA_Walk.uasset" 679
"G:/Projets Unreal en cours/ICAN_Backrooms/Content/Input/IA_Walk.uexp" 680
"G:/Projets Unreal en cours/ICAN_Backrooms/Content/Blueprints/Data/E_TraversalActionType.uasset" 681
"G:/Projets Unreal en cours/ICAN_Backrooms/Content/Blueprints/Data/E_TraversalActionType.uexp" 682
"G:/Projets Unreal en cours/ICAN_Backrooms/Content/Blueprints/Data/S_TraversalChooserOutputs.uasset" 683
"G:/Projets Unreal en cours/ICAN_Backrooms/Content/Blueprints/Data/S_TraversalChooserOutputs.uexp" 684
"G:/Projets Unreal en cours/ICAN_Backrooms/Content/Blueprints/Data/E_AnalogStickBehavior.uasset" 685
"G:/Projets Unreal en cours/ICAN_Backrooms/Content/Blueprints/Data/E_AnalogStickBehavior.uexp" 686
"G:/Projets Unreal en cours/ICAN_Backrooms/Content/Blueprints/Data/BPI_InteractionTransform.uasset" 687
"G:/Projets Unreal en cours/ICAN_Backrooms/Content/Blueprints/Data/BPI_InteractionTransform.uexp" 688
"../../../Engine/Content/VREditor/Sounds/UI/Object_Snaps_To_Another_Actor.ubulk" 689
"../../../Engine/Content/VREditor/Sounds/UI/Object_Snaps_To_Another_Actor.uasset" 690
"../../../Engine/Content/VREditor/Sounds/UI/Object_Snaps_To_Another_Actor.uexp" 691
"G:/Projets Unreal en cours/ICAN_Backrooms/Content/Input/IA_Strafe.uasset" 692
"G:/Projets Unreal en cours/ICAN_Backrooms/Content/Input/IA_Strafe.uexp" 693
"G:/Projets Unreal en cours/ICAN_Backrooms/Content/PP_HealthVignette.uasset" 694
"G:/Projets Unreal en cours/ICAN_Backrooms/Content/PP_HealthVignette.uexp" 695
"G:/Projets Unreal en cours/ICAN_Backrooms/Content/Characters/UEFN_Mannequin/Rigs/PA_UEFN_Mannequin.uasset" 696
"G:/Projets Unreal en cours/ICAN_Backrooms/Content/Characters/UEFN_Mannequin/Rigs/PA_UEFN_Mannequin.uexp" 697
"G:/Projets Unreal en cours/ICAN_Backrooms/Content/Characters/UEFN_Mannequin/Textures/T_UEFN_Mannequin_N.ubulk" 698
"G:/Projets Unreal en cours/ICAN_Backrooms/Content/Characters/UEFN_Mannequin/Textures/T_UEFN_Mannequin_N.uasset" 699
"G:/Projets Unreal en cours/ICAN_Backrooms/Content/Characters/UEFN_Mannequin/Textures/T_UEFN_Mannequin_N.uexp" 700
"G:/Projets Unreal en cours/ICAN_Backrooms/Content/Characters/UEFN_Mannequin/Textures/T_UEFN_Mannequin_D.ubulk" 701
"G:/Projets Unreal en cours/ICAN_Backrooms/Content/Characters/UEFN_Mannequin/Textures/T_UEFN_Mannequin_D.uasset" 702
"G:/Projets Unreal en cours/ICAN_Backrooms/Content/Characters/UEFN_Mannequin/Textures/T_UEFN_Mannequin_D.uexp" 703
"G:/Projets Unreal en cours/ICAN_Backrooms/Content/Characters/UEFN_Mannequin/Materials/M_UEFN_Mannequin.uasset" 704
"G:/Projets Unreal en cours/ICAN_Backrooms/Content/Characters/UEFN_Mannequin/Materials/M_UEFN_Mannequin.uexp" 705
"G:/Projets Unreal en cours/ICAN_Backrooms/Content/Characters/UEFN_Mannequin/Meshes/SK_UEFN_Mannequin.uasset" 706
"G:/Projets Unreal en cours/ICAN_Backrooms/Content/Characters/UEFN_Mannequin/Meshes/SK_UEFN_Mannequin.uexp" 707
"G:/Projets Unreal en cours/ICAN_Backrooms/Content/Characters/UEFN_Mannequin/Rigs/ABP_UEFN_Mannequin_PostProcess.uasset" 708
"G:/Projets Unreal en cours/ICAN_Backrooms/Content/Characters/UEFN_Mannequin/Rigs/ABP_UEFN_Mannequin_PostProcess.uexp" 709
"G:/Projets Unreal en cours/ICAN_Backrooms/Content/Characters/UEFN_Mannequin/Meshes/SKM_UEFN_Mannequin.uasset" 710
"G:/Projets Unreal en cours/ICAN_Backrooms/Content/Characters/UEFN_Mannequin/Meshes/SKM_UEFN_Mannequin.uexp" 711
"G:/Projets Unreal en cours/ICAN_Backrooms/Content/Input/IA_Crouch.uasset" 712
"G:/Projets Unreal en cours/ICAN_Backrooms/Content/Input/IA_Crouch.uexp" 713
"G:/Projets Unreal en cours/ICAN_Backrooms/Content/Blueprints/Data/S_TraversalCheckInputs.uasset" 714
"G:/Projets Unreal en cours/ICAN_Backrooms/Content/Blueprints/Data/S_TraversalCheckInputs.uexp" 715
"G:/Projets Unreal en cours/ICAN_Backrooms/Content/Blueprints/Data/E_Gait.uasset" 716
"G:/Projets Unreal en cours/ICAN_Backrooms/Content/Blueprints/Data/E_Gait.uexp" 717
"G:/Projets Unreal en cours/ICAN_Backrooms/Content/Blueprints/Data/S_TraversalChooserInputs.uasset" 718
"G:/Projets Unreal en cours/ICAN_Backrooms/Content/Blueprints/Data/S_TraversalChooserInputs.uexp" 719
"../../../Engine/Content/BasicShapes/Cube.ubulk" 720
"../../../Engine/Content/BasicShapes/Cube.uasset" 721
"../../../Engine/Content/BasicShapes/Cube.uexp" 722
"G:/Projets Unreal en cours/ICAN_Backrooms/Content/LevelPrototyping/Materials/M_Solid.uasset" 723
"G:/Projets Unreal en cours/ICAN_Backrooms/Content/LevelPrototyping/Materials/M_Solid.uexp" 724
"G:/Projets Unreal en cours/ICAN_Backrooms/Content/LevelPrototyping/Materials/MI_Solid_Blue.uasset" 725
"G:/Projets Unreal en cours/ICAN_Backrooms/Content/LevelPrototyping/Materials/MI_Solid_Blue.uexp" 726
"../../../Engine/Content/BasicShapes/Cylinder.ubulk" 727
"../../../Engine/Content/BasicShapes/Cylinder.uasset" 728
"../../../Engine/Content/BasicShapes/Cylinder.uexp" 729
"G:/Projets Unreal en cours/ICAN_Backrooms/Content/LevelPrototyping/Teleporter_Sender.uasset" 730
"G:/Projets Unreal en cours/ICAN_Backrooms/Content/LevelPrototyping/Teleporter_Sender.uexp" 731
"G:/Projets Unreal en cours/ICAN_Backrooms/Content/LevelPrototyping/Teleporter_Destination.uasset" 732
"G:/Projets Unreal en cours/ICAN_Backrooms/Content/LevelPrototyping/Teleporter_Destination.uexp" 733
"G:/Projets Unreal en cours/ICAN_Backrooms/Content/LevelPrototyping/LevelButton.uasset" 734
"G:/Projets Unreal en cours/ICAN_Backrooms/Content/LevelPrototyping/LevelButton.uexp" 735
"../../../Engine/Content/EngineMaterials/DefaultDiffuse.ubulk" 736
"../../../Engine/Content/EngineMaterials/DefaultDiffuse.uasset" 737
"../../../Engine/Content/EngineMaterials/DefaultDiffuse.uexp" 738
"G:/Projets Unreal en cours/ICAN_Backrooms/Content/LevelPrototyping/Textures/T_Hologrid.ubulk" 739
"G:/Projets Unreal en cours/ICAN_Backrooms/Content/LevelPrototyping/Textures/T_Hologrid.uasset" 740
"G:/Projets Unreal en cours/ICAN_Backrooms/Content/LevelPrototyping/Textures/T_Hologrid.uexp" 741
"../../../Engine/Content/Functions/Engine_MaterialFunctions01/Texturing/WorldAlignedTexture.uasset" 742
"../../../Engine/Content/Functions/Engine_MaterialFunctions01/Texturing/WorldAlignedTexture.uexp" 743
"G:/Projets Unreal en cours/ICAN_Backrooms/Content/LevelPrototyping/Materials/MF_ObjectAlignedTexture.uasset" 744
"G:/Projets Unreal en cours/ICAN_Backrooms/Content/LevelPrototyping/Materials/MF_ObjectAlignedTexture.uexp" 745
"G:/Projets Unreal en cours/ICAN_Backrooms/Content/LevelPrototyping/Textures/T_Grid_Crosses.ubulk" 746
"G:/Projets Unreal en cours/ICAN_Backrooms/Content/LevelPrototyping/Textures/T_Grid_Crosses.uasset" 747
"G:/Projets Unreal en cours/ICAN_Backrooms/Content/LevelPrototyping/Textures/T_Grid_Crosses.uexp" 748
"G:/Projets Unreal en cours/ICAN_Backrooms/Content/LevelPrototyping/Textures/T_Paint_Glossiness.ubulk" 749
"G:/Projets Unreal en cours/ICAN_Backrooms/Content/LevelPrototyping/Textures/T_Paint_Glossiness.uasset" 750
"G:/Projets Unreal en cours/ICAN_Backrooms/Content/LevelPrototyping/Textures/T_Paint_Glossiness.uexp" 751
"G:/Projets Unreal en cours/ICAN_Backrooms/Content/LevelPrototyping/Textures/T_Paint_Diffuse.ubulk" 752
"G:/Projets Unreal en cours/ICAN_Backrooms/Content/LevelPrototyping/Textures/T_Paint_Diffuse.uasset" 753
"G:/Projets Unreal en cours/ICAN_Backrooms/Content/LevelPrototyping/Textures/T_Paint_Diffuse.uexp" 754
"G:/Projets Unreal en cours/ICAN_Backrooms/Content/LevelPrototyping/Textures/T_Paint_Normal.ubulk" 755
"G:/Projets Unreal en cours/ICAN_Backrooms/Content/LevelPrototyping/Textures/T_Paint_Normal.uasset" 756
"G:/Projets Unreal en cours/ICAN_Backrooms/Content/LevelPrototyping/Textures/T_Paint_Normal.uexp" 757
"G:/Projets Unreal en cours/ICAN_Backrooms/Content/LevelPrototyping/Materials/M_Grid.uasset" 758
"G:/Projets Unreal en cours/ICAN_Backrooms/Content/LevelPrototyping/Materials/M_Grid.uexp" 759
"G:/Projets Unreal en cours/ICAN_Backrooms/Content/LevelPrototyping/Meshes/SM_Cube.ubulk" 760
"G:/Projets Unreal en cours/ICAN_Backrooms/Content/LevelPrototyping/Meshes/SM_Cube.uasset" 761
"G:/Projets Unreal en cours/ICAN_Backrooms/Content/LevelPrototyping/Meshes/SM_Cube.uexp" 762
"G:/Projets Unreal en cours/ICAN_Backrooms/Content/LevelPrototyping/Data/S_GridMaterialParams.uasset" 763
"G:/Projets Unreal en cours/ICAN_Backrooms/Content/LevelPrototyping/Data/S_GridMaterialParams.uexp" 764
"G:/Projets Unreal en cours/ICAN_Backrooms/Content/LevelPrototyping/Textures/T_sky_01_8k.uasset" 765
"G:/Projets Unreal en cours/ICAN_Backrooms/Content/LevelPrototyping/Textures/T_sky_01_8k.uexp" 766
"G:/Projets Unreal en cours/ICAN_Backrooms/Content/LevelPrototyping/Textures/T_Unreal_Logo.ubulk" 767
"G:/Projets Unreal en cours/ICAN_Backrooms/Content/LevelPrototyping/Textures/T_Unreal_Logo.uasset" 768
"G:/Projets Unreal en cours/ICAN_Backrooms/Content/LevelPrototyping/Textures/T_Unreal_Logo.uexp" 769
"G:/Projets Unreal en cours/ICAN_Backrooms/Content/LevelPrototyping/Textures/T_Game_Animation_Sample_Version.ubulk" 770
"G:/Projets Unreal en cours/ICAN_Backrooms/Content/LevelPrototyping/Textures/T_Game_Animation_Sample_Version.uasset" 771
"G:/Projets Unreal en cours/ICAN_Backrooms/Content/LevelPrototyping/Textures/T_Game_Animation_Sample_Version.uexp" 772
"../../../Engine/Content/Functions/Engine_MaterialFunctions01/Texturing/UVCropping.uasset" 773
"../../../Engine/Content/Functions/Engine_MaterialFunctions01/Texturing/UVCropping.uexp" 774
"../../../Engine/Content/Functions/Engine_MaterialFunctions01/Texturing/ScaleUVsAroundPoint.uasset" 775
"../../../Engine/Content/Functions/Engine_MaterialFunctions01/Texturing/ScaleUVsAroundPoint.uexp" 776
"G:/Projets Unreal en cours/ICAN_Backrooms/Content/LevelPrototyping/Textures/T_Game_Animation_Sample_Text.ubulk" 777
"G:/Projets Unreal en cours/ICAN_Backrooms/Content/LevelPrototyping/Textures/T_Game_Animation_Sample_Text.uasset" 778
"G:/Projets Unreal en cours/ICAN_Backrooms/Content/LevelPrototyping/Textures/T_Game_Animation_Sample_Text.uexp" 779
"G:/Projets Unreal en cours/ICAN_Backrooms/Content/LevelPrototyping/Materials/Decal_ProjectLogo.uasset" 780
"G:/Projets Unreal en cours/ICAN_Backrooms/Content/LevelPrototyping/Materials/Decal_ProjectLogo.uexp" 781
"G:/Projets Unreal en cours/ICAN_Backrooms/Content/LevelPrototyping/Data/S_LevelStyle.uasset" 782
"G:/Projets Unreal en cours/ICAN_Backrooms/Content/LevelPrototyping/Data/S_LevelStyle.uexp" 783
"G:/Projets Unreal en cours/ICAN_Backrooms/Content/LevelPrototyping/LevelVisuals.uasset" 784
"G:/Projets Unreal en cours/ICAN_Backrooms/Content/LevelPrototyping/LevelVisuals.uexp" 785
"G:/Projets Unreal en cours/ICAN_Backrooms/Content/LevelPrototyping/LevelBlock.uasset" 786
"G:/Projets Unreal en cours/ICAN_Backrooms/Content/LevelPrototyping/LevelBlock.uexp" 787
"G:/Projets Unreal en cours/ICAN_Backrooms/Content/Blueprints/Data/S_TraversalCheckResult.uasset" 788
"G:/Projets Unreal en cours/ICAN_Backrooms/Content/Blueprints/Data/S_TraversalCheckResult.uexp" 789
"G:/Projets Unreal en cours/ICAN_Backrooms/Content/LevelPrototyping/LevelBlock_Traversable.uasset" 790
"G:/Projets Unreal en cours/ICAN_Backrooms/Content/LevelPrototyping/LevelBlock_Traversable.uexp" 791
"G:/Projets Unreal en cours/ICAN_Backrooms/Content/Audio/Foley/I_FoleyAudioBankInterface.uasset" 792
"G:/Projets Unreal en cours/ICAN_Backrooms/Content/Audio/Foley/I_FoleyAudioBankInterface.uexp" 793
"G:/Projets Unreal en cours/ICAN_Backrooms/Content/Blueprints/Data/CharacterInputState.uasset" 794
"G:/Projets Unreal en cours/ICAN_Backrooms/Content/Blueprints/Data/CharacterInputState.uexp" 795
"G:/Projets Unreal en cours/ICAN_Backrooms/Content/Blueprints/PreCMCTick.uasset" 796
"G:/Projets Unreal en cours/ICAN_Backrooms/Content/Blueprints/PreCMCTick.uexp" 797
"G:/Projets Unreal en cours/ICAN_Backrooms/Content/Input/IA_Move.uasset" 798
"G:/Projets Unreal en cours/ICAN_Backrooms/Content/Input/IA_Move.uexp" 799
"G:/Projets Unreal en cours/ICAN_Backrooms/Content/Blueprints/AnimNotifies/E_TraversalBlendOutCondition.uasset" 800
"G:/Projets Unreal en cours/ICAN_Backrooms/Content/Blueprints/AnimNotifies/E_TraversalBlendOutCondition.uexp" 801
"G:/Projets Unreal en cours/ICAN_Backrooms/Content/Blueprints/AnimNotifies/BP_NotifyState_MontageBlendOut.uasset" 802
"G:/Projets Unreal en cours/ICAN_Backrooms/Content/Blueprints/AnimNotifies/BP_NotifyState_MontageBlendOut.uexp" 803
"../../../Engine/Plugins/Animation/ACLPlugin/Content/ACLAnimBoneCompressionSettings.uasset" 804
"../../../Engine/Plugins/Animation/ACLPlugin/Content/ACLAnimBoneCompressionSettings.uexp" 805
"../../../Engine/Content/Animation/DefaultVariableFrameStrippingSettings.uasset" 806
"../../../Engine/Content/Animation/DefaultVariableFrameStrippingSettings.uexp" 807
"G:/Projets Unreal en cours/ICAN_Backrooms/Content/Blueprints/AnimNotifies/E_FoleyEventSide.uasset" 808
"G:/Projets Unreal en cours/ICAN_Backrooms/Content/Blueprints/AnimNotifies/E_FoleyEventSide.uexp" 809
"G:/Projets Unreal en cours/ICAN_Backrooms/Content/Audio/Mix/SM_Ambient.uasset" 810
"G:/Projets Unreal en cours/ICAN_Backrooms/Content/Audio/Mix/SM_Ambient.uexp" 811
"G:/Projets Unreal en cours/ICAN_Backrooms/Content/Audio/Mix/Effects/SMFX_Reverb_Default.uasset" 812
"G:/Projets Unreal en cours/ICAN_Backrooms/Content/Audio/Mix/Effects/SMFX_Reverb_Default.uexp" 813
"G:/Projets Unreal en cours/ICAN_Backrooms/Content/Audio/Mix/SM_Reverb.uasset" 814
"G:/Projets Unreal en cours/ICAN_Backrooms/Content/Audio/Mix/SM_Reverb.uexp" 815
"G:/Projets Unreal en cours/ICAN_Backrooms/Content/Audio/Mix/SM_Final.uasset" 816
"G:/Projets Unreal en cours/ICAN_Backrooms/Content/Audio/Mix/SM_Final.uexp" 817
"G:/Projets Unreal en cours/ICAN_Backrooms/Content/Audio/Mix/SM_Foley.uasset" 818
"G:/Projets Unreal en cours/ICAN_Backrooms/Content/Audio/Mix/SM_Foley.uexp" 819
"G:/Projets Unreal en cours/ICAN_Backrooms/Content/Audio/Foley/SoundWaves/Sneaker/Concrete/Foley_fs_1p_sneaker_concrete_walk_02.ubulk" 820
"G:/Projets Unreal en cours/ICAN_Backrooms/Content/Audio/Foley/SoundWaves/Sneaker/Concrete/Foley_fs_1p_sneaker_concrete_walk_02.uasset" 821
"G:/Projets Unreal en cours/ICAN_Backrooms/Content/Audio/Foley/SoundWaves/Sneaker/Concrete/Foley_fs_1p_sneaker_concrete_walk_02.uexp" 822
"G:/Projets Unreal en cours/ICAN_Backrooms/Content/Audio/Foley/SoundWaves/Sneaker/Concrete/Foley_fs_1p_sneaker_concrete_walk_04.ubulk" 823
"G:/Projets Unreal en cours/ICAN_Backrooms/Content/Audio/Foley/SoundWaves/Sneaker/Concrete/Foley_fs_1p_sneaker_concrete_walk_04.uasset" 824
"G:/Projets Unreal en cours/ICAN_Backrooms/Content/Audio/Foley/SoundWaves/Sneaker/Concrete/Foley_fs_1p_sneaker_concrete_walk_04.uexp" 825
"G:/Projets Unreal en cours/ICAN_Backrooms/Content/Audio/Foley/MetaSounds/MSS_FoleySound.uasset" 826
"G:/Projets Unreal en cours/ICAN_Backrooms/Content/Audio/Foley/MetaSounds/MSS_FoleySound.uexp" 827
"G:/Projets Unreal en cours/ICAN_Backrooms/Content/Audio/Foley/SoundWaves/Sneaker/Concrete/Foley_fs_1p_sneaker_concrete_walk_01.ubulk" 828
"G:/Projets Unreal en cours/ICAN_Backrooms/Content/Audio/Foley/SoundWaves/Sneaker/Concrete/Foley_fs_1p_sneaker_concrete_walk_01.uasset" 829
"G:/Projets Unreal en cours/ICAN_Backrooms/Content/Audio/Foley/SoundWaves/Sneaker/Concrete/Foley_fs_1p_sneaker_concrete_walk_01.uexp" 830
"G:/Projets Unreal en cours/ICAN_Backrooms/Content/Audio/Foley/SoundWaves/Sneaker/Concrete/Foley_fs_1p_sneaker_concrete_walk_08.ubulk" 831
"G:/Projets Unreal en cours/ICAN_Backrooms/Content/Audio/Foley/SoundWaves/Sneaker/Concrete/Foley_fs_1p_sneaker_concrete_walk_08.uasset" 832
"G:/Projets Unreal en cours/ICAN_Backrooms/Content/Audio/Foley/SoundWaves/Sneaker/Concrete/Foley_fs_1p_sneaker_concrete_walk_08.uexp" 833
"G:/Projets Unreal en cours/ICAN_Backrooms/Content/Audio/Foley/SoundWaves/Sneaker/Concrete/Foley_fs_1p_sneaker_concrete_walk_05.ubulk" 834
"G:/Projets Unreal en cours/ICAN_Backrooms/Content/Audio/Foley/SoundWaves/Sneaker/Concrete/Foley_fs_1p_sneaker_concrete_walk_05.uasset" 835
"G:/Projets Unreal en cours/ICAN_Backrooms/Content/Audio/Foley/SoundWaves/Sneaker/Concrete/Foley_fs_1p_sneaker_concrete_walk_05.uexp" 836
"G:/Projets Unreal en cours/ICAN_Backrooms/Content/Audio/Foley/SoundWaves/Sneaker/Concrete/Foley_fs_1p_sneaker_concrete_walk_09.ubulk" 837
"G:/Projets Unreal en cours/ICAN_Backrooms/Content/Audio/Foley/SoundWaves/Sneaker/Concrete/Foley_fs_1p_sneaker_concrete_walk_09.uasset" 838
"G:/Projets Unreal en cours/ICAN_Backrooms/Content/Audio/Foley/SoundWaves/Sneaker/Concrete/Foley_fs_1p_sneaker_concrete_walk_09.uexp" 839
"G:/Projets Unreal en cours/ICAN_Backrooms/Content/Audio/Foley/SoundWaves/Sneaker/Concrete/Foley_fs_1p_sneaker_concrete_walk_07.ubulk" 840
"G:/Projets Unreal en cours/ICAN_Backrooms/Content/Audio/Foley/SoundWaves/Sneaker/Concrete/Foley_fs_1p_sneaker_concrete_walk_07.uasset" 841
"G:/Projets Unreal en cours/ICAN_Backrooms/Content/Audio/Foley/SoundWaves/Sneaker/Concrete/Foley_fs_1p_sneaker_concrete_walk_07.uexp" 842
"G:/Projets Unreal en cours/ICAN_Backrooms/Content/Audio/Foley/SoundWaves/Sneaker/Concrete/Foley_fs_1p_sneaker_concrete_walk_06.ubulk" 843
"G:/Projets Unreal en cours/ICAN_Backrooms/Content/Audio/Foley/SoundWaves/Sneaker/Concrete/Foley_fs_1p_sneaker_concrete_walk_06.uasset" 844
"G:/Projets Unreal en cours/ICAN_Backrooms/Content/Audio/Foley/SoundWaves/Sneaker/Concrete/Foley_fs_1p_sneaker_concrete_walk_06.uexp" 845
"G:/Projets Unreal en cours/ICAN_Backrooms/Content/Audio/Foley/SoundWaves/Sneaker/Concrete/Foley_fs_1p_sneaker_concrete_walk_03.ubulk" 846
"G:/Projets Unreal en cours/ICAN_Backrooms/Content/Audio/Foley/SoundWaves/Sneaker/Concrete/Foley_fs_1p_sneaker_concrete_walk_03.uasset" 847
"G:/Projets Unreal en cours/ICAN_Backrooms/Content/Audio/Foley/SoundWaves/Sneaker/Concrete/Foley_fs_1p_sneaker_concrete_walk_03.uexp" 848
"G:/Projets Unreal en cours/ICAN_Backrooms/Content/Audio/Foley/SoundWaves/Sneaker/Concrete/Foley_fs_1p_sneaker_concrete_walk_10.ubulk" 849
"G:/Projets Unreal en cours/ICAN_Backrooms/Content/Audio/Foley/SoundWaves/Sneaker/Concrete/Foley_fs_1p_sneaker_concrete_walk_10.uasset" 850
"G:/Projets Unreal en cours/ICAN_Backrooms/Content/Audio/Foley/SoundWaves/Sneaker/Concrete/Foley_fs_1p_sneaker_concrete_walk_10.uexp" 851
"G:/Projets Unreal en cours/ICAN_Backrooms/Content/Audio/Foley/SoundWaves/Sneaker/Concrete/Foley_fs_1p_sneaker_concrete_walk_11.ubulk" 852
"G:/Projets Unreal en cours/ICAN_Backrooms/Content/Audio/Foley/SoundWaves/Sneaker/Concrete/Foley_fs_1p_sneaker_concrete_walk_11.uasset" 853
"G:/Projets Unreal en cours/ICAN_Backrooms/Content/Audio/Foley/SoundWaves/Sneaker/Concrete/Foley_fs_1p_sneaker_concrete_walk_11.uexp" 854
"G:/Projets Unreal en cours/ICAN_Backrooms/Content/Audio/Foley/SoundWaves/Sneaker/Concrete/Foley_fs_1p_sneaker_concrete_walk_12.ubulk" 855
"G:/Projets Unreal en cours/ICAN_Backrooms/Content/Audio/Foley/SoundWaves/Sneaker/Concrete/Foley_fs_1p_sneaker_concrete_walk_12.uasset" 856
"G:/Projets Unreal en cours/ICAN_Backrooms/Content/Audio/Foley/SoundWaves/Sneaker/Concrete/Foley_fs_1p_sneaker_concrete_walk_12.uexp" 857
"G:/Projets Unreal en cours/ICAN_Backrooms/Content/Audio/Foley/SoundWaves/Sneaker/Concrete/Foley_fs_1p_sneaker_concrete_walk_13.ubulk" 858
"G:/Projets Unreal en cours/ICAN_Backrooms/Content/Audio/Foley/SoundWaves/Sneaker/Concrete/Foley_fs_1p_sneaker_concrete_walk_13.uasset" 859
"G:/Projets Unreal en cours/ICAN_Backrooms/Content/Audio/Foley/SoundWaves/Sneaker/Concrete/Foley_fs_1p_sneaker_concrete_walk_13.uexp" 860
"G:/Projets Unreal en cours/ICAN_Backrooms/Content/Audio/Foley/SoundWaves/Sneaker/Concrete/Foley_fs_1p_sneaker_concrete_walk_14.ubulk" 861
"G:/Projets Unreal en cours/ICAN_Backrooms/Content/Audio/Foley/SoundWaves/Sneaker/Concrete/Foley_fs_1p_sneaker_concrete_walk_14.uasset" 862
"G:/Projets Unreal en cours/ICAN_Backrooms/Content/Audio/Foley/SoundWaves/Sneaker/Concrete/Foley_fs_1p_sneaker_concrete_walk_14.uexp" 863
"G:/Projets Unreal en cours/ICAN_Backrooms/Content/Audio/Foley/SoundWaves/Sneaker/Concrete/Foley_fs_1p_sneaker_concrete_walk_15.ubulk" 864
"G:/Projets Unreal en cours/ICAN_Backrooms/Content/Audio/Foley/SoundWaves/Sneaker/Concrete/Foley_fs_1p_sneaker_concrete_walk_15.uasset" 865
"G:/Projets Unreal en cours/ICAN_Backrooms/Content/Audio/Foley/SoundWaves/Sneaker/Concrete/Foley_fs_1p_sneaker_concrete_walk_15.uexp" 866
"G:/Projets Unreal en cours/ICAN_Backrooms/Content/Audio/Foley/SoundWaves/Sneaker/Concrete/Foley_fs_1p_sneaker_concrete_walk_16.ubulk" 867
"G:/Projets Unreal en cours/ICAN_Backrooms/Content/Audio/Foley/SoundWaves/Sneaker/Concrete/Foley_fs_1p_sneaker_concrete_walk_16.uasset" 868
"G:/Projets Unreal en cours/ICAN_Backrooms/Content/Audio/Foley/SoundWaves/Sneaker/Concrete/Foley_fs_1p_sneaker_concrete_walk_16.uexp" 869
"G:/Projets Unreal en cours/ICAN_Backrooms/Content/Audio/Foley/SoundWaves/Sneaker/Concrete/Foley_fs_1p_sneaker_concrete_walk_17.ubulk" 870
"G:/Projets Unreal en cours/ICAN_Backrooms/Content/Audio/Foley/SoundWaves/Sneaker/Concrete/Foley_fs_1p_sneaker_concrete_walk_17.uasset" 871
"G:/Projets Unreal en cours/ICAN_Backrooms/Content/Audio/Foley/SoundWaves/Sneaker/Concrete/Foley_fs_1p_sneaker_concrete_walk_17.uexp" 872
"G:/Projets Unreal en cours/ICAN_Backrooms/Content/Audio/Foley/SoundWaves/Sneaker/Concrete/Foley_fs_1p_sneaker_concrete_walk_18.ubulk" 873
"G:/Projets Unreal en cours/ICAN_Backrooms/Content/Audio/Foley/SoundWaves/Sneaker/Concrete/Foley_fs_1p_sneaker_concrete_walk_18.uasset" 874
"G:/Projets Unreal en cours/ICAN_Backrooms/Content/Audio/Foley/SoundWaves/Sneaker/Concrete/Foley_fs_1p_sneaker_concrete_walk_18.uexp" 875
"G:/Projets Unreal en cours/ICAN_Backrooms/Content/Audio/Foley/SoundWaves/Sneaker/Concrete/Foley_fs_1p_sneaker_concrete_walk_19.ubulk" 876
"G:/Projets Unreal en cours/ICAN_Backrooms/Content/Audio/Foley/SoundWaves/Sneaker/Concrete/Foley_fs_1p_sneaker_concrete_walk_19.uasset" 877
"G:/Projets Unreal en cours/ICAN_Backrooms/Content/Audio/Foley/SoundWaves/Sneaker/Concrete/Foley_fs_1p_sneaker_concrete_walk_19.uexp" 878
"G:/Projets Unreal en cours/ICAN_Backrooms/Content/Audio/Foley/SoundWaves/Sneaker/Concrete/Foley_fs_1p_sneaker_concrete_walk_20.ubulk" 879
"G:/Projets Unreal en cours/ICAN_Backrooms/Content/Audio/Foley/SoundWaves/Sneaker/Concrete/Foley_fs_1p_sneaker_concrete_walk_20.uasset" 880
"G:/Projets Unreal en cours/ICAN_Backrooms/Content/Audio/Foley/SoundWaves/Sneaker/Concrete/Foley_fs_1p_sneaker_concrete_walk_20.uexp" 881
"G:/Projets Unreal en cours/ICAN_Backrooms/Content/Audio/Foley/SoundWaves/Sneaker/Concrete/Foley_fs_1p_sneaker_concrete_walk_21.ubulk" 882
"G:/Projets Unreal en cours/ICAN_Backrooms/Content/Audio/Foley/SoundWaves/Sneaker/Concrete/Foley_fs_1p_sneaker_concrete_walk_21.uasset" 883
"G:/Projets Unreal en cours/ICAN_Backrooms/Content/Audio/Foley/SoundWaves/Sneaker/Concrete/Foley_fs_1p_sneaker_concrete_walk_21.uexp" 884
"G:/Projets Unreal en cours/ICAN_Backrooms/Content/Audio/Foley/SoundWaves/Sneaker/Concrete/Foley_fs_1p_sneaker_concrete_walk_22.ubulk" 885
"G:/Projets Unreal en cours/ICAN_Backrooms/Content/Audio/Foley/SoundWaves/Sneaker/Concrete/Foley_fs_1p_sneaker_concrete_walk_22.uasset" 886
"G:/Projets Unreal en cours/ICAN_Backrooms/Content/Audio/Foley/SoundWaves/Sneaker/Concrete/Foley_fs_1p_sneaker_concrete_walk_22.uexp" 887
"G:/Projets Unreal en cours/ICAN_Backrooms/Content/Audio/Foley/SoundWaves/Sneaker/Concrete/Foley_fs_1p_sneaker_concrete_walk_23.ubulk" 888
"G:/Projets Unreal en cours/ICAN_Backrooms/Content/Audio/Foley/SoundWaves/Sneaker/Concrete/Foley_fs_1p_sneaker_concrete_walk_23.uasset" 889
"G:/Projets Unreal en cours/ICAN_Backrooms/Content/Audio/Foley/SoundWaves/Sneaker/Concrete/Foley_fs_1p_sneaker_concrete_walk_23.uexp" 890
"G:/Projets Unreal en cours/ICAN_Backrooms/Content/Audio/Foley/SoundWaves/Sneaker/Concrete/Foley_fs_1p_sneaker_concrete_walk_24.ubulk" 891
"G:/Projets Unreal en cours/ICAN_Backrooms/Content/Audio/Foley/SoundWaves/Sneaker/Concrete/Foley_fs_1p_sneaker_concrete_walk_24.uasset" 892
"G:/Projets Unreal en cours/ICAN_Backrooms/Content/Audio/Foley/SoundWaves/Sneaker/Concrete/Foley_fs_1p_sneaker_concrete_walk_24.uexp" 893
"G:/Projets Unreal en cours/ICAN_Backrooms/Content/Audio/Foley/SoundWaves/Sneaker/Concrete/Foley_fs_1p_sneaker_concrete_walk_25.ubulk" 894
"G:/Projets Unreal en cours/ICAN_Backrooms/Content/Audio/Foley/SoundWaves/Sneaker/Concrete/Foley_fs_1p_sneaker_concrete_walk_25.uasset" 895
"G:/Projets Unreal en cours/ICAN_Backrooms/Content/Audio/Foley/SoundWaves/Sneaker/Concrete/Foley_fs_1p_sneaker_concrete_walk_25.uexp" 896
"G:/Projets Unreal en cours/ICAN_Backrooms/Content/Audio/Foley/SoundWaves/Sneaker/Concrete/Foley_fs_1p_sneaker_concrete_walk_26.ubulk" 897
"G:/Projets Unreal en cours/ICAN_Backrooms/Content/Audio/Foley/SoundWaves/Sneaker/Concrete/Foley_fs_1p_sneaker_concrete_walk_26.uasset" 898
"G:/Projets Unreal en cours/ICAN_Backrooms/Content/Audio/Foley/SoundWaves/Sneaker/Concrete/Foley_fs_1p_sneaker_concrete_walk_26.uexp" 899
"G:/Projets Unreal en cours/ICAN_Backrooms/Content/Audio/Foley/SoundWaves/Sneaker/Concrete/Foley_fs_1p_sneaker_concrete_walk_27.ubulk" 900
"G:/Projets Unreal en cours/ICAN_Backrooms/Content/Audio/Foley/SoundWaves/Sneaker/Concrete/Foley_fs_1p_sneaker_concrete_walk_27.uasset" 901
"G:/Projets Unreal en cours/ICAN_Backrooms/Content/Audio/Foley/SoundWaves/Sneaker/Concrete/Foley_fs_1p_sneaker_concrete_walk_27.uexp" 902
"G:/Projets Unreal en cours/ICAN_Backrooms/Content/Audio/Foley/SoundWaves/Sneaker/Concrete/Foley_fs_1p_sneaker_concrete_walk_28.ubulk" 903
"G:/Projets Unreal en cours/ICAN_Backrooms/Content/Audio/Foley/SoundWaves/Sneaker/Concrete/Foley_fs_1p_sneaker_concrete_walk_28.uasset" 904
"G:/Projets Unreal en cours/ICAN_Backrooms/Content/Audio/Foley/SoundWaves/Sneaker/Concrete/Foley_fs_1p_sneaker_concrete_walk_28.uexp" 905
"G:/Projets Unreal en cours/ICAN_Backrooms/Content/Audio/Foley/SoundWaves/Sneaker/Concrete/Foley_fs_1p_sneaker_concrete_walk_29.ubulk" 906
"G:/Projets Unreal en cours/ICAN_Backrooms/Content/Audio/Foley/SoundWaves/Sneaker/Concrete/Foley_fs_1p_sneaker_concrete_walk_29.uasset" 907
"G:/Projets Unreal en cours/ICAN_Backrooms/Content/Audio/Foley/SoundWaves/Sneaker/Concrete/Foley_fs_1p_sneaker_concrete_walk_29.uexp" 908
"G:/Projets Unreal en cours/ICAN_Backrooms/Content/Audio/Foley/SoundWaves/Sneaker/Concrete/Foley_fs_1p_sneaker_concrete_walk_30.ubulk" 909
"G:/Projets Unreal en cours/ICAN_Backrooms/Content/Audio/Foley/SoundWaves/Sneaker/Concrete/Foley_fs_1p_sneaker_concrete_walk_30.uasset" 910
"G:/Projets Unreal en cours/ICAN_Backrooms/Content/Audio/Foley/SoundWaves/Sneaker/Concrete/Foley_fs_1p_sneaker_concrete_walk_30.uexp" 911
"G:/Projets Unreal en cours/ICAN_Backrooms/Content/Audio/Foley/MetaSounds/MSS_FoleySound_Walk.uasset" 912
"G:/Projets Unreal en cours/ICAN_Backrooms/Content/Audio/Foley/MetaSounds/MSS_FoleySound_Walk.uexp" 913
"G:/Projets Unreal en cours/ICAN_Backrooms/Content/Audio/Foley/SoundWaves/Sneaker/Concrete/Foley_fs_1p_sneaker_concrete_runBackwds_08.ubulk" 914
"G:/Projets Unreal en cours/ICAN_Backrooms/Content/Audio/Foley/SoundWaves/Sneaker/Concrete/Foley_fs_1p_sneaker_concrete_runBackwds_08.uasset" 915
"G:/Projets Unreal en cours/ICAN_Backrooms/Content/Audio/Foley/SoundWaves/Sneaker/Concrete/Foley_fs_1p_sneaker_concrete_runBackwds_08.uexp" 916
"G:/Projets Unreal en cours/ICAN_Backrooms/Content/Audio/Foley/SoundWaves/Sneaker/Concrete/Foley_fs_1p_sneaker_concrete_runBackwds_09.ubulk" 917
"G:/Projets Unreal en cours/ICAN_Backrooms/Content/Audio/Foley/SoundWaves/Sneaker/Concrete/Foley_fs_1p_sneaker_concrete_runBackwds_09.uasset" 918
"G:/Projets Unreal en cours/ICAN_Backrooms/Content/Audio/Foley/SoundWaves/Sneaker/Concrete/Foley_fs_1p_sneaker_concrete_runBackwds_09.uexp" 919
"G:/Projets Unreal en cours/ICAN_Backrooms/Content/Audio/Foley/SoundWaves/Sneaker/Concrete/Foley_fs_1p_sneaker_concrete_runBackwds_02.ubulk" 920
"G:/Projets Unreal en cours/ICAN_Backrooms/Content/Audio/Foley/SoundWaves/Sneaker/Concrete/Foley_fs_1p_sneaker_concrete_runBackwds_02.uasset" 921
"G:/Projets Unreal en cours/ICAN_Backrooms/Content/Audio/Foley/SoundWaves/Sneaker/Concrete/Foley_fs_1p_sneaker_concrete_runBackwds_02.uexp" 922
"G:/Projets Unreal en cours/ICAN_Backrooms/Content/Audio/Foley/SoundWaves/Sneaker/Concrete/Foley_fs_1p_sneaker_concrete_runBackwds_04.ubulk" 923
"G:/Projets Unreal en cours/ICAN_Backrooms/Content/Audio/Foley/SoundWaves/Sneaker/Concrete/Foley_fs_1p_sneaker_concrete_runBackwds_04.uasset" 924
"G:/Projets Unreal en cours/ICAN_Backrooms/Content/Audio/Foley/SoundWaves/Sneaker/Concrete/Foley_fs_1p_sneaker_concrete_runBackwds_04.uexp" 925
"G:/Projets Unreal en cours/ICAN_Backrooms/Content/Audio/Foley/SoundWaves/Sneaker/Concrete/Foley_fs_1p_sneaker_concrete_runBackwds_05.ubulk" 926
"G:/Projets Unreal en cours/ICAN_Backrooms/Content/Audio/Foley/SoundWaves/Sneaker/Concrete/Foley_fs_1p_sneaker_concrete_runBackwds_05.uasset" 927
"G:/Projets Unreal en cours/ICAN_Backrooms/Content/Audio/Foley/SoundWaves/Sneaker/Concrete/Foley_fs_1p_sneaker_concrete_runBackwds_05.uexp" 928
"G:/Projets Unreal en cours/ICAN_Backrooms/Content/Audio/Foley/SoundWaves/Sneaker/Concrete/Foley_fs_1p_sneaker_concrete_runBackwds_01.ubulk" 929
"G:/Projets Unreal en cours/ICAN_Backrooms/Content/Audio/Foley/SoundWaves/Sneaker/Concrete/Foley_fs_1p_sneaker_concrete_runBackwds_01.uasset" 930
"G:/Projets Unreal en cours/ICAN_Backrooms/Content/Audio/Foley/SoundWaves/Sneaker/Concrete/Foley_fs_1p_sneaker_concrete_runBackwds_01.uexp" 931
"G:/Projets Unreal en cours/ICAN_Backrooms/Content/Audio/Foley/SoundWaves/Sneaker/Concrete/Foley_fs_1p_sneaker_concrete_runBackwds_07.ubulk" 932
"G:/Projets Unreal en cours/ICAN_Backrooms/Content/Audio/Foley/SoundWaves/Sneaker/Concrete/Foley_fs_1p_sneaker_concrete_runBackwds_07.uasset" 933
"G:/Projets Unreal en cours/ICAN_Backrooms/Content/Audio/Foley/SoundWaves/Sneaker/Concrete/Foley_fs_1p_sneaker_concrete_runBackwds_07.uexp" 934
"G:/Projets Unreal en cours/ICAN_Backrooms/Content/Audio/Foley/SoundWaves/Sneaker/Concrete/Foley_fs_1p_sneaker_concrete_runBackwds_06.ubulk" 935
"G:/Projets Unreal en cours/ICAN_Backrooms/Content/Audio/Foley/SoundWaves/Sneaker/Concrete/Foley_fs_1p_sneaker_concrete_runBackwds_06.uasset" 936
"G:/Projets Unreal en cours/ICAN_Backrooms/Content/Audio/Foley/SoundWaves/Sneaker/Concrete/Foley_fs_1p_sneaker_concrete_runBackwds_06.uexp" 937
"G:/Projets Unreal en cours/ICAN_Backrooms/Content/Audio/Foley/SoundWaves/Sneaker/Concrete/Foley_fs_1p_sneaker_concrete_runBackwds_03.ubulk" 938
"G:/Projets Unreal en cours/ICAN_Backrooms/Content/Audio/Foley/SoundWaves/Sneaker/Concrete/Foley_fs_1p_sneaker_concrete_runBackwds_03.uasset" 939
"G:/Projets Unreal en cours/ICAN_Backrooms/Content/Audio/Foley/SoundWaves/Sneaker/Concrete/Foley_fs_1p_sneaker_concrete_runBackwds_03.uexp" 940
"G:/Projets Unreal en cours/ICAN_Backrooms/Content/Audio/Foley/SoundWaves/Sneaker/Concrete/Foley_fs_1p_sneaker_concrete_runBackwds_10.ubulk" 941
"G:/Projets Unreal en cours/ICAN_Backrooms/Content/Audio/Foley/SoundWaves/Sneaker/Concrete/Foley_fs_1p_sneaker_concrete_runBackwds_10.uasset" 942
"G:/Projets Unreal en cours/ICAN_Backrooms/Content/Audio/Foley/SoundWaves/Sneaker/Concrete/Foley_fs_1p_sneaker_concrete_runBackwds_10.uexp" 943
"G:/Projets Unreal en cours/ICAN_Backrooms/Content/Audio/Foley/SoundWaves/Sneaker/Concrete/Foley_fs_1p_sneaker_concrete_runBackwds_11.ubulk" 944
"G:/Projets Unreal en cours/ICAN_Backrooms/Content/Audio/Foley/SoundWaves/Sneaker/Concrete/Foley_fs_1p_sneaker_concrete_runBackwds_11.uasset" 945
"G:/Projets Unreal en cours/ICAN_Backrooms/Content/Audio/Foley/SoundWaves/Sneaker/Concrete/Foley_fs_1p_sneaker_concrete_runBackwds_11.uexp" 946
"G:/Projets Unreal en cours/ICAN_Backrooms/Content/Audio/Foley/SoundWaves/Sneaker/Concrete/Foley_fs_1p_sneaker_concrete_runBackwds_12.ubulk" 947
"G:/Projets Unreal en cours/ICAN_Backrooms/Content/Audio/Foley/SoundWaves/Sneaker/Concrete/Foley_fs_1p_sneaker_concrete_runBackwds_12.uasset" 948
"G:/Projets Unreal en cours/ICAN_Backrooms/Content/Audio/Foley/SoundWaves/Sneaker/Concrete/Foley_fs_1p_sneaker_concrete_runBackwds_12.uexp" 949
"G:/Projets Unreal en cours/ICAN_Backrooms/Content/Audio/Foley/SoundWaves/Sneaker/Concrete/Foley_fs_1p_sneaker_concrete_runBackwds_13.ubulk" 950
"G:/Projets Unreal en cours/ICAN_Backrooms/Content/Audio/Foley/SoundWaves/Sneaker/Concrete/Foley_fs_1p_sneaker_concrete_runBackwds_13.uasset" 951
"G:/Projets Unreal en cours/ICAN_Backrooms/Content/Audio/Foley/SoundWaves/Sneaker/Concrete/Foley_fs_1p_sneaker_concrete_runBackwds_13.uexp" 952
"G:/Projets Unreal en cours/ICAN_Backrooms/Content/Audio/Foley/SoundWaves/Sneaker/Concrete/Foley_fs_1p_sneaker_concrete_runBackwds_14.ubulk" 953
"G:/Projets Unreal en cours/ICAN_Backrooms/Content/Audio/Foley/SoundWaves/Sneaker/Concrete/Foley_fs_1p_sneaker_concrete_runBackwds_14.uasset" 954
"G:/Projets Unreal en cours/ICAN_Backrooms/Content/Audio/Foley/SoundWaves/Sneaker/Concrete/Foley_fs_1p_sneaker_concrete_runBackwds_14.uexp" 955
"G:/Projets Unreal en cours/ICAN_Backrooms/Content/Audio/Foley/SoundWaves/Sneaker/Concrete/Foley_fs_1p_sneaker_concrete_runBackwds_15.ubulk" 956
"G:/Projets Unreal en cours/ICAN_Backrooms/Content/Audio/Foley/SoundWaves/Sneaker/Concrete/Foley_fs_1p_sneaker_concrete_runBackwds_15.uasset" 957
"G:/Projets Unreal en cours/ICAN_Backrooms/Content/Audio/Foley/SoundWaves/Sneaker/Concrete/Foley_fs_1p_sneaker_concrete_runBackwds_15.uexp" 958
"G:/Projets Unreal en cours/ICAN_Backrooms/Content/Audio/Foley/SoundWaves/Sneaker/Concrete/Foley_fs_1p_sneaker_concrete_runBackwds_16.ubulk" 959
"G:/Projets Unreal en cours/ICAN_Backrooms/Content/Audio/Foley/SoundWaves/Sneaker/Concrete/Foley_fs_1p_sneaker_concrete_runBackwds_16.uasset" 960
"G:/Projets Unreal en cours/ICAN_Backrooms/Content/Audio/Foley/SoundWaves/Sneaker/Concrete/Foley_fs_1p_sneaker_concrete_runBackwds_16.uexp" 961
"G:/Projets Unreal en cours/ICAN_Backrooms/Content/Audio/Foley/SoundWaves/Sneaker/Concrete/Foley_fs_1p_sneaker_concrete_runBackwds_17.ubulk" 962
"G:/Projets Unreal en cours/ICAN_Backrooms/Content/Audio/Foley/SoundWaves/Sneaker/Concrete/Foley_fs_1p_sneaker_concrete_runBackwds_17.uasset" 963
"G:/Projets Unreal en cours/ICAN_Backrooms/Content/Audio/Foley/SoundWaves/Sneaker/Concrete/Foley_fs_1p_sneaker_concrete_runBackwds_17.uexp" 964
"G:/Projets Unreal en cours/ICAN_Backrooms/Content/Audio/Foley/SoundWaves/Sneaker/Concrete/Foley_fs_1p_sneaker_concrete_runBackwds_18.ubulk" 965
"G:/Projets Unreal en cours/ICAN_Backrooms/Content/Audio/Foley/SoundWaves/Sneaker/Concrete/Foley_fs_1p_sneaker_concrete_runBackwds_18.uasset" 966
"G:/Projets Unreal en cours/ICAN_Backrooms/Content/Audio/Foley/SoundWaves/Sneaker/Concrete/Foley_fs_1p_sneaker_concrete_runBackwds_18.uexp" 967
"G:/Projets Unreal en cours/ICAN_Backrooms/Content/Audio/Foley/SoundWaves/Sneaker/Concrete/Foley_fs_1p_sneaker_concrete_runBackwds_19.ubulk" 968
"G:/Projets Unreal en cours/ICAN_Backrooms/Content/Audio/Foley/SoundWaves/Sneaker/Concrete/Foley_fs_1p_sneaker_concrete_runBackwds_19.uasset" 969
"G:/Projets Unreal en cours/ICAN_Backrooms/Content/Audio/Foley/SoundWaves/Sneaker/Concrete/Foley_fs_1p_sneaker_concrete_runBackwds_19.uexp" 970
"G:/Projets Unreal en cours/ICAN_Backrooms/Content/Audio/Foley/SoundWaves/Sneaker/Concrete/Foley_fs_1p_sneaker_concrete_runBackwds_20.ubulk" 971
"G:/Projets Unreal en cours/ICAN_Backrooms/Content/Audio/Foley/SoundWaves/Sneaker/Concrete/Foley_fs_1p_sneaker_concrete_runBackwds_20.uasset" 972
"G:/Projets Unreal en cours/ICAN_Backrooms/Content/Audio/Foley/SoundWaves/Sneaker/Concrete/Foley_fs_1p_sneaker_concrete_runBackwds_20.uexp" 973
"G:/Projets Unreal en cours/ICAN_Backrooms/Content/Audio/Foley/SoundWaves/Sneaker/Concrete/Foley_fs_1p_sneaker_concrete_runBackwds_21.ubulk" 974
"G:/Projets Unreal en cours/ICAN_Backrooms/Content/Audio/Foley/SoundWaves/Sneaker/Concrete/Foley_fs_1p_sneaker_concrete_runBackwds_21.uasset" 975
"G:/Projets Unreal en cours/ICAN_Backrooms/Content/Audio/Foley/SoundWaves/Sneaker/Concrete/Foley_fs_1p_sneaker_concrete_runBackwds_21.uexp" 976
"G:/Projets Unreal en cours/ICAN_Backrooms/Content/Audio/Foley/SoundWaves/Sneaker/Concrete/Foley_fs_1p_sneaker_concrete_runBackwds_22.ubulk" 977
"G:/Projets Unreal en cours/ICAN_Backrooms/Content/Audio/Foley/SoundWaves/Sneaker/Concrete/Foley_fs_1p_sneaker_concrete_runBackwds_22.uasset" 978
"G:/Projets Unreal en cours/ICAN_Backrooms/Content/Audio/Foley/SoundWaves/Sneaker/Concrete/Foley_fs_1p_sneaker_concrete_runBackwds_22.uexp" 979
"G:/Projets Unreal en cours/ICAN_Backrooms/Content/Audio/Foley/SoundWaves/Sneaker/Concrete/Foley_fs_1p_sneaker_concrete_runBackwds_23.ubulk" 980
"G:/Projets Unreal en cours/ICAN_Backrooms/Content/Audio/Foley/SoundWaves/Sneaker/Concrete/Foley_fs_1p_sneaker_concrete_runBackwds_23.uasset" 981
"G:/Projets Unreal en cours/ICAN_Backrooms/Content/Audio/Foley/SoundWaves/Sneaker/Concrete/Foley_fs_1p_sneaker_concrete_runBackwds_23.uexp" 982
"G:/Projets Unreal en cours/ICAN_Backrooms/Content/Audio/Foley/SoundWaves/Sneaker/Concrete/Foley_fs_1p_sneaker_concrete_runBackwds_24.ubulk" 983
"G:/Projets Unreal en cours/ICAN_Backrooms/Content/Audio/Foley/SoundWaves/Sneaker/Concrete/Foley_fs_1p_sneaker_concrete_runBackwds_24.uasset" 984
"G:/Projets Unreal en cours/ICAN_Backrooms/Content/Audio/Foley/SoundWaves/Sneaker/Concrete/Foley_fs_1p_sneaker_concrete_runBackwds_24.uexp" 985
"G:/Projets Unreal en cours/ICAN_Backrooms/Content/Audio/Foley/SoundWaves/Sneaker/Concrete/Foley_fs_1p_sneaker_concrete_runBackwds_25.ubulk" 986
"G:/Projets Unreal en cours/ICAN_Backrooms/Content/Audio/Foley/SoundWaves/Sneaker/Concrete/Foley_fs_1p_sneaker_concrete_runBackwds_25.uasset" 987
"G:/Projets Unreal en cours/ICAN_Backrooms/Content/Audio/Foley/SoundWaves/Sneaker/Concrete/Foley_fs_1p_sneaker_concrete_runBackwds_25.uexp" 988
"G:/Projets Unreal en cours/ICAN_Backrooms/Content/Audio/Foley/SoundWaves/Sneaker/Concrete/Foley_fs_1p_sneaker_concrete_runBackwds_26.ubulk" 989
"G:/Projets Unreal en cours/ICAN_Backrooms/Content/Audio/Foley/SoundWaves/Sneaker/Concrete/Foley_fs_1p_sneaker_concrete_runBackwds_26.uasset" 990
"G:/Projets Unreal en cours/ICAN_Backrooms/Content/Audio/Foley/SoundWaves/Sneaker/Concrete/Foley_fs_1p_sneaker_concrete_runBackwds_26.uexp" 991
"G:/Projets Unreal en cours/ICAN_Backrooms/Content/Audio/Foley/SoundWaves/Sneaker/Concrete/Foley_fs_1p_sneaker_concrete_runBackwds_27.ubulk" 992
"G:/Projets Unreal en cours/ICAN_Backrooms/Content/Audio/Foley/SoundWaves/Sneaker/Concrete/Foley_fs_1p_sneaker_concrete_runBackwds_27.uasset" 993
"G:/Projets Unreal en cours/ICAN_Backrooms/Content/Audio/Foley/SoundWaves/Sneaker/Concrete/Foley_fs_1p_sneaker_concrete_runBackwds_27.uexp" 994
"G:/Projets Unreal en cours/ICAN_Backrooms/Content/Audio/Foley/SoundWaves/Sneaker/Concrete/Foley_fs_1p_sneaker_concrete_runBackwds_28.ubulk" 995
"G:/Projets Unreal en cours/ICAN_Backrooms/Content/Audio/Foley/SoundWaves/Sneaker/Concrete/Foley_fs_1p_sneaker_concrete_runBackwds_28.uasset" 996
"G:/Projets Unreal en cours/ICAN_Backrooms/Content/Audio/Foley/SoundWaves/Sneaker/Concrete/Foley_fs_1p_sneaker_concrete_runBackwds_28.uexp" 997
"G:/Projets Unreal en cours/ICAN_Backrooms/Content/Audio/Foley/SoundWaves/Sneaker/Concrete/Foley_fs_1p_sneaker_concrete_runBackwds_29.ubulk" 998
"G:/Projets Unreal en cours/ICAN_Backrooms/Content/Audio/Foley/SoundWaves/Sneaker/Concrete/Foley_fs_1p_sneaker_concrete_runBackwds_29.uasset" 999
"G:/Projets Unreal en cours/ICAN_Backrooms/Content/Audio/Foley/SoundWaves/Sneaker/Concrete/Foley_fs_1p_sneaker_concrete_runBackwds_29.uexp" 1000
"G:/Projets Unreal en cours/ICAN_Backrooms/Content/Audio/Foley/MetaSounds/MSS_FoleySound_RunBackwards.uasset" 1001
"G:/Projets Unreal en cours/ICAN_Backrooms/Content/Audio/Foley/MetaSounds/MSS_FoleySound_RunBackwards.uexp" 1002
"G:/Projets Unreal en cours/ICAN_Backrooms/Content/Audio/Foley/SoundWaves/Sneaker/Concrete/Foley_fs_1p_sneaker_concrete_scuffPivot_05.ubulk" 1003
"G:/Projets Unreal en cours/ICAN_Backrooms/Content/Audio/Foley/SoundWaves/Sneaker/Concrete/Foley_fs_1p_sneaker_concrete_scuffPivot_05.uasset" 1004
"G:/Projets Unreal en cours/ICAN_Backrooms/Content/Audio/Foley/SoundWaves/Sneaker/Concrete/Foley_fs_1p_sneaker_concrete_scuffPivot_05.uexp" 1005
"G:/Projets Unreal en cours/ICAN_Backrooms/Content/Audio/Foley/SoundWaves/Sneaker/Concrete/Foley_fs_1p_sneaker_concrete_scuffPivot_02.ubulk" 1006
"G:/Projets Unreal en cours/ICAN_Backrooms/Content/Audio/Foley/SoundWaves/Sneaker/Concrete/Foley_fs_1p_sneaker_concrete_scuffPivot_02.uasset" 1007
"G:/Projets Unreal en cours/ICAN_Backrooms/Content/Audio/Foley/SoundWaves/Sneaker/Concrete/Foley_fs_1p_sneaker_concrete_scuffPivot_02.uexp" 1008
"G:/Projets Unreal en cours/ICAN_Backrooms/Content/Audio/Foley/SoundWaves/Sneaker/Concrete/Foley_fs_1p_sneaker_concrete_scuffPivot_04.ubulk" 1009
"G:/Projets Unreal en cours/ICAN_Backrooms/Content/Audio/Foley/SoundWaves/Sneaker/Concrete/Foley_fs_1p_sneaker_concrete_scuffPivot_04.uasset" 1010
"G:/Projets Unreal en cours/ICAN_Backrooms/Content/Audio/Foley/SoundWaves/Sneaker/Concrete/Foley_fs_1p_sneaker_concrete_scuffPivot_04.uexp" 1011
"G:/Projets Unreal en cours/ICAN_Backrooms/Content/Audio/Foley/SoundWaves/Sneaker/Concrete/Foley_fs_1p_sneaker_concrete_scuffPivot_01.ubulk" 1012
"G:/Projets Unreal en cours/ICAN_Backrooms/Content/Audio/Foley/SoundWaves/Sneaker/Concrete/Foley_fs_1p_sneaker_concrete_scuffPivot_01.uasset" 1013
"G:/Projets Unreal en cours/ICAN_Backrooms/Content/Audio/Foley/SoundWaves/Sneaker/Concrete/Foley_fs_1p_sneaker_concrete_scuffPivot_01.uexp" 1014
"G:/Projets Unreal en cours/ICAN_Backrooms/Content/Audio/Foley/SoundWaves/Sneaker/Concrete/Foley_fs_1p_sneaker_concrete_scuffPivot_06.ubulk" 1015
"G:/Projets Unreal en cours/ICAN_Backrooms/Content/Audio/Foley/SoundWaves/Sneaker/Concrete/Foley_fs_1p_sneaker_concrete_scuffPivot_06.uasset" 1016
"G:/Projets Unreal en cours/ICAN_Backrooms/Content/Audio/Foley/SoundWaves/Sneaker/Concrete/Foley_fs_1p_sneaker_concrete_scuffPivot_06.uexp" 1017
"G:/Projets Unreal en cours/ICAN_Backrooms/Content/Audio/Foley/SoundWaves/Sneaker/Concrete/Foley_fs_1p_sneaker_concrete_scuffPivot_10.ubulk" 1018
"G:/Projets Unreal en cours/ICAN_Backrooms/Content/Audio/Foley/SoundWaves/Sneaker/Concrete/Foley_fs_1p_sneaker_concrete_scuffPivot_10.uasset" 1019
"G:/Projets Unreal en cours/ICAN_Backrooms/Content/Audio/Foley/SoundWaves/Sneaker/Concrete/Foley_fs_1p_sneaker_concrete_scuffPivot_10.uexp" 1020
"G:/Projets Unreal en cours/ICAN_Backrooms/Content/Audio/Foley/SoundWaves/Sneaker/Concrete/Foley_fs_1p_sneaker_concrete_scuffPivot_11.ubulk" 1021
"G:/Projets Unreal en cours/ICAN_Backrooms/Content/Audio/Foley/SoundWaves/Sneaker/Concrete/Foley_fs_1p_sneaker_concrete_scuffPivot_11.uasset" 1022
"G:/Projets Unreal en cours/ICAN_Backrooms/Content/Audio/Foley/SoundWaves/Sneaker/Concrete/Foley_fs_1p_sneaker_concrete_scuffPivot_11.uexp" 1023
"G:/Projets Unreal en cours/ICAN_Backrooms/Content/Audio/Foley/SoundWaves/Sneaker/Concrete/Foley_fs_1p_sneaker_concrete_scuffPivot_12.ubulk" 1024
"G:/Projets Unreal en cours/ICAN_Backrooms/Content/Audio/Foley/SoundWaves/Sneaker/Concrete/Foley_fs_1p_sneaker_concrete_scuffPivot_12.uasset" 1025
"G:/Projets Unreal en cours/ICAN_Backrooms/Content/Audio/Foley/SoundWaves/Sneaker/Concrete/Foley_fs_1p_sneaker_concrete_scuffPivot_12.uexp" 1026
"G:/Projets Unreal en cours/ICAN_Backrooms/Content/Audio/Foley/SoundWaves/Sneaker/Concrete/Foley_fs_1p_sneaker_concrete_scuffPivot_13.ubulk" 1027
"G:/Projets Unreal en cours/ICAN_Backrooms/Content/Audio/Foley/SoundWaves/Sneaker/Concrete/Foley_fs_1p_sneaker_concrete_scuffPivot_13.uasset" 1028
"G:/Projets Unreal en cours/ICAN_Backrooms/Content/Audio/Foley/SoundWaves/Sneaker/Concrete/Foley_fs_1p_sneaker_concrete_scuffPivot_13.uexp" 1029
"G:/Projets Unreal en cours/ICAN_Backrooms/Content/Audio/Foley/SoundWaves/Sneaker/Concrete/Foley_fs_1p_sneaker_concrete_scuffPivot_14.ubulk" 1030
"G:/Projets Unreal en cours/ICAN_Backrooms/Content/Audio/Foley/SoundWaves/Sneaker/Concrete/Foley_fs_1p_sneaker_concrete_scuffPivot_14.uasset" 1031
"G:/Projets Unreal en cours/ICAN_Backrooms/Content/Audio/Foley/SoundWaves/Sneaker/Concrete/Foley_fs_1p_sneaker_concrete_scuffPivot_14.uexp" 1032
"G:/Projets Unreal en cours/ICAN_Backrooms/Content/Audio/Foley/SoundWaves/Sneaker/Concrete/Foley_fs_1p_sneaker_concrete_scuffPivot_15.ubulk" 1033
"G:/Projets Unreal en cours/ICAN_Backrooms/Content/Audio/Foley/SoundWaves/Sneaker/Concrete/Foley_fs_1p_sneaker_concrete_scuffPivot_15.uasset" 1034
"G:/Projets Unreal en cours/ICAN_Backrooms/Content/Audio/Foley/SoundWaves/Sneaker/Concrete/Foley_fs_1p_sneaker_concrete_scuffPivot_15.uexp" 1035
"G:/Projets Unreal en cours/ICAN_Backrooms/Content/Audio/Foley/SoundWaves/Sneaker/Concrete/Foley_fs_1p_sneaker_concrete_scuffPivot_03.ubulk" 1036
"G:/Projets Unreal en cours/ICAN_Backrooms/Content/Audio/Foley/SoundWaves/Sneaker/Concrete/Foley_fs_1p_sneaker_concrete_scuffPivot_03.uasset" 1037
"G:/Projets Unreal en cours/ICAN_Backrooms/Content/Audio/Foley/SoundWaves/Sneaker/Concrete/Foley_fs_1p_sneaker_concrete_scuffPivot_03.uexp" 1038
"G:/Projets Unreal en cours/ICAN_Backrooms/Content/Audio/Foley/SoundWaves/Sneaker/Concrete/Foley_fs_1p_sneaker_concrete_scuffPivot_07.ubulk" 1039
"G:/Projets Unreal en cours/ICAN_Backrooms/Content/Audio/Foley/SoundWaves/Sneaker/Concrete/Foley_fs_1p_sneaker_concrete_scuffPivot_07.uasset" 1040
"G:/Projets Unreal en cours/ICAN_Backrooms/Content/Audio/Foley/SoundWaves/Sneaker/Concrete/Foley_fs_1p_sneaker_concrete_scuffPivot_07.uexp" 1041
"G:/Projets Unreal en cours/ICAN_Backrooms/Content/Audio/Foley/SoundWaves/Sneaker/Concrete/Foley_fs_1p_sneaker_concrete_scuffPivot_08.ubulk" 1042
"G:/Projets Unreal en cours/ICAN_Backrooms/Content/Audio/Foley/SoundWaves/Sneaker/Concrete/Foley_fs_1p_sneaker_concrete_scuffPivot_08.uasset" 1043
"G:/Projets Unreal en cours/ICAN_Backrooms/Content/Audio/Foley/SoundWaves/Sneaker/Concrete/Foley_fs_1p_sneaker_concrete_scuffPivot_08.uexp" 1044
"G:/Projets Unreal en cours/ICAN_Backrooms/Content/Audio/Foley/SoundWaves/Sneaker/Concrete/Foley_fs_1p_sneaker_concrete_scuffPivot_09.ubulk" 1045
"G:/Projets Unreal en cours/ICAN_Backrooms/Content/Audio/Foley/SoundWaves/Sneaker/Concrete/Foley_fs_1p_sneaker_concrete_scuffPivot_09.uasset" 1046
"G:/Projets Unreal en cours/ICAN_Backrooms/Content/Audio/Foley/SoundWaves/Sneaker/Concrete/Foley_fs_1p_sneaker_concrete_scuffPivot_09.uexp" 1047
"G:/Projets Unreal en cours/ICAN_Backrooms/Content/Audio/Foley/MetaSounds/MSS_FoleySound_ScuffPivot.uasset" 1048
"G:/Projets Unreal en cours/ICAN_Backrooms/Content/Audio/Foley/MetaSounds/MSS_FoleySound_ScuffPivot.uexp" 1049
"G:/Projets Unreal en cours/ICAN_Backrooms/Content/Audio/Foley/SoundWaves/Sneaker/Concrete/Foley_fs_1p_sneaker_concrete_jump_04.ubulk" 1050
"G:/Projets Unreal en cours/ICAN_Backrooms/Content/Audio/Foley/SoundWaves/Sneaker/Concrete/Foley_fs_1p_sneaker_concrete_jump_04.uasset" 1051
"G:/Projets Unreal en cours/ICAN_Backrooms/Content/Audio/Foley/SoundWaves/Sneaker/Concrete/Foley_fs_1p_sneaker_concrete_jump_04.uexp" 1052
"G:/Projets Unreal en cours/ICAN_Backrooms/Content/Audio/Foley/SoundWaves/Sneaker/Concrete/Foley_fs_1p_sneaker_concrete_jump_05.ubulk" 1053
"G:/Projets Unreal en cours/ICAN_Backrooms/Content/Audio/Foley/SoundWaves/Sneaker/Concrete/Foley_fs_1p_sneaker_concrete_jump_05.uasset" 1054
"G:/Projets Unreal en cours/ICAN_Backrooms/Content/Audio/Foley/SoundWaves/Sneaker/Concrete/Foley_fs_1p_sneaker_concrete_jump_05.uexp" 1055
"G:/Projets Unreal en cours/ICAN_Backrooms/Content/Audio/Foley/SoundWaves/Sneaker/Concrete/Foley_fs_1p_sneaker_concrete_jump_06.ubulk" 1056
"G:/Projets Unreal en cours/ICAN_Backrooms/Content/Audio/Foley/SoundWaves/Sneaker/Concrete/Foley_fs_1p_sneaker_concrete_jump_06.uasset" 1057
"G:/Projets Unreal en cours/ICAN_Backrooms/Content/Audio/Foley/SoundWaves/Sneaker/Concrete/Foley_fs_1p_sneaker_concrete_jump_06.uexp" 1058
"G:/Projets Unreal en cours/ICAN_Backrooms/Content/Audio/Foley/SoundWaves/Sneaker/Concrete/Foley_fs_1p_sneaker_concrete_jump_07.ubulk" 1059
"G:/Projets Unreal en cours/ICAN_Backrooms/Content/Audio/Foley/SoundWaves/Sneaker/Concrete/Foley_fs_1p_sneaker_concrete_jump_07.uasset" 1060
"G:/Projets Unreal en cours/ICAN_Backrooms/Content/Audio/Foley/SoundWaves/Sneaker/Concrete/Foley_fs_1p_sneaker_concrete_jump_07.uexp" 1061
"G:/Projets Unreal en cours/ICAN_Backrooms/Content/Audio/Foley/SoundWaves/Sneaker/Concrete/Foley_fs_1p_sneaker_concrete_jump_01.ubulk" 1062
"G:/Projets Unreal en cours/ICAN_Backrooms/Content/Audio/Foley/SoundWaves/Sneaker/Concrete/Foley_fs_1p_sneaker_concrete_jump_01.uasset" 1063
"G:/Projets Unreal en cours/ICAN_Backrooms/Content/Audio/Foley/SoundWaves/Sneaker/Concrete/Foley_fs_1p_sneaker_concrete_jump_01.uexp" 1064
"G:/Projets Unreal en cours/ICAN_Backrooms/Content/Audio/Foley/SoundWaves/Sneaker/Concrete/Foley_fs_1p_sneaker_concrete_jump_08.ubulk" 1065
"G:/Projets Unreal en cours/ICAN_Backrooms/Content/Audio/Foley/SoundWaves/Sneaker/Concrete/Foley_fs_1p_sneaker_concrete_jump_08.uasset" 1066
"G:/Projets Unreal en cours/ICAN_Backrooms/Content/Audio/Foley/SoundWaves/Sneaker/Concrete/Foley_fs_1p_sneaker_concrete_jump_08.uexp" 1067
"G:/Projets Unreal en cours/ICAN_Backrooms/Content/Audio/Foley/SoundWaves/Sneaker/Concrete/Foley_fs_1p_sneaker_concrete_jump_03.ubulk" 1068
"G:/Projets Unreal en cours/ICAN_Backrooms/Content/Audio/Foley/SoundWaves/Sneaker/Concrete/Foley_fs_1p_sneaker_concrete_jump_03.uasset" 1069
"G:/Projets Unreal en cours/ICAN_Backrooms/Content/Audio/Foley/SoundWaves/Sneaker/Concrete/Foley_fs_1p_sneaker_concrete_jump_03.uexp" 1070
"G:/Projets Unreal en cours/ICAN_Backrooms/Content/Audio/Foley/SoundWaves/Sneaker/Concrete/Foley_fs_1p_sneaker_concrete_jump_09.ubulk" 1071
"G:/Projets Unreal en cours/ICAN_Backrooms/Content/Audio/Foley/SoundWaves/Sneaker/Concrete/Foley_fs_1p_sneaker_concrete_jump_09.uasset" 1072
"G:/Projets Unreal en cours/ICAN_Backrooms/Content/Audio/Foley/SoundWaves/Sneaker/Concrete/Foley_fs_1p_sneaker_concrete_jump_09.uexp" 1073
"G:/Projets Unreal en cours/ICAN_Backrooms/Content/Audio/Foley/SoundWaves/Sneaker/Concrete/Foley_fs_1p_sneaker_concrete_jump_02.ubulk" 1074
"G:/Projets Unreal en cours/ICAN_Backrooms/Content/Audio/Foley/SoundWaves/Sneaker/Concrete/Foley_fs_1p_sneaker_concrete_jump_02.uasset" 1075
"G:/Projets Unreal en cours/ICAN_Backrooms/Content/Audio/Foley/SoundWaves/Sneaker/Concrete/Foley_fs_1p_sneaker_concrete_jump_02.uexp" 1076
"G:/Projets Unreal en cours/ICAN_Backrooms/Content/Audio/Foley/SoundWaves/Sneaker/Concrete/Foley_fs_1p_sneaker_concrete_jump_10.ubulk" 1077
"G:/Projets Unreal en cours/ICAN_Backrooms/Content/Audio/Foley/SoundWaves/Sneaker/Concrete/Foley_fs_1p_sneaker_concrete_jump_10.uasset" 1078
"G:/Projets Unreal en cours/ICAN_Backrooms/Content/Audio/Foley/SoundWaves/Sneaker/Concrete/Foley_fs_1p_sneaker_concrete_jump_10.uexp" 1079
"G:/Projets Unreal en cours/ICAN_Backrooms/Content/Audio/Foley/SoundWaves/Sneaker/Concrete/Foley_fs_1p_sneaker_concrete_jump_11.ubulk" 1080
"G:/Projets Unreal en cours/ICAN_Backrooms/Content/Audio/Foley/SoundWaves/Sneaker/Concrete/Foley_fs_1p_sneaker_concrete_jump_11.uasset" 1081
"G:/Projets Unreal en cours/ICAN_Backrooms/Content/Audio/Foley/SoundWaves/Sneaker/Concrete/Foley_fs_1p_sneaker_concrete_jump_11.uexp" 1082
"G:/Projets Unreal en cours/ICAN_Backrooms/Content/Audio/Foley/SoundWaves/Sneaker/Concrete/Foley_fs_1p_sneaker_concrete_jump_12.ubulk" 1083
"G:/Projets Unreal en cours/ICAN_Backrooms/Content/Audio/Foley/SoundWaves/Sneaker/Concrete/Foley_fs_1p_sneaker_concrete_jump_12.uasset" 1084
"G:/Projets Unreal en cours/ICAN_Backrooms/Content/Audio/Foley/SoundWaves/Sneaker/Concrete/Foley_fs_1p_sneaker_concrete_jump_12.uexp" 1085
"G:/Projets Unreal en cours/ICAN_Backrooms/Content/Audio/Foley/SoundWaves/Sneaker/Concrete/Foley_fs_1p_sneaker_concrete_jump_13.ubulk" 1086
"G:/Projets Unreal en cours/ICAN_Backrooms/Content/Audio/Foley/SoundWaves/Sneaker/Concrete/Foley_fs_1p_sneaker_concrete_jump_13.uasset" 1087
"G:/Projets Unreal en cours/ICAN_Backrooms/Content/Audio/Foley/SoundWaves/Sneaker/Concrete/Foley_fs_1p_sneaker_concrete_jump_13.uexp" 1088
"G:/Projets Unreal en cours/ICAN_Backrooms/Content/Audio/Foley/SoundWaves/Sneaker/Concrete/Foley_fs_1p_sneaker_concrete_jump_14.ubulk" 1089
"G:/Projets Unreal en cours/ICAN_Backrooms/Content/Audio/Foley/SoundWaves/Sneaker/Concrete/Foley_fs_1p_sneaker_concrete_jump_14.uasset" 1090
"G:/Projets Unreal en cours/ICAN_Backrooms/Content/Audio/Foley/SoundWaves/Sneaker/Concrete/Foley_fs_1p_sneaker_concrete_jump_14.uexp" 1091
"G:/Projets Unreal en cours/ICAN_Backrooms/Content/Audio/Foley/SoundWaves/Sneaker/Concrete/Foley_fs_1p_sneaker_concrete_jump_15.ubulk" 1092
"G:/Projets Unreal en cours/ICAN_Backrooms/Content/Audio/Foley/SoundWaves/Sneaker/Concrete/Foley_fs_1p_sneaker_concrete_jump_15.uasset" 1093
"G:/Projets Unreal en cours/ICAN_Backrooms/Content/Audio/Foley/SoundWaves/Sneaker/Concrete/Foley_fs_1p_sneaker_concrete_jump_15.uexp" 1094
"G:/Projets Unreal en cours/ICAN_Backrooms/Content/Audio/Foley/SoundWaves/Sneaker/Concrete/Foley_fs_1p_sneaker_concrete_jump_16.ubulk" 1095
"G:/Projets Unreal en cours/ICAN_Backrooms/Content/Audio/Foley/SoundWaves/Sneaker/Concrete/Foley_fs_1p_sneaker_concrete_jump_16.uasset" 1096
"G:/Projets Unreal en cours/ICAN_Backrooms/Content/Audio/Foley/SoundWaves/Sneaker/Concrete/Foley_fs_1p_sneaker_concrete_jump_16.uexp" 1097
"G:/Projets Unreal en cours/ICAN_Backrooms/Content/Audio/Foley/SoundWaves/Sneaker/Concrete/Foley_fs_1p_sneaker_concrete_jump_17.ubulk" 1098
"G:/Projets Unreal en cours/ICAN_Backrooms/Content/Audio/Foley/SoundWaves/Sneaker/Concrete/Foley_fs_1p_sneaker_concrete_jump_17.uasset" 1099
"G:/Projets Unreal en cours/ICAN_Backrooms/Content/Audio/Foley/SoundWaves/Sneaker/Concrete/Foley_fs_1p_sneaker_concrete_jump_17.uexp" 1100
"G:/Projets Unreal en cours/ICAN_Backrooms/Content/Audio/Foley/MetaSounds/MSS_FoleySound_Jump.uasset" 1101
"G:/Projets Unreal en cours/ICAN_Backrooms/Content/Audio/Foley/MetaSounds/MSS_FoleySound_Jump.uexp" 1102
"G:/Projets Unreal en cours/ICAN_Backrooms/Content/Audio/Foley/SoundWaves/Hand/Concrete/Foley_hs_1p_barehand_concrete_plant_09.ubulk" 1103
"G:/Projets Unreal en cours/ICAN_Backrooms/Content/Audio/Foley/SoundWaves/Hand/Concrete/Foley_hs_1p_barehand_concrete_plant_09.uasset" 1104
"G:/Projets Unreal en cours/ICAN_Backrooms/Content/Audio/Foley/SoundWaves/Hand/Concrete/Foley_hs_1p_barehand_concrete_plant_09.uexp" 1105
"G:/Projets Unreal en cours/ICAN_Backrooms/Content/Audio/Foley/SoundWaves/Hand/Concrete/Foley_hs_1p_barehand_concrete_plant_02.ubulk" 1106
"G:/Projets Unreal en cours/ICAN_Backrooms/Content/Audio/Foley/SoundWaves/Hand/Concrete/Foley_hs_1p_barehand_concrete_plant_02.uasset" 1107
"G:/Projets Unreal en cours/ICAN_Backrooms/Content/Audio/Foley/SoundWaves/Hand/Concrete/Foley_hs_1p_barehand_concrete_plant_02.uexp" 1108
"G:/Projets Unreal en cours/ICAN_Backrooms/Content/Audio/Foley/SoundWaves/Hand/Concrete/Foley_hs_1p_barehand_concrete_plant_08.ubulk" 1109
"G:/Projets Unreal en cours/ICAN_Backrooms/Content/Audio/Foley/SoundWaves/Hand/Concrete/Foley_hs_1p_barehand_concrete_plant_08.uasset" 1110
"G:/Projets Unreal en cours/ICAN_Backrooms/Content/Audio/Foley/SoundWaves/Hand/Concrete/Foley_hs_1p_barehand_concrete_plant_08.uexp" 1111
"G:/Projets Unreal en cours/ICAN_Backrooms/Content/Audio/Foley/SoundWaves/Hand/Concrete/Foley_hs_1p_barehand_concrete_plant_03.ubulk" 1112
"G:/Projets Unreal en cours/ICAN_Backrooms/Content/Audio/Foley/SoundWaves/Hand/Concrete/Foley_hs_1p_barehand_concrete_plant_03.uasset" 1113
"G:/Projets Unreal en cours/ICAN_Backrooms/Content/Audio/Foley/SoundWaves/Hand/Concrete/Foley_hs_1p_barehand_concrete_plant_03.uexp" 1114
"G:/Projets Unreal en cours/ICAN_Backrooms/Content/Audio/Foley/SoundWaves/Hand/Concrete/Foley_hs_1p_barehand_concrete_plant_10.ubulk" 1115
"G:/Projets Unreal en cours/ICAN_Backrooms/Content/Audio/Foley/SoundWaves/Hand/Concrete/Foley_hs_1p_barehand_concrete_plant_10.uasset" 1116
"G:/Projets Unreal en cours/ICAN_Backrooms/Content/Audio/Foley/SoundWaves/Hand/Concrete/Foley_hs_1p_barehand_concrete_plant_10.uexp" 1117
"G:/Projets Unreal en cours/ICAN_Backrooms/Content/Audio/Foley/SoundWaves/Hand/Concrete/Foley_hs_1p_barehand_concrete_plant_11.ubulk" 1118
"G:/Projets Unreal en cours/ICAN_Backrooms/Content/Audio/Foley/SoundWaves/Hand/Concrete/Foley_hs_1p_barehand_concrete_plant_11.uasset" 1119
"G:/Projets Unreal en cours/ICAN_Backrooms/Content/Audio/Foley/SoundWaves/Hand/Concrete/Foley_hs_1p_barehand_concrete_plant_11.uexp" 1120
"G:/Projets Unreal en cours/ICAN_Backrooms/Content/Audio/Foley/SoundWaves/Hand/Concrete/Foley_hs_1p_barehand_concrete_plant_12.ubulk" 1121
"G:/Projets Unreal en cours/ICAN_Backrooms/Content/Audio/Foley/SoundWaves/Hand/Concrete/Foley_hs_1p_barehand_concrete_plant_12.uasset" 1122
"G:/Projets Unreal en cours/ICAN_Backrooms/Content/Audio/Foley/SoundWaves/Hand/Concrete/Foley_hs_1p_barehand_concrete_plant_12.uexp" 1123
"G:/Projets Unreal en cours/ICAN_Backrooms/Content/Audio/Foley/SoundWaves/Hand/Concrete/Foley_hs_1p_barehand_concrete_plant_13.ubulk" 1124
"G:/Projets Unreal en cours/ICAN_Backrooms/Content/Audio/Foley/SoundWaves/Hand/Concrete/Foley_hs_1p_barehand_concrete_plant_13.uasset" 1125
"G:/Projets Unreal en cours/ICAN_Backrooms/Content/Audio/Foley/SoundWaves/Hand/Concrete/Foley_hs_1p_barehand_concrete_plant_13.uexp" 1126
"G:/Projets Unreal en cours/ICAN_Backrooms/Content/Audio/Foley/SoundWaves/Hand/Concrete/Foley_hs_1p_barehand_concrete_plant_07.ubulk" 1127
"G:/Projets Unreal en cours/ICAN_Backrooms/Content/Audio/Foley/SoundWaves/Hand/Concrete/Foley_hs_1p_barehand_concrete_plant_07.uasset" 1128
"G:/Projets Unreal en cours/ICAN_Backrooms/Content/Audio/Foley/SoundWaves/Hand/Concrete/Foley_hs_1p_barehand_concrete_plant_07.uexp" 1129
"G:/Projets Unreal en cours/ICAN_Backrooms/Content/Audio/Foley/SoundWaves/Hand/Concrete/Foley_hs_1p_barehand_concrete_plant_06.ubulk" 1130
"G:/Projets Unreal en cours/ICAN_Backrooms/Content/Audio/Foley/SoundWaves/Hand/Concrete/Foley_hs_1p_barehand_concrete_plant_06.uasset" 1131
"G:/Projets Unreal en cours/ICAN_Backrooms/Content/Audio/Foley/SoundWaves/Hand/Concrete/Foley_hs_1p_barehand_concrete_plant_06.uexp" 1132
"G:/Projets Unreal en cours/ICAN_Backrooms/Content/Audio/Foley/SoundWaves/Hand/Concrete/Foley_hs_1p_barehand_concrete_plant_05.ubulk" 1133
"G:/Projets Unreal en cours/ICAN_Backrooms/Content/Audio/Foley/SoundWaves/Hand/Concrete/Foley_hs_1p_barehand_concrete_plant_05.uasset" 1134
"G:/Projets Unreal en cours/ICAN_Backrooms/Content/Audio/Foley/SoundWaves/Hand/Concrete/Foley_hs_1p_barehand_concrete_plant_05.uexp" 1135
"G:/Projets Unreal en cours/ICAN_Backrooms/Content/Audio/Foley/SoundWaves/Hand/Concrete/Foley_hs_1p_barehand_concrete_plant_04.ubulk" 1136
"G:/Projets Unreal en cours/ICAN_Backrooms/Content/Audio/Foley/SoundWaves/Hand/Concrete/Foley_hs_1p_barehand_concrete_plant_04.uasset" 1137
"G:/Projets Unreal en cours/ICAN_Backrooms/Content/Audio/Foley/SoundWaves/Hand/Concrete/Foley_hs_1p_barehand_concrete_plant_04.uexp" 1138
"G:/Projets Unreal en cours/ICAN_Backrooms/Content/Audio/Foley/SoundWaves/Hand/Concrete/Foley_hs_1p_barehand_concrete_plant_01.ubulk" 1139
"G:/Projets Unreal en cours/ICAN_Backrooms/Content/Audio/Foley/SoundWaves/Hand/Concrete/Foley_hs_1p_barehand_concrete_plant_01.uasset" 1140
"G:/Projets Unreal en cours/ICAN_Backrooms/Content/Audio/Foley/SoundWaves/Hand/Concrete/Foley_hs_1p_barehand_concrete_plant_01.uexp" 1141
"G:/Projets Unreal en cours/ICAN_Backrooms/Content/Audio/Foley/MetaSounds/MSS_FoleySound_Handplant.uasset" 1142
"G:/Projets Unreal en cours/ICAN_Backrooms/Content/Audio/Foley/MetaSounds/MSS_FoleySound_Handplant.uexp" 1143
"G:/Projets Unreal en cours/ICAN_Backrooms/Content/Audio/Foley/SoundWaves/Sneaker/Concrete/Foley_fs_1p_sneaker_concrete_walkBackwds_02.ubulk" 1144
"G:/Projets Unreal en cours/ICAN_Backrooms/Content/Audio/Foley/SoundWaves/Sneaker/Concrete/Foley_fs_1p_sneaker_concrete_walkBackwds_02.uasset" 1145
"G:/Projets Unreal en cours/ICAN_Backrooms/Content/Audio/Foley/SoundWaves/Sneaker/Concrete/Foley_fs_1p_sneaker_concrete_walkBackwds_02.uexp" 1146
"G:/Projets Unreal en cours/ICAN_Backrooms/Content/Audio/Foley/SoundWaves/Sneaker/Concrete/Foley_fs_1p_sneaker_concrete_walkBackwds_09.ubulk" 1147
"G:/Projets Unreal en cours/ICAN_Backrooms/Content/Audio/Foley/SoundWaves/Sneaker/Concrete/Foley_fs_1p_sneaker_concrete_walkBackwds_09.uasset" 1148
"G:/Projets Unreal en cours/ICAN_Backrooms/Content/Audio/Foley/SoundWaves/Sneaker/Concrete/Foley_fs_1p_sneaker_concrete_walkBackwds_09.uexp" 1149
"G:/Projets Unreal en cours/ICAN_Backrooms/Content/Audio/Foley/SoundWaves/Sneaker/Concrete/Foley_fs_1p_sneaker_concrete_walkBackwds_01.ubulk" 1150
"G:/Projets Unreal en cours/ICAN_Backrooms/Content/Audio/Foley/SoundWaves/Sneaker/Concrete/Foley_fs_1p_sneaker_concrete_walkBackwds_01.uasset" 1151
"G:/Projets Unreal en cours/ICAN_Backrooms/Content/Audio/Foley/SoundWaves/Sneaker/Concrete/Foley_fs_1p_sneaker_concrete_walkBackwds_01.uexp" 1152
"G:/Projets Unreal en cours/ICAN_Backrooms/Content/Audio/Foley/SoundWaves/Sneaker/Concrete/Foley_fs_1p_sneaker_concrete_walkBackwds_10.ubulk" 1153
"G:/Projets Unreal en cours/ICAN_Backrooms/Content/Audio/Foley/SoundWaves/Sneaker/Concrete/Foley_fs_1p_sneaker_concrete_walkBackwds_10.uasset" 1154
"G:/Projets Unreal en cours/ICAN_Backrooms/Content/Audio/Foley/SoundWaves/Sneaker/Concrete/Foley_fs_1p_sneaker_concrete_walkBackwds_10.uexp" 1155
"G:/Projets Unreal en cours/ICAN_Backrooms/Content/Audio/Foley/SoundWaves/Sneaker/Concrete/Foley_fs_1p_sneaker_concrete_walkBackwds_11.ubulk" 1156
"G:/Projets Unreal en cours/ICAN_Backrooms/Content/Audio/Foley/SoundWaves/Sneaker/Concrete/Foley_fs_1p_sneaker_concrete_walkBackwds_11.uasset" 1157
"G:/Projets Unreal en cours/ICAN_Backrooms/Content/Audio/Foley/SoundWaves/Sneaker/Concrete/Foley_fs_1p_sneaker_concrete_walkBackwds_11.uexp" 1158
"G:/Projets Unreal en cours/ICAN_Backrooms/Content/Audio/Foley/SoundWaves/Sneaker/Concrete/Foley_fs_1p_sneaker_concrete_walkBackwds_12.ubulk" 1159
"G:/Projets Unreal en cours/ICAN_Backrooms/Content/Audio/Foley/SoundWaves/Sneaker/Concrete/Foley_fs_1p_sneaker_concrete_walkBackwds_12.uasset" 1160
"G:/Projets Unreal en cours/ICAN_Backrooms/Content/Audio/Foley/SoundWaves/Sneaker/Concrete/Foley_fs_1p_sneaker_concrete_walkBackwds_12.uexp" 1161
"G:/Projets Unreal en cours/ICAN_Backrooms/Content/Audio/Foley/SoundWaves/Sneaker/Concrete/Foley_fs_1p_sneaker_concrete_walkBackwds_13.ubulk" 1162
"G:/Projets Unreal en cours/ICAN_Backrooms/Content/Audio/Foley/SoundWaves/Sneaker/Concrete/Foley_fs_1p_sneaker_concrete_walkBackwds_13.uasset" 1163
"G:/Projets Unreal en cours/ICAN_Backrooms/Content/Audio/Foley/SoundWaves/Sneaker/Concrete/Foley_fs_1p_sneaker_concrete_walkBackwds_13.uexp" 1164
"G:/Projets Unreal en cours/ICAN_Backrooms/Content/Audio/Foley/SoundWaves/Sneaker/Concrete/Foley_fs_1p_sneaker_concrete_walkBackwds_14.ubulk" 1165
"G:/Projets Unreal en cours/ICAN_Backrooms/Content/Audio/Foley/SoundWaves/Sneaker/Concrete/Foley_fs_1p_sneaker_concrete_walkBackwds_14.uasset" 1166
"G:/Projets Unreal en cours/ICAN_Backrooms/Content/Audio/Foley/SoundWaves/Sneaker/Concrete/Foley_fs_1p_sneaker_concrete_walkBackwds_14.uexp" 1167
"G:/Projets Unreal en cours/ICAN_Backrooms/Content/Audio/Foley/SoundWaves/Sneaker/Concrete/Foley_fs_1p_sneaker_concrete_walkBackwds_15.ubulk" 1168
"G:/Projets Unreal en cours/ICAN_Backrooms/Content/Audio/Foley/SoundWaves/Sneaker/Concrete/Foley_fs_1p_sneaker_concrete_walkBackwds_15.uasset" 1169
"G:/Projets Unreal en cours/ICAN_Backrooms/Content/Audio/Foley/SoundWaves/Sneaker/Concrete/Foley_fs_1p_sneaker_concrete_walkBackwds_15.uexp" 1170
"G:/Projets Unreal en cours/ICAN_Backrooms/Content/Audio/Foley/SoundWaves/Sneaker/Concrete/Foley_fs_1p_sneaker_concrete_walkBackwds_16.ubulk" 1171
"G:/Projets Unreal en cours/ICAN_Backrooms/Content/Audio/Foley/SoundWaves/Sneaker/Concrete/Foley_fs_1p_sneaker_concrete_walkBackwds_16.uasset" 1172
"G:/Projets Unreal en cours/ICAN_Backrooms/Content/Audio/Foley/SoundWaves/Sneaker/Concrete/Foley_fs_1p_sneaker_concrete_walkBackwds_16.uexp" 1173
"G:/Projets Unreal en cours/ICAN_Backrooms/Content/Audio/Foley/SoundWaves/Sneaker/Concrete/Foley_fs_1p_sneaker_concrete_walkBackwds_17.ubulk" 1174
"G:/Projets Unreal en cours/ICAN_Backrooms/Content/Audio/Foley/SoundWaves/Sneaker/Concrete/Foley_fs_1p_sneaker_concrete_walkBackwds_17.uasset" 1175
"G:/Projets Unreal en cours/ICAN_Backrooms/Content/Audio/Foley/SoundWaves/Sneaker/Concrete/Foley_fs_1p_sneaker_concrete_walkBackwds_17.uexp" 1176
"G:/Projets Unreal en cours/ICAN_Backrooms/Content/Audio/Foley/SoundWaves/Sneaker/Concrete/Foley_fs_1p_sneaker_concrete_walkBackwds_18.ubulk" 1177
"G:/Projets Unreal en cours/ICAN_Backrooms/Content/Audio/Foley/SoundWaves/Sneaker/Concrete/Foley_fs_1p_sneaker_concrete_walkBackwds_18.uasset" 1178
"G:/Projets Unreal en cours/ICAN_Backrooms/Content/Audio/Foley/SoundWaves/Sneaker/Concrete/Foley_fs_1p_sneaker_concrete_walkBackwds_18.uexp" 1179
"G:/Projets Unreal en cours/ICAN_Backrooms/Content/Audio/Foley/SoundWaves/Sneaker/Concrete/Foley_fs_1p_sneaker_concrete_walkBackwds_19.ubulk" 1180
"G:/Projets Unreal en cours/ICAN_Backrooms/Content/Audio/Foley/SoundWaves/Sneaker/Concrete/Foley_fs_1p_sneaker_concrete_walkBackwds_19.uasset" 1181
"G:/Projets Unreal en cours/ICAN_Backrooms/Content/Audio/Foley/SoundWaves/Sneaker/Concrete/Foley_fs_1p_sneaker_concrete_walkBackwds_19.uexp" 1182
"G:/Projets Unreal en cours/ICAN_Backrooms/Content/Audio/Foley/SoundWaves/Sneaker/Concrete/Foley_fs_1p_sneaker_concrete_walkBackwds_20.ubulk" 1183
"G:/Projets Unreal en cours/ICAN_Backrooms/Content/Audio/Foley/SoundWaves/Sneaker/Concrete/Foley_fs_1p_sneaker_concrete_walkBackwds_20.uasset" 1184
"G:/Projets Unreal en cours/ICAN_Backrooms/Content/Audio/Foley/SoundWaves/Sneaker/Concrete/Foley_fs_1p_sneaker_concrete_walkBackwds_20.uexp" 1185
"G:/Projets Unreal en cours/ICAN_Backrooms/Content/Audio/Foley/SoundWaves/Sneaker/Concrete/Foley_fs_1p_sneaker_concrete_walkBackwds_21.ubulk" 1186
"G:/Projets Unreal en cours/ICAN_Backrooms/Content/Audio/Foley/SoundWaves/Sneaker/Concrete/Foley_fs_1p_sneaker_concrete_walkBackwds_21.uasset" 1187
"G:/Projets Unreal en cours/ICAN_Backrooms/Content/Audio/Foley/SoundWaves/Sneaker/Concrete/Foley_fs_1p_sneaker_concrete_walkBackwds_21.uexp" 1188
"G:/Projets Unreal en cours/ICAN_Backrooms/Content/Audio/Foley/SoundWaves/Sneaker/Concrete/Foley_fs_1p_sneaker_concrete_walkBackwds_22.ubulk" 1189
"G:/Projets Unreal en cours/ICAN_Backrooms/Content/Audio/Foley/SoundWaves/Sneaker/Concrete/Foley_fs_1p_sneaker_concrete_walkBackwds_22.uasset" 1190
"G:/Projets Unreal en cours/ICAN_Backrooms/Content/Audio/Foley/SoundWaves/Sneaker/Concrete/Foley_fs_1p_sneaker_concrete_walkBackwds_22.uexp" 1191
"G:/Projets Unreal en cours/ICAN_Backrooms/Content/Audio/Foley/SoundWaves/Sneaker/Concrete/Foley_fs_1p_sneaker_concrete_walkBackwds_23.ubulk" 1192
"G:/Projets Unreal en cours/ICAN_Backrooms/Content/Audio/Foley/SoundWaves/Sneaker/Concrete/Foley_fs_1p_sneaker_concrete_walkBackwds_23.uasset" 1193
"G:/Projets Unreal en cours/ICAN_Backrooms/Content/Audio/Foley/SoundWaves/Sneaker/Concrete/Foley_fs_1p_sneaker_concrete_walkBackwds_23.uexp" 1194
"G:/Projets Unreal en cours/ICAN_Backrooms/Content/Audio/Foley/SoundWaves/Sneaker/Concrete/Foley_fs_1p_sneaker_concrete_walkBackwds_24.ubulk" 1195
"G:/Projets Unreal en cours/ICAN_Backrooms/Content/Audio/Foley/SoundWaves/Sneaker/Concrete/Foley_fs_1p_sneaker_concrete_walkBackwds_24.uasset" 1196
"G:/Projets Unreal en cours/ICAN_Backrooms/Content/Audio/Foley/SoundWaves/Sneaker/Concrete/Foley_fs_1p_sneaker_concrete_walkBackwds_24.uexp" 1197
"G:/Projets Unreal en cours/ICAN_Backrooms/Content/Audio/Foley/SoundWaves/Sneaker/Concrete/Foley_fs_1p_sneaker_concrete_walkBackwds_25.ubulk" 1198
"G:/Projets Unreal en cours/ICAN_Backrooms/Content/Audio/Foley/SoundWaves/Sneaker/Concrete/Foley_fs_1p_sneaker_concrete_walkBackwds_25.uasset" 1199
"G:/Projets Unreal en cours/ICAN_Backrooms/Content/Audio/Foley/SoundWaves/Sneaker/Concrete/Foley_fs_1p_sneaker_concrete_walkBackwds_25.uexp" 1200
"G:/Projets Unreal en cours/ICAN_Backrooms/Content/Audio/Foley/SoundWaves/Sneaker/Concrete/Foley_fs_1p_sneaker_concrete_walkBackwds_26.ubulk" 1201
"G:/Projets Unreal en cours/ICAN_Backrooms/Content/Audio/Foley/SoundWaves/Sneaker/Concrete/Foley_fs_1p_sneaker_concrete_walkBackwds_26.uasset" 1202
"G:/Projets Unreal en cours/ICAN_Backrooms/Content/Audio/Foley/SoundWaves/Sneaker/Concrete/Foley_fs_1p_sneaker_concrete_walkBackwds_26.uexp" 1203
"G:/Projets Unreal en cours/ICAN_Backrooms/Content/Audio/Foley/SoundWaves/Sneaker/Concrete/Foley_fs_1p_sneaker_concrete_walkBackwds_27.ubulk" 1204
"G:/Projets Unreal en cours/ICAN_Backrooms/Content/Audio/Foley/SoundWaves/Sneaker/Concrete/Foley_fs_1p_sneaker_concrete_walkBackwds_27.uasset" 1205
"G:/Projets Unreal en cours/ICAN_Backrooms/Content/Audio/Foley/SoundWaves/Sneaker/Concrete/Foley_fs_1p_sneaker_concrete_walkBackwds_27.uexp" 1206
"G:/Projets Unreal en cours/ICAN_Backrooms/Content/Audio/Foley/SoundWaves/Sneaker/Concrete/Foley_fs_1p_sneaker_concrete_walkBackwds_28.ubulk" 1207
"G:/Projets Unreal en cours/ICAN_Backrooms/Content/Audio/Foley/SoundWaves/Sneaker/Concrete/Foley_fs_1p_sneaker_concrete_walkBackwds_28.uasset" 1208
"G:/Projets Unreal en cours/ICAN_Backrooms/Content/Audio/Foley/SoundWaves/Sneaker/Concrete/Foley_fs_1p_sneaker_concrete_walkBackwds_28.uexp" 1209
"G:/Projets Unreal en cours/ICAN_Backrooms/Content/Audio/Foley/SoundWaves/Sneaker/Concrete/Foley_fs_1p_sneaker_concrete_walkBackwds_05.ubulk" 1210
"G:/Projets Unreal en cours/ICAN_Backrooms/Content/Audio/Foley/SoundWaves/Sneaker/Concrete/Foley_fs_1p_sneaker_concrete_walkBackwds_05.uasset" 1211
"G:/Projets Unreal en cours/ICAN_Backrooms/Content/Audio/Foley/SoundWaves/Sneaker/Concrete/Foley_fs_1p_sneaker_concrete_walkBackwds_05.uexp" 1212
"G:/Projets Unreal en cours/ICAN_Backrooms/Content/Audio/Foley/SoundWaves/Sneaker/Concrete/Foley_fs_1p_sneaker_concrete_walkBackwds_07.ubulk" 1213
"G:/Projets Unreal en cours/ICAN_Backrooms/Content/Audio/Foley/SoundWaves/Sneaker/Concrete/Foley_fs_1p_sneaker_concrete_walkBackwds_07.uasset" 1214
"G:/Projets Unreal en cours/ICAN_Backrooms/Content/Audio/Foley/SoundWaves/Sneaker/Concrete/Foley_fs_1p_sneaker_concrete_walkBackwds_07.uexp" 1215
"G:/Projets Unreal en cours/ICAN_Backrooms/Content/Audio/Foley/SoundWaves/Sneaker/Concrete/Foley_fs_1p_sneaker_concrete_walkBackwds_06.ubulk" 1216
"G:/Projets Unreal en cours/ICAN_Backrooms/Content/Audio/Foley/SoundWaves/Sneaker/Concrete/Foley_fs_1p_sneaker_concrete_walkBackwds_06.uasset" 1217
"G:/Projets Unreal en cours/ICAN_Backrooms/Content/Audio/Foley/SoundWaves/Sneaker/Concrete/Foley_fs_1p_sneaker_concrete_walkBackwds_06.uexp" 1218
"G:/Projets Unreal en cours/ICAN_Backrooms/Content/Audio/Foley/SoundWaves/Sneaker/Concrete/Foley_fs_1p_sneaker_concrete_walkBackwds_03.ubulk" 1219
"G:/Projets Unreal en cours/ICAN_Backrooms/Content/Audio/Foley/SoundWaves/Sneaker/Concrete/Foley_fs_1p_sneaker_concrete_walkBackwds_03.uasset" 1220
"G:/Projets Unreal en cours/ICAN_Backrooms/Content/Audio/Foley/SoundWaves/Sneaker/Concrete/Foley_fs_1p_sneaker_concrete_walkBackwds_03.uexp" 1221
"G:/Projets Unreal en cours/ICAN_Backrooms/Content/Audio/Foley/SoundWaves/Sneaker/Concrete/Foley_fs_1p_sneaker_concrete_walkBackwds_04.ubulk" 1222
"G:/Projets Unreal en cours/ICAN_Backrooms/Content/Audio/Foley/SoundWaves/Sneaker/Concrete/Foley_fs_1p_sneaker_concrete_walkBackwds_04.uasset" 1223
"G:/Projets Unreal en cours/ICAN_Backrooms/Content/Audio/Foley/SoundWaves/Sneaker/Concrete/Foley_fs_1p_sneaker_concrete_walkBackwds_04.uexp" 1224
"G:/Projets Unreal en cours/ICAN_Backrooms/Content/Audio/Foley/SoundWaves/Sneaker/Concrete/Foley_fs_1p_sneaker_concrete_walkBackwds_08.ubulk" 1225
"G:/Projets Unreal en cours/ICAN_Backrooms/Content/Audio/Foley/SoundWaves/Sneaker/Concrete/Foley_fs_1p_sneaker_concrete_walkBackwds_08.uasset" 1226
"G:/Projets Unreal en cours/ICAN_Backrooms/Content/Audio/Foley/SoundWaves/Sneaker/Concrete/Foley_fs_1p_sneaker_concrete_walkBackwds_08.uexp" 1227
"G:/Projets Unreal en cours/ICAN_Backrooms/Content/Audio/Foley/MetaSounds/MSS_FoleySound_WalkBackwards.uasset" 1228
"G:/Projets Unreal en cours/ICAN_Backrooms/Content/Audio/Foley/MetaSounds/MSS_FoleySound_WalkBackwards.uexp" 1229
"G:/Projets Unreal en cours/ICAN_Backrooms/Content/Audio/Foley/SoundWaves/Sneaker/Concrete/Foley_fs_1p_sneaker_concrete_scuff_01.ubulk" 1230
"G:/Projets Unreal en cours/ICAN_Backrooms/Content/Audio/Foley/SoundWaves/Sneaker/Concrete/Foley_fs_1p_sneaker_concrete_scuff_01.uasset" 1231
"G:/Projets Unreal en cours/ICAN_Backrooms/Content/Audio/Foley/SoundWaves/Sneaker/Concrete/Foley_fs_1p_sneaker_concrete_scuff_01.uexp" 1232
"G:/Projets Unreal en cours/ICAN_Backrooms/Content/Audio/Foley/SoundWaves/Sneaker/Concrete/Foley_fs_1p_sneaker_concrete_scuff_04.ubulk" 1233
"G:/Projets Unreal en cours/ICAN_Backrooms/Content/Audio/Foley/SoundWaves/Sneaker/Concrete/Foley_fs_1p_sneaker_concrete_scuff_04.uasset" 1234
"G:/Projets Unreal en cours/ICAN_Backrooms/Content/Audio/Foley/SoundWaves/Sneaker/Concrete/Foley_fs_1p_sneaker_concrete_scuff_04.uexp" 1235
"G:/Projets Unreal en cours/ICAN_Backrooms/Content/Audio/Foley/SoundWaves/Sneaker/Concrete/Foley_fs_1p_sneaker_concrete_scuff_09.ubulk" 1236
"G:/Projets Unreal en cours/ICAN_Backrooms/Content/Audio/Foley/SoundWaves/Sneaker/Concrete/Foley_fs_1p_sneaker_concrete_scuff_09.uasset" 1237
"G:/Projets Unreal en cours/ICAN_Backrooms/Content/Audio/Foley/SoundWaves/Sneaker/Concrete/Foley_fs_1p_sneaker_concrete_scuff_09.uexp" 1238
"G:/Projets Unreal en cours/ICAN_Backrooms/Content/Audio/Foley/SoundWaves/Sneaker/Concrete/Foley_fs_1p_sneaker_concrete_scuff_06.ubulk" 1239
"G:/Projets Unreal en cours/ICAN_Backrooms/Content/Audio/Foley/SoundWaves/Sneaker/Concrete/Foley_fs_1p_sneaker_concrete_scuff_06.uasset" 1240
"G:/Projets Unreal en cours/ICAN_Backrooms/Content/Audio/Foley/SoundWaves/Sneaker/Concrete/Foley_fs_1p_sneaker_concrete_scuff_06.uexp" 1241
"G:/Projets Unreal en cours/ICAN_Backrooms/Content/Audio/Foley/SoundWaves/Sneaker/Concrete/Foley_fs_1p_sneaker_concrete_scuff_05.ubulk" 1242
"G:/Projets Unreal en cours/ICAN_Backrooms/Content/Audio/Foley/SoundWaves/Sneaker/Concrete/Foley_fs_1p_sneaker_concrete_scuff_05.uasset" 1243
"G:/Projets Unreal en cours/ICAN_Backrooms/Content/Audio/Foley/SoundWaves/Sneaker/Concrete/Foley_fs_1p_sneaker_concrete_scuff_05.uexp" 1244
"G:/Projets Unreal en cours/ICAN_Backrooms/Content/Audio/Foley/SoundWaves/Sneaker/Concrete/Foley_fs_1p_sneaker_concrete_scuff_02.ubulk" 1245
"G:/Projets Unreal en cours/ICAN_Backrooms/Content/Audio/Foley/SoundWaves/Sneaker/Concrete/Foley_fs_1p_sneaker_concrete_scuff_02.uasset" 1246
"G:/Projets Unreal en cours/ICAN_Backrooms/Content/Audio/Foley/SoundWaves/Sneaker/Concrete/Foley_fs_1p_sneaker_concrete_scuff_02.uexp" 1247
"G:/Projets Unreal en cours/ICAN_Backrooms/Content/Audio/Foley/SoundWaves/Sneaker/Concrete/Foley_fs_1p_sneaker_concrete_scuff_10.ubulk" 1248
"G:/Projets Unreal en cours/ICAN_Backrooms/Content/Audio/Foley/SoundWaves/Sneaker/Concrete/Foley_fs_1p_sneaker_concrete_scuff_10.uasset" 1249
"G:/Projets Unreal en cours/ICAN_Backrooms/Content/Audio/Foley/SoundWaves/Sneaker/Concrete/Foley_fs_1p_sneaker_concrete_scuff_10.uexp" 1250
"G:/Projets Unreal en cours/ICAN_Backrooms/Content/Audio/Foley/SoundWaves/Sneaker/Concrete/Foley_fs_1p_sneaker_concrete_scuff_11.ubulk" 1251
"G:/Projets Unreal en cours/ICAN_Backrooms/Content/Audio/Foley/SoundWaves/Sneaker/Concrete/Foley_fs_1p_sneaker_concrete_scuff_11.uasset" 1252
"G:/Projets Unreal en cours/ICAN_Backrooms/Content/Audio/Foley/SoundWaves/Sneaker/Concrete/Foley_fs_1p_sneaker_concrete_scuff_11.uexp" 1253
"G:/Projets Unreal en cours/ICAN_Backrooms/Content/Audio/Foley/SoundWaves/Sneaker/Concrete/Foley_fs_1p_sneaker_concrete_scuff_12.ubulk" 1254
"G:/Projets Unreal en cours/ICAN_Backrooms/Content/Audio/Foley/SoundWaves/Sneaker/Concrete/Foley_fs_1p_sneaker_concrete_scuff_12.uasset" 1255
"G:/Projets Unreal en cours/ICAN_Backrooms/Content/Audio/Foley/SoundWaves/Sneaker/Concrete/Foley_fs_1p_sneaker_concrete_scuff_12.uexp" 1256
"G:/Projets Unreal en cours/ICAN_Backrooms/Content/Audio/Foley/SoundWaves/Sneaker/Concrete/Foley_fs_1p_sneaker_concrete_scuff_13.ubulk" 1257
"G:/Projets Unreal en cours/ICAN_Backrooms/Content/Audio/Foley/SoundWaves/Sneaker/Concrete/Foley_fs_1p_sneaker_concrete_scuff_13.uasset" 1258
"G:/Projets Unreal en cours/ICAN_Backrooms/Content/Audio/Foley/SoundWaves/Sneaker/Concrete/Foley_fs_1p_sneaker_concrete_scuff_13.uexp" 1259
"G:/Projets Unreal en cours/ICAN_Backrooms/Content/Audio/Foley/SoundWaves/Sneaker/Concrete/Foley_fs_1p_sneaker_concrete_scuff_14.ubulk" 1260
"G:/Projets Unreal en cours/ICAN_Backrooms/Content/Audio/Foley/SoundWaves/Sneaker/Concrete/Foley_fs_1p_sneaker_concrete_scuff_14.uasset" 1261
"G:/Projets Unreal en cours/ICAN_Backrooms/Content/Audio/Foley/SoundWaves/Sneaker/Concrete/Foley_fs_1p_sneaker_concrete_scuff_14.uexp" 1262
"G:/Projets Unreal en cours/ICAN_Backrooms/Content/Audio/Foley/SoundWaves/Sneaker/Concrete/Foley_fs_1p_sneaker_concrete_scuff_15.ubulk" 1263
"G:/Projets Unreal en cours/ICAN_Backrooms/Content/Audio/Foley/SoundWaves/Sneaker/Concrete/Foley_fs_1p_sneaker_concrete_scuff_15.uasset" 1264
"G:/Projets Unreal en cours/ICAN_Backrooms/Content/Audio/Foley/SoundWaves/Sneaker/Concrete/Foley_fs_1p_sneaker_concrete_scuff_15.uexp" 1265
"G:/Projets Unreal en cours/ICAN_Backrooms/Content/Audio/Foley/SoundWaves/Sneaker/Concrete/Foley_fs_1p_sneaker_concrete_scuff_16.ubulk" 1266
"G:/Projets Unreal en cours/ICAN_Backrooms/Content/Audio/Foley/SoundWaves/Sneaker/Concrete/Foley_fs_1p_sneaker_concrete_scuff_16.uasset" 1267
"G:/Projets Unreal en cours/ICAN_Backrooms/Content/Audio/Foley/SoundWaves/Sneaker/Concrete/Foley_fs_1p_sneaker_concrete_scuff_16.uexp" 1268
"G:/Projets Unreal en cours/ICAN_Backrooms/Content/Audio/Foley/SoundWaves/Sneaker/Concrete/Foley_fs_1p_sneaker_concrete_scuff_17.ubulk" 1269
"G:/Projets Unreal en cours/ICAN_Backrooms/Content/Audio/Foley/SoundWaves/Sneaker/Concrete/Foley_fs_1p_sneaker_concrete_scuff_17.uasset" 1270
"G:/Projets Unreal en cours/ICAN_Backrooms/Content/Audio/Foley/SoundWaves/Sneaker/Concrete/Foley_fs_1p_sneaker_concrete_scuff_17.uexp" 1271
"G:/Projets Unreal en cours/ICAN_Backrooms/Content/Audio/Foley/SoundWaves/Sneaker/Concrete/Foley_fs_1p_sneaker_concrete_scuff_18.ubulk" 1272
"G:/Projets Unreal en cours/ICAN_Backrooms/Content/Audio/Foley/SoundWaves/Sneaker/Concrete/Foley_fs_1p_sneaker_concrete_scuff_18.uasset" 1273
"G:/Projets Unreal en cours/ICAN_Backrooms/Content/Audio/Foley/SoundWaves/Sneaker/Concrete/Foley_fs_1p_sneaker_concrete_scuff_18.uexp" 1274
"G:/Projets Unreal en cours/ICAN_Backrooms/Content/Audio/Foley/SoundWaves/Sneaker/Concrete/Foley_fs_1p_sneaker_concrete_scuff_19.ubulk" 1275
"G:/Projets Unreal en cours/ICAN_Backrooms/Content/Audio/Foley/SoundWaves/Sneaker/Concrete/Foley_fs_1p_sneaker_concrete_scuff_19.uasset" 1276
"G:/Projets Unreal en cours/ICAN_Backrooms/Content/Audio/Foley/SoundWaves/Sneaker/Concrete/Foley_fs_1p_sneaker_concrete_scuff_19.uexp" 1277
"G:/Projets Unreal en cours/ICAN_Backrooms/Content/Audio/Foley/SoundWaves/Sneaker/Concrete/Foley_fs_1p_sneaker_concrete_scuff_20.ubulk" 1278
"G:/Projets Unreal en cours/ICAN_Backrooms/Content/Audio/Foley/SoundWaves/Sneaker/Concrete/Foley_fs_1p_sneaker_concrete_scuff_20.uasset" 1279
"G:/Projets Unreal en cours/ICAN_Backrooms/Content/Audio/Foley/SoundWaves/Sneaker/Concrete/Foley_fs_1p_sneaker_concrete_scuff_20.uexp" 1280
"G:/Projets Unreal en cours/ICAN_Backrooms/Content/Audio/Foley/SoundWaves/Sneaker/Concrete/Foley_fs_1p_sneaker_concrete_scuff_21.ubulk" 1281
"G:/Projets Unreal en cours/ICAN_Backrooms/Content/Audio/Foley/SoundWaves/Sneaker/Concrete/Foley_fs_1p_sneaker_concrete_scuff_21.uasset" 1282
"G:/Projets Unreal en cours/ICAN_Backrooms/Content/Audio/Foley/SoundWaves/Sneaker/Concrete/Foley_fs_1p_sneaker_concrete_scuff_21.uexp" 1283
"G:/Projets Unreal en cours/ICAN_Backrooms/Content/Audio/Foley/SoundWaves/Sneaker/Concrete/Foley_fs_1p_sneaker_concrete_scuff_22.ubulk" 1284
"G:/Projets Unreal en cours/ICAN_Backrooms/Content/Audio/Foley/SoundWaves/Sneaker/Concrete/Foley_fs_1p_sneaker_concrete_scuff_22.uasset" 1285
"G:/Projets Unreal en cours/ICAN_Backrooms/Content/Audio/Foley/SoundWaves/Sneaker/Concrete/Foley_fs_1p_sneaker_concrete_scuff_22.uexp" 1286
"G:/Projets Unreal en cours/ICAN_Backrooms/Content/Audio/Foley/SoundWaves/Sneaker/Concrete/Foley_fs_1p_sneaker_concrete_scuff_23.ubulk" 1287
"G:/Projets Unreal en cours/ICAN_Backrooms/Content/Audio/Foley/SoundWaves/Sneaker/Concrete/Foley_fs_1p_sneaker_concrete_scuff_23.uasset" 1288
"G:/Projets Unreal en cours/ICAN_Backrooms/Content/Audio/Foley/SoundWaves/Sneaker/Concrete/Foley_fs_1p_sneaker_concrete_scuff_23.uexp" 1289
"G:/Projets Unreal en cours/ICAN_Backrooms/Content/Audio/Foley/SoundWaves/Sneaker/Concrete/Foley_fs_1p_sneaker_concrete_scuff_08.ubulk" 1290
"G:/Projets Unreal en cours/ICAN_Backrooms/Content/Audio/Foley/SoundWaves/Sneaker/Concrete/Foley_fs_1p_sneaker_concrete_scuff_08.uasset" 1291
"G:/Projets Unreal en cours/ICAN_Backrooms/Content/Audio/Foley/SoundWaves/Sneaker/Concrete/Foley_fs_1p_sneaker_concrete_scuff_08.uexp" 1292
"G:/Projets Unreal en cours/ICAN_Backrooms/Content/Audio/Foley/SoundWaves/Sneaker/Concrete/Foley_fs_1p_sneaker_concrete_scuff_03.ubulk" 1293
"G:/Projets Unreal en cours/ICAN_Backrooms/Content/Audio/Foley/SoundWaves/Sneaker/Concrete/Foley_fs_1p_sneaker_concrete_scuff_03.uasset" 1294
"G:/Projets Unreal en cours/ICAN_Backrooms/Content/Audio/Foley/SoundWaves/Sneaker/Concrete/Foley_fs_1p_sneaker_concrete_scuff_03.uexp" 1295
"G:/Projets Unreal en cours/ICAN_Backrooms/Content/Audio/Foley/SoundWaves/Sneaker/Concrete/Foley_fs_1p_sneaker_concrete_scuff_07.ubulk" 1296
"G:/Projets Unreal en cours/ICAN_Backrooms/Content/Audio/Foley/SoundWaves/Sneaker/Concrete/Foley_fs_1p_sneaker_concrete_scuff_07.uasset" 1297
"G:/Projets Unreal en cours/ICAN_Backrooms/Content/Audio/Foley/SoundWaves/Sneaker/Concrete/Foley_fs_1p_sneaker_concrete_scuff_07.uexp" 1298
"G:/Projets Unreal en cours/ICAN_Backrooms/Content/Audio/Foley/MetaSounds/MSS_FoleySound_Scuff.uasset" 1299
"G:/Projets Unreal en cours/ICAN_Backrooms/Content/Audio/Foley/MetaSounds/MSS_FoleySound_Scuff.uexp" 1300
"G:/Projets Unreal en cours/ICAN_Backrooms/Content/Audio/Foley/SoundWaves/Body/Foley_bs_1p_body_concrete_tumble_05.ubulk" 1301
"G:/Projets Unreal en cours/ICAN_Backrooms/Content/Audio/Foley/SoundWaves/Body/Foley_bs_1p_body_concrete_tumble_05.uasset" 1302
"G:/Projets Unreal en cours/ICAN_Backrooms/Content/Audio/Foley/SoundWaves/Body/Foley_bs_1p_body_concrete_tumble_05.uexp" 1303
"G:/Projets Unreal en cours/ICAN_Backrooms/Content/Audio/Foley/SoundWaves/Body/Foley_bs_1p_body_concrete_tumble_02.ubulk" 1304
"G:/Projets Unreal en cours/ICAN_Backrooms/Content/Audio/Foley/SoundWaves/Body/Foley_bs_1p_body_concrete_tumble_02.uasset" 1305
"G:/Projets Unreal en cours/ICAN_Backrooms/Content/Audio/Foley/SoundWaves/Body/Foley_bs_1p_body_concrete_tumble_02.uexp" 1306
"G:/Projets Unreal en cours/ICAN_Backrooms/Content/Audio/Foley/SoundWaves/Body/Foley_bs_1p_body_concrete_tumble_01.ubulk" 1307
"G:/Projets Unreal en cours/ICAN_Backrooms/Content/Audio/Foley/SoundWaves/Body/Foley_bs_1p_body_concrete_tumble_01.uasset" 1308
"G:/Projets Unreal en cours/ICAN_Backrooms/Content/Audio/Foley/SoundWaves/Body/Foley_bs_1p_body_concrete_tumble_01.uexp" 1309
"G:/Projets Unreal en cours/ICAN_Backrooms/Content/Audio/Foley/SoundWaves/Body/Foley_bs_1p_body_concrete_tumble_07.ubulk" 1310
"G:/Projets Unreal en cours/ICAN_Backrooms/Content/Audio/Foley/SoundWaves/Body/Foley_bs_1p_body_concrete_tumble_07.uasset" 1311
"G:/Projets Unreal en cours/ICAN_Backrooms/Content/Audio/Foley/SoundWaves/Body/Foley_bs_1p_body_concrete_tumble_07.uexp" 1312
"G:/Projets Unreal en cours/ICAN_Backrooms/Content/Audio/Foley/SoundWaves/Body/Foley_bs_1p_body_concrete_tumble_06.ubulk" 1313
"G:/Projets Unreal en cours/ICAN_Backrooms/Content/Audio/Foley/SoundWaves/Body/Foley_bs_1p_body_concrete_tumble_06.uasset" 1314
"G:/Projets Unreal en cours/ICAN_Backrooms/Content/Audio/Foley/SoundWaves/Body/Foley_bs_1p_body_concrete_tumble_06.uexp" 1315
"G:/Projets Unreal en cours/ICAN_Backrooms/Content/Audio/Foley/SoundWaves/Body/Foley_bs_1p_body_concrete_tumble_08.ubulk" 1316
"G:/Projets Unreal en cours/ICAN_Backrooms/Content/Audio/Foley/SoundWaves/Body/Foley_bs_1p_body_concrete_tumble_08.uasset" 1317
"G:/Projets Unreal en cours/ICAN_Backrooms/Content/Audio/Foley/SoundWaves/Body/Foley_bs_1p_body_concrete_tumble_08.uexp" 1318
"G:/Projets Unreal en cours/ICAN_Backrooms/Content/Audio/Foley/SoundWaves/Body/Foley_bs_1p_body_concrete_tumble_09.ubulk" 1319
"G:/Projets Unreal en cours/ICAN_Backrooms/Content/Audio/Foley/SoundWaves/Body/Foley_bs_1p_body_concrete_tumble_09.uasset" 1320
"G:/Projets Unreal en cours/ICAN_Backrooms/Content/Audio/Foley/SoundWaves/Body/Foley_bs_1p_body_concrete_tumble_09.uexp" 1321
"G:/Projets Unreal en cours/ICAN_Backrooms/Content/Audio/Foley/SoundWaves/Body/Foley_bs_1p_body_concrete_tumble_04.ubulk" 1322
"G:/Projets Unreal en cours/ICAN_Backrooms/Content/Audio/Foley/SoundWaves/Body/Foley_bs_1p_body_concrete_tumble_04.uasset" 1323
"G:/Projets Unreal en cours/ICAN_Backrooms/Content/Audio/Foley/SoundWaves/Body/Foley_bs_1p_body_concrete_tumble_04.uexp" 1324
"G:/Projets Unreal en cours/ICAN_Backrooms/Content/Audio/Foley/SoundWaves/Body/Foley_bs_1p_body_concrete_tumble_03.ubulk" 1325
"G:/Projets Unreal en cours/ICAN_Backrooms/Content/Audio/Foley/SoundWaves/Body/Foley_bs_1p_body_concrete_tumble_03.uasset" 1326
"G:/Projets Unreal en cours/ICAN_Backrooms/Content/Audio/Foley/SoundWaves/Body/Foley_bs_1p_body_concrete_tumble_03.uexp" 1327
"G:/Projets Unreal en cours/ICAN_Backrooms/Content/Audio/Foley/MetaSounds/MSS_FoleySound_Tumble.uasset" 1328
"G:/Projets Unreal en cours/ICAN_Backrooms/Content/Audio/Foley/MetaSounds/MSS_FoleySound_Tumble.uexp" 1329
"G:/Projets Unreal en cours/ICAN_Backrooms/Content/Audio/Foley/SoundWaves/Sneaker/Concrete/Foley_fs_1p_sneaker_concrete_scuffWall_05.ubulk" 1330
"G:/Projets Unreal en cours/ICAN_Backrooms/Content/Audio/Foley/SoundWaves/Sneaker/Concrete/Foley_fs_1p_sneaker_concrete_scuffWall_05.uasset" 1331
"G:/Projets Unreal en cours/ICAN_Backrooms/Content/Audio/Foley/SoundWaves/Sneaker/Concrete/Foley_fs_1p_sneaker_concrete_scuffWall_05.uexp" 1332
"G:/Projets Unreal en cours/ICAN_Backrooms/Content/Audio/Foley/SoundWaves/Sneaker/Concrete/Foley_fs_1p_sneaker_concrete_scuffWall_03.ubulk" 1333
"G:/Projets Unreal en cours/ICAN_Backrooms/Content/Audio/Foley/SoundWaves/Sneaker/Concrete/Foley_fs_1p_sneaker_concrete_scuffWall_03.uasset" 1334
"G:/Projets Unreal en cours/ICAN_Backrooms/Content/Audio/Foley/SoundWaves/Sneaker/Concrete/Foley_fs_1p_sneaker_concrete_scuffWall_03.uexp" 1335
"G:/Projets Unreal en cours/ICAN_Backrooms/Content/Audio/Foley/SoundWaves/Sneaker/Concrete/Foley_fs_1p_sneaker_concrete_scuffWall_10.ubulk" 1336
"G:/Projets Unreal en cours/ICAN_Backrooms/Content/Audio/Foley/SoundWaves/Sneaker/Concrete/Foley_fs_1p_sneaker_concrete_scuffWall_10.uasset" 1337
"G:/Projets Unreal en cours/ICAN_Backrooms/Content/Audio/Foley/SoundWaves/Sneaker/Concrete/Foley_fs_1p_sneaker_concrete_scuffWall_10.uexp" 1338
"G:/Projets Unreal en cours/ICAN_Backrooms/Content/Audio/Foley/SoundWaves/Sneaker/Concrete/Foley_fs_1p_sneaker_concrete_scuffWall_11.ubulk" 1339
"G:/Projets Unreal en cours/ICAN_Backrooms/Content/Audio/Foley/SoundWaves/Sneaker/Concrete/Foley_fs_1p_sneaker_concrete_scuffWall_11.uasset" 1340
"G:/Projets Unreal en cours/ICAN_Backrooms/Content/Audio/Foley/SoundWaves/Sneaker/Concrete/Foley_fs_1p_sneaker_concrete_scuffWall_11.uexp" 1341
"G:/Projets Unreal en cours/ICAN_Backrooms/Content/Audio/Foley/SoundWaves/Sneaker/Concrete/Foley_fs_1p_sneaker_concrete_scuffWall_12.ubulk" 1342
"G:/Projets Unreal en cours/ICAN_Backrooms/Content/Audio/Foley/SoundWaves/Sneaker/Concrete/Foley_fs_1p_sneaker_concrete_scuffWall_12.uasset" 1343
"G:/Projets Unreal en cours/ICAN_Backrooms/Content/Audio/Foley/SoundWaves/Sneaker/Concrete/Foley_fs_1p_sneaker_concrete_scuffWall_12.uexp" 1344
"G:/Projets Unreal en cours/ICAN_Backrooms/Content/Audio/Foley/SoundWaves/Sneaker/Concrete/Foley_fs_1p_sneaker_concrete_scuffWall_13.ubulk" 1345
"G:/Projets Unreal en cours/ICAN_Backrooms/Content/Audio/Foley/SoundWaves/Sneaker/Concrete/Foley_fs_1p_sneaker_concrete_scuffWall_13.uasset" 1346
"G:/Projets Unreal en cours/ICAN_Backrooms/Content/Audio/Foley/SoundWaves/Sneaker/Concrete/Foley_fs_1p_sneaker_concrete_scuffWall_13.uexp" 1347
"G:/Projets Unreal en cours/ICAN_Backrooms/Content/Audio/Foley/SoundWaves/Sneaker/Concrete/Foley_fs_1p_sneaker_concrete_scuffWall_14.ubulk" 1348
"G:/Projets Unreal en cours/ICAN_Backrooms/Content/Audio/Foley/SoundWaves/Sneaker/Concrete/Foley_fs_1p_sneaker_concrete_scuffWall_14.uasset" 1349
"G:/Projets Unreal en cours/ICAN_Backrooms/Content/Audio/Foley/SoundWaves/Sneaker/Concrete/Foley_fs_1p_sneaker_concrete_scuffWall_14.uexp" 1350
"G:/Projets Unreal en cours/ICAN_Backrooms/Content/Audio/Foley/SoundWaves/Sneaker/Concrete/Foley_fs_1p_sneaker_concrete_scuffWall_15.ubulk" 1351
"G:/Projets Unreal en cours/ICAN_Backrooms/Content/Audio/Foley/SoundWaves/Sneaker/Concrete/Foley_fs_1p_sneaker_concrete_scuffWall_15.uasset" 1352
"G:/Projets Unreal en cours/ICAN_Backrooms/Content/Audio/Foley/SoundWaves/Sneaker/Concrete/Foley_fs_1p_sneaker_concrete_scuffWall_15.uexp" 1353
"G:/Projets Unreal en cours/ICAN_Backrooms/Content/Audio/Foley/SoundWaves/Sneaker/Concrete/Foley_fs_1p_sneaker_concrete_scuffWall_16.ubulk" 1354
"G:/Projets Unreal en cours/ICAN_Backrooms/Content/Audio/Foley/SoundWaves/Sneaker/Concrete/Foley_fs_1p_sneaker_concrete_scuffWall_16.uasset" 1355
"G:/Projets Unreal en cours/ICAN_Backrooms/Content/Audio/Foley/SoundWaves/Sneaker/Concrete/Foley_fs_1p_sneaker_concrete_scuffWall_16.uexp" 1356
"G:/Projets Unreal en cours/ICAN_Backrooms/Content/Audio/Foley/SoundWaves/Sneaker/Concrete/Foley_fs_1p_sneaker_concrete_scuffWall_17.ubulk" 1357
"G:/Projets Unreal en cours/ICAN_Backrooms/Content/Audio/Foley/SoundWaves/Sneaker/Concrete/Foley_fs_1p_sneaker_concrete_scuffWall_17.uasset" 1358
"G:/Projets Unreal en cours/ICAN_Backrooms/Content/Audio/Foley/SoundWaves/Sneaker/Concrete/Foley_fs_1p_sneaker_concrete_scuffWall_17.uexp" 1359
"G:/Projets Unreal en cours/ICAN_Backrooms/Content/Audio/Foley/SoundWaves/Sneaker/Concrete/Foley_fs_1p_sneaker_concrete_scuffWall_18.ubulk" 1360
"G:/Projets Unreal en cours/ICAN_Backrooms/Content/Audio/Foley/SoundWaves/Sneaker/Concrete/Foley_fs_1p_sneaker_concrete_scuffWall_18.uasset" 1361
"G:/Projets Unreal en cours/ICAN_Backrooms/Content/Audio/Foley/SoundWaves/Sneaker/Concrete/Foley_fs_1p_sneaker_concrete_scuffWall_18.uexp" 1362
"G:/Projets Unreal en cours/ICAN_Backrooms/Content/Audio/Foley/SoundWaves/Sneaker/Concrete/Foley_fs_1p_sneaker_concrete_scuffWall_19.ubulk" 1363
"G:/Projets Unreal en cours/ICAN_Backrooms/Content/Audio/Foley/SoundWaves/Sneaker/Concrete/Foley_fs_1p_sneaker_concrete_scuffWall_19.uasset" 1364
"G:/Projets Unreal en cours/ICAN_Backrooms/Content/Audio/Foley/SoundWaves/Sneaker/Concrete/Foley_fs_1p_sneaker_concrete_scuffWall_19.uexp" 1365
"G:/Projets Unreal en cours/ICAN_Backrooms/Content/Audio/Foley/SoundWaves/Sneaker/Concrete/Foley_fs_1p_sneaker_concrete_scuffWall_20.ubulk" 1366
"G:/Projets Unreal en cours/ICAN_Backrooms/Content/Audio/Foley/SoundWaves/Sneaker/Concrete/Foley_fs_1p_sneaker_concrete_scuffWall_20.uasset" 1367
"G:/Projets Unreal en cours/ICAN_Backrooms/Content/Audio/Foley/SoundWaves/Sneaker/Concrete/Foley_fs_1p_sneaker_concrete_scuffWall_20.uexp" 1368
"G:/Projets Unreal en cours/ICAN_Backrooms/Content/Audio/Foley/SoundWaves/Sneaker/Concrete/Foley_fs_1p_sneaker_concrete_scuffWall_21.ubulk" 1369
"G:/Projets Unreal en cours/ICAN_Backrooms/Content/Audio/Foley/SoundWaves/Sneaker/Concrete/Foley_fs_1p_sneaker_concrete_scuffWall_21.uasset" 1370
"G:/Projets Unreal en cours/ICAN_Backrooms/Content/Audio/Foley/SoundWaves/Sneaker/Concrete/Foley_fs_1p_sneaker_concrete_scuffWall_21.uexp" 1371
"G:/Projets Unreal en cours/ICAN_Backrooms/Content/Audio/Foley/SoundWaves/Sneaker/Concrete/Foley_fs_1p_sneaker_concrete_scuffWall_22.ubulk" 1372
"G:/Projets Unreal en cours/ICAN_Backrooms/Content/Audio/Foley/SoundWaves/Sneaker/Concrete/Foley_fs_1p_sneaker_concrete_scuffWall_22.uasset" 1373
"G:/Projets Unreal en cours/ICAN_Backrooms/Content/Audio/Foley/SoundWaves/Sneaker/Concrete/Foley_fs_1p_sneaker_concrete_scuffWall_22.uexp" 1374
"G:/Projets Unreal en cours/ICAN_Backrooms/Content/Audio/Foley/SoundWaves/Sneaker/Concrete/Foley_fs_1p_sneaker_concrete_scuffWall_23.ubulk" 1375
"G:/Projets Unreal en cours/ICAN_Backrooms/Content/Audio/Foley/SoundWaves/Sneaker/Concrete/Foley_fs_1p_sneaker_concrete_scuffWall_23.uasset" 1376
"G:/Projets Unreal en cours/ICAN_Backrooms/Content/Audio/Foley/SoundWaves/Sneaker/Concrete/Foley_fs_1p_sneaker_concrete_scuffWall_23.uexp" 1377
"G:/Projets Unreal en cours/ICAN_Backrooms/Content/Audio/Foley/SoundWaves/Sneaker/Concrete/Foley_fs_1p_sneaker_concrete_scuffWall_24.ubulk" 1378
"G:/Projets Unreal en cours/ICAN_Backrooms/Content/Audio/Foley/SoundWaves/Sneaker/Concrete/Foley_fs_1p_sneaker_concrete_scuffWall_24.uasset" 1379
"G:/Projets Unreal en cours/ICAN_Backrooms/Content/Audio/Foley/SoundWaves/Sneaker/Concrete/Foley_fs_1p_sneaker_concrete_scuffWall_24.uexp" 1380
"G:/Projets Unreal en cours/ICAN_Backrooms/Content/Audio/Foley/SoundWaves/Sneaker/Concrete/Foley_fs_1p_sneaker_concrete_scuffWall_25.ubulk" 1381
"G:/Projets Unreal en cours/ICAN_Backrooms/Content/Audio/Foley/SoundWaves/Sneaker/Concrete/Foley_fs_1p_sneaker_concrete_scuffWall_25.uasset" 1382
"G:/Projets Unreal en cours/ICAN_Backrooms/Content/Audio/Foley/SoundWaves/Sneaker/Concrete/Foley_fs_1p_sneaker_concrete_scuffWall_25.uexp" 1383
"G:/Projets Unreal en cours/ICAN_Backrooms/Content/Audio/Foley/SoundWaves/Sneaker/Concrete/Foley_fs_1p_sneaker_concrete_scuffWall_26.ubulk" 1384
"G:/Projets Unreal en cours/ICAN_Backrooms/Content/Audio/Foley/SoundWaves/Sneaker/Concrete/Foley_fs_1p_sneaker_concrete_scuffWall_26.uasset" 1385
"G:/Projets Unreal en cours/ICAN_Backrooms/Content/Audio/Foley/SoundWaves/Sneaker/Concrete/Foley_fs_1p_sneaker_concrete_scuffWall_26.uexp" 1386
"G:/Projets Unreal en cours/ICAN_Backrooms/Content/Audio/Foley/SoundWaves/Sneaker/Concrete/Foley_fs_1p_sneaker_concrete_scuffWall_01.ubulk" 1387
"G:/Projets Unreal en cours/ICAN_Backrooms/Content/Audio/Foley/SoundWaves/Sneaker/Concrete/Foley_fs_1p_sneaker_concrete_scuffWall_01.uasset" 1388
"G:/Projets Unreal en cours/ICAN_Backrooms/Content/Audio/Foley/SoundWaves/Sneaker/Concrete/Foley_fs_1p_sneaker_concrete_scuffWall_01.uexp" 1389
"G:/Projets Unreal en cours/ICAN_Backrooms/Content/Audio/Foley/SoundWaves/Sneaker/Concrete/Foley_fs_1p_sneaker_concrete_scuffWall_09.ubulk" 1390
"G:/Projets Unreal en cours/ICAN_Backrooms/Content/Audio/Foley/SoundWaves/Sneaker/Concrete/Foley_fs_1p_sneaker_concrete_scuffWall_09.uasset" 1391
"G:/Projets Unreal en cours/ICAN_Backrooms/Content/Audio/Foley/SoundWaves/Sneaker/Concrete/Foley_fs_1p_sneaker_concrete_scuffWall_09.uexp" 1392
"G:/Projets Unreal en cours/ICAN_Backrooms/Content/Audio/Foley/SoundWaves/Sneaker/Concrete/Foley_fs_1p_sneaker_concrete_scuffWall_02.ubulk" 1393
"G:/Projets Unreal en cours/ICAN_Backrooms/Content/Audio/Foley/SoundWaves/Sneaker/Concrete/Foley_fs_1p_sneaker_concrete_scuffWall_02.uasset" 1394
"G:/Projets Unreal en cours/ICAN_Backrooms/Content/Audio/Foley/SoundWaves/Sneaker/Concrete/Foley_fs_1p_sneaker_concrete_scuffWall_02.uexp" 1395
"G:/Projets Unreal en cours/ICAN_Backrooms/Content/Audio/Foley/SoundWaves/Sneaker/Concrete/Foley_fs_1p_sneaker_concrete_scuffWall_08.ubulk" 1396
"G:/Projets Unreal en cours/ICAN_Backrooms/Content/Audio/Foley/SoundWaves/Sneaker/Concrete/Foley_fs_1p_sneaker_concrete_scuffWall_08.uasset" 1397
"G:/Projets Unreal en cours/ICAN_Backrooms/Content/Audio/Foley/SoundWaves/Sneaker/Concrete/Foley_fs_1p_sneaker_concrete_scuffWall_08.uexp" 1398
"G:/Projets Unreal en cours/ICAN_Backrooms/Content/Audio/Foley/SoundWaves/Sneaker/Concrete/Foley_fs_1p_sneaker_concrete_scuffWall_07.ubulk" 1399
"G:/Projets Unreal en cours/ICAN_Backrooms/Content/Audio/Foley/SoundWaves/Sneaker/Concrete/Foley_fs_1p_sneaker_concrete_scuffWall_07.uasset" 1400
"G:/Projets Unreal en cours/ICAN_Backrooms/Content/Audio/Foley/SoundWaves/Sneaker/Concrete/Foley_fs_1p_sneaker_concrete_scuffWall_07.uexp" 1401
"G:/Projets Unreal en cours/ICAN_Backrooms/Content/Audio/Foley/SoundWaves/Sneaker/Concrete/Foley_fs_1p_sneaker_concrete_scuffWall_06.ubulk" 1402
"G:/Projets Unreal en cours/ICAN_Backrooms/Content/Audio/Foley/SoundWaves/Sneaker/Concrete/Foley_fs_1p_sneaker_concrete_scuffWall_06.uasset" 1403
"G:/Projets Unreal en cours/ICAN_Backrooms/Content/Audio/Foley/SoundWaves/Sneaker/Concrete/Foley_fs_1p_sneaker_concrete_scuffWall_06.uexp" 1404
"G:/Projets Unreal en cours/ICAN_Backrooms/Content/Audio/Foley/SoundWaves/Sneaker/Concrete/Foley_fs_1p_sneaker_concrete_scuffWall_04.ubulk" 1405
"G:/Projets Unreal en cours/ICAN_Backrooms/Content/Audio/Foley/SoundWaves/Sneaker/Concrete/Foley_fs_1p_sneaker_concrete_scuffWall_04.uasset" 1406
"G:/Projets Unreal en cours/ICAN_Backrooms/Content/Audio/Foley/SoundWaves/Sneaker/Concrete/Foley_fs_1p_sneaker_concrete_scuffWall_04.uexp" 1407
"G:/Projets Unreal en cours/ICAN_Backrooms/Content/Audio/Foley/MetaSounds/MSS_FoleySound_ScuffWall.uasset" 1408
"G:/Projets Unreal en cours/ICAN_Backrooms/Content/Audio/Foley/MetaSounds/MSS_FoleySound_ScuffWall.uexp" 1409
"G:/Projets Unreal en cours/ICAN_Backrooms/Content/Audio/Foley/SoundWaves/Sneaker/Concrete/Foley_fs_1p_sneaker_concrete_run_03.ubulk" 1410
"G:/Projets Unreal en cours/ICAN_Backrooms/Content/Audio/Foley/SoundWaves/Sneaker/Concrete/Foley_fs_1p_sneaker_concrete_run_03.uasset" 1411
"G:/Projets Unreal en cours/ICAN_Backrooms/Content/Audio/Foley/SoundWaves/Sneaker/Concrete/Foley_fs_1p_sneaker_concrete_run_03.uexp" 1412
"G:/Projets Unreal en cours/ICAN_Backrooms/Content/Audio/Foley/SoundWaves/Sneaker/Concrete/Foley_fs_1p_sneaker_concrete_run_09.ubulk" 1413
"G:/Projets Unreal en cours/ICAN_Backrooms/Content/Audio/Foley/SoundWaves/Sneaker/Concrete/Foley_fs_1p_sneaker_concrete_run_09.uasset" 1414
"G:/Projets Unreal en cours/ICAN_Backrooms/Content/Audio/Foley/SoundWaves/Sneaker/Concrete/Foley_fs_1p_sneaker_concrete_run_09.uexp" 1415
"G:/Projets Unreal en cours/ICAN_Backrooms/Content/Audio/Foley/SoundWaves/Sneaker/Concrete/Foley_fs_1p_sneaker_concrete_run_06.ubulk" 1416
"G:/Projets Unreal en cours/ICAN_Backrooms/Content/Audio/Foley/SoundWaves/Sneaker/Concrete/Foley_fs_1p_sneaker_concrete_run_06.uasset" 1417
"G:/Projets Unreal en cours/ICAN_Backrooms/Content/Audio/Foley/SoundWaves/Sneaker/Concrete/Foley_fs_1p_sneaker_concrete_run_06.uexp" 1418
"G:/Projets Unreal en cours/ICAN_Backrooms/Content/Audio/Foley/SoundWaves/Sneaker/Concrete/Foley_fs_1p_sneaker_concrete_run_08.ubulk" 1419
"G:/Projets Unreal en cours/ICAN_Backrooms/Content/Audio/Foley/SoundWaves/Sneaker/Concrete/Foley_fs_1p_sneaker_concrete_run_08.uasset" 1420
"G:/Projets Unreal en cours/ICAN_Backrooms/Content/Audio/Foley/SoundWaves/Sneaker/Concrete/Foley_fs_1p_sneaker_concrete_run_08.uexp" 1421
"G:/Projets Unreal en cours/ICAN_Backrooms/Content/Audio/Foley/SoundWaves/Sneaker/Concrete/Foley_fs_1p_sneaker_concrete_run_04.ubulk" 1422
"G:/Projets Unreal en cours/ICAN_Backrooms/Content/Audio/Foley/SoundWaves/Sneaker/Concrete/Foley_fs_1p_sneaker_concrete_run_04.uasset" 1423
"G:/Projets Unreal en cours/ICAN_Backrooms/Content/Audio/Foley/SoundWaves/Sneaker/Concrete/Foley_fs_1p_sneaker_concrete_run_04.uexp" 1424
"G:/Projets Unreal en cours/ICAN_Backrooms/Content/Audio/Foley/SoundWaves/Sneaker/Concrete/Foley_fs_1p_sneaker_concrete_run_02.ubulk" 1425
"G:/Projets Unreal en cours/ICAN_Backrooms/Content/Audio/Foley/SoundWaves/Sneaker/Concrete/Foley_fs_1p_sneaker_concrete_run_02.uasset" 1426
"G:/Projets Unreal en cours/ICAN_Backrooms/Content/Audio/Foley/SoundWaves/Sneaker/Concrete/Foley_fs_1p_sneaker_concrete_run_02.uexp" 1427
"G:/Projets Unreal en cours/ICAN_Backrooms/Content/Audio/Foley/SoundWaves/Sneaker/Concrete/Foley_fs_1p_sneaker_concrete_run_10.ubulk" 1428
"G:/Projets Unreal en cours/ICAN_Backrooms/Content/Audio/Foley/SoundWaves/Sneaker/Concrete/Foley_fs_1p_sneaker_concrete_run_10.uasset" 1429
"G:/Projets Unreal en cours/ICAN_Backrooms/Content/Audio/Foley/SoundWaves/Sneaker/Concrete/Foley_fs_1p_sneaker_concrete_run_10.uexp" 1430
"G:/Projets Unreal en cours/ICAN_Backrooms/Content/Audio/Foley/SoundWaves/Sneaker/Concrete/Foley_fs_1p_sneaker_concrete_run_11.ubulk" 1431
"G:/Projets Unreal en cours/ICAN_Backrooms/Content/Audio/Foley/SoundWaves/Sneaker/Concrete/Foley_fs_1p_sneaker_concrete_run_11.uasset" 1432
"G:/Projets Unreal en cours/ICAN_Backrooms/Content/Audio/Foley/SoundWaves/Sneaker/Concrete/Foley_fs_1p_sneaker_concrete_run_11.uexp" 1433
"G:/Projets Unreal en cours/ICAN_Backrooms/Content/Audio/Foley/SoundWaves/Sneaker/Concrete/Foley_fs_1p_sneaker_concrete_run_12.ubulk" 1434
"G:/Projets Unreal en cours/ICAN_Backrooms/Content/Audio/Foley/SoundWaves/Sneaker/Concrete/Foley_fs_1p_sneaker_concrete_run_12.uasset" 1435
"G:/Projets Unreal en cours/ICAN_Backrooms/Content/Audio/Foley/SoundWaves/Sneaker/Concrete/Foley_fs_1p_sneaker_concrete_run_12.uexp" 1436
"G:/Projets Unreal en cours/ICAN_Backrooms/Content/Audio/Foley/SoundWaves/Sneaker/Concrete/Foley_fs_1p_sneaker_concrete_run_13.ubulk" 1437
"G:/Projets Unreal en cours/ICAN_Backrooms/Content/Audio/Foley/SoundWaves/Sneaker/Concrete/Foley_fs_1p_sneaker_concrete_run_13.uasset" 1438
"G:/Projets Unreal en cours/ICAN_Backrooms/Content/Audio/Foley/SoundWaves/Sneaker/Concrete/Foley_fs_1p_sneaker_concrete_run_13.uexp" 1439
"G:/Projets Unreal en cours/ICAN_Backrooms/Content/Audio/Foley/SoundWaves/Sneaker/Concrete/Foley_fs_1p_sneaker_concrete_run_14.ubulk" 1440
"G:/Projets Unreal en cours/ICAN_Backrooms/Content/Audio/Foley/SoundWaves/Sneaker/Concrete/Foley_fs_1p_sneaker_concrete_run_14.uasset" 1441
"G:/Projets Unreal en cours/ICAN_Backrooms/Content/Audio/Foley/SoundWaves/Sneaker/Concrete/Foley_fs_1p_sneaker_concrete_run_14.uexp" 1442
"G:/Projets Unreal en cours/ICAN_Backrooms/Content/Audio/Foley/SoundWaves/Sneaker/Concrete/Foley_fs_1p_sneaker_concrete_run_15.ubulk" 1443
"G:/Projets Unreal en cours/ICAN_Backrooms/Content/Audio/Foley/SoundWaves/Sneaker/Concrete/Foley_fs_1p_sneaker_concrete_run_15.uasset" 1444
"G:/Projets Unreal en cours/ICAN_Backrooms/Content/Audio/Foley/SoundWaves/Sneaker/Concrete/Foley_fs_1p_sneaker_concrete_run_15.uexp" 1445
"G:/Projets Unreal en cours/ICAN_Backrooms/Content/Audio/Foley/SoundWaves/Sneaker/Concrete/Foley_fs_1p_sneaker_concrete_run_16.ubulk" 1446
"G:/Projets Unreal en cours/ICAN_Backrooms/Content/Audio/Foley/SoundWaves/Sneaker/Concrete/Foley_fs_1p_sneaker_concrete_run_16.uasset" 1447
"G:/Projets Unreal en cours/ICAN_Backrooms/Content/Audio/Foley/SoundWaves/Sneaker/Concrete/Foley_fs_1p_sneaker_concrete_run_16.uexp" 1448
"G:/Projets Unreal en cours/ICAN_Backrooms/Content/Audio/Foley/SoundWaves/Sneaker/Concrete/Foley_fs_1p_sneaker_concrete_run_17.ubulk" 1449
"G:/Projets Unreal en cours/ICAN_Backrooms/Content/Audio/Foley/SoundWaves/Sneaker/Concrete/Foley_fs_1p_sneaker_concrete_run_17.uasset" 1450
"G:/Projets Unreal en cours/ICAN_Backrooms/Content/Audio/Foley/SoundWaves/Sneaker/Concrete/Foley_fs_1p_sneaker_concrete_run_17.uexp" 1451
"G:/Projets Unreal en cours/ICAN_Backrooms/Content/Audio/Foley/SoundWaves/Sneaker/Concrete/Foley_fs_1p_sneaker_concrete_run_18.ubulk" 1452
"G:/Projets Unreal en cours/ICAN_Backrooms/Content/Audio/Foley/SoundWaves/Sneaker/Concrete/Foley_fs_1p_sneaker_concrete_run_18.uasset" 1453
"G:/Projets Unreal en cours/ICAN_Backrooms/Content/Audio/Foley/SoundWaves/Sneaker/Concrete/Foley_fs_1p_sneaker_concrete_run_18.uexp" 1454
"G:/Projets Unreal en cours/ICAN_Backrooms/Content/Audio/Foley/SoundWaves/Sneaker/Concrete/Foley_fs_1p_sneaker_concrete_run_19.ubulk" 1455
"G:/Projets Unreal en cours/ICAN_Backrooms/Content/Audio/Foley/SoundWaves/Sneaker/Concrete/Foley_fs_1p_sneaker_concrete_run_19.uasset" 1456
"G:/Projets Unreal en cours/ICAN_Backrooms/Content/Audio/Foley/SoundWaves/Sneaker/Concrete/Foley_fs_1p_sneaker_concrete_run_19.uexp" 1457
"G:/Projets Unreal en cours/ICAN_Backrooms/Content/Audio/Foley/SoundWaves/Sneaker/Concrete/Foley_fs_1p_sneaker_concrete_run_20.ubulk" 1458
"G:/Projets Unreal en cours/ICAN_Backrooms/Content/Audio/Foley/SoundWaves/Sneaker/Concrete/Foley_fs_1p_sneaker_concrete_run_20.uasset" 1459
"G:/Projets Unreal en cours/ICAN_Backrooms/Content/Audio/Foley/SoundWaves/Sneaker/Concrete/Foley_fs_1p_sneaker_concrete_run_20.uexp" 1460
"G:/Projets Unreal en cours/ICAN_Backrooms/Content/Audio/Foley/SoundWaves/Sneaker/Concrete/Foley_fs_1p_sneaker_concrete_run_21.ubulk" 1461
"G:/Projets Unreal en cours/ICAN_Backrooms/Content/Audio/Foley/SoundWaves/Sneaker/Concrete/Foley_fs_1p_sneaker_concrete_run_21.uasset" 1462
"G:/Projets Unreal en cours/ICAN_Backrooms/Content/Audio/Foley/SoundWaves/Sneaker/Concrete/Foley_fs_1p_sneaker_concrete_run_21.uexp" 1463
"G:/Projets Unreal en cours/ICAN_Backrooms/Content/Audio/Foley/SoundWaves/Sneaker/Concrete/Foley_fs_1p_sneaker_concrete_run_22.ubulk" 1464
"G:/Projets Unreal en cours/ICAN_Backrooms/Content/Audio/Foley/SoundWaves/Sneaker/Concrete/Foley_fs_1p_sneaker_concrete_run_22.uasset" 1465
"G:/Projets Unreal en cours/ICAN_Backrooms/Content/Audio/Foley/SoundWaves/Sneaker/Concrete/Foley_fs_1p_sneaker_concrete_run_22.uexp" 1466
"G:/Projets Unreal en cours/ICAN_Backrooms/Content/Audio/Foley/SoundWaves/Sneaker/Concrete/Foley_fs_1p_sneaker_concrete_run_23.ubulk" 1467
"G:/Projets Unreal en cours/ICAN_Backrooms/Content/Audio/Foley/SoundWaves/Sneaker/Concrete/Foley_fs_1p_sneaker_concrete_run_23.uasset" 1468
"G:/Projets Unreal en cours/ICAN_Backrooms/Content/Audio/Foley/SoundWaves/Sneaker/Concrete/Foley_fs_1p_sneaker_concrete_run_23.uexp" 1469
"G:/Projets Unreal en cours/ICAN_Backrooms/Content/Audio/Foley/SoundWaves/Sneaker/Concrete/Foley_fs_1p_sneaker_concrete_run_24.ubulk" 1470
"G:/Projets Unreal en cours/ICAN_Backrooms/Content/Audio/Foley/SoundWaves/Sneaker/Concrete/Foley_fs_1p_sneaker_concrete_run_24.uasset" 1471
"G:/Projets Unreal en cours/ICAN_Backrooms/Content/Audio/Foley/SoundWaves/Sneaker/Concrete/Foley_fs_1p_sneaker_concrete_run_24.uexp" 1472
"G:/Projets Unreal en cours/ICAN_Backrooms/Content/Audio/Foley/SoundWaves/Sneaker/Concrete/Foley_fs_1p_sneaker_concrete_run_25.ubulk" 1473
"G:/Projets Unreal en cours/ICAN_Backrooms/Content/Audio/Foley/SoundWaves/Sneaker/Concrete/Foley_fs_1p_sneaker_concrete_run_25.uasset" 1474
"G:/Projets Unreal en cours/ICAN_Backrooms/Content/Audio/Foley/SoundWaves/Sneaker/Concrete/Foley_fs_1p_sneaker_concrete_run_25.uexp" 1475
"G:/Projets Unreal en cours/ICAN_Backrooms/Content/Audio/Foley/SoundWaves/Sneaker/Concrete/Foley_fs_1p_sneaker_concrete_run_26.ubulk" 1476
"G:/Projets Unreal en cours/ICAN_Backrooms/Content/Audio/Foley/SoundWaves/Sneaker/Concrete/Foley_fs_1p_sneaker_concrete_run_26.uasset" 1477
"G:/Projets Unreal en cours/ICAN_Backrooms/Content/Audio/Foley/SoundWaves/Sneaker/Concrete/Foley_fs_1p_sneaker_concrete_run_26.uexp" 1478
"G:/Projets Unreal en cours/ICAN_Backrooms/Content/Audio/Foley/SoundWaves/Sneaker/Concrete/Foley_fs_1p_sneaker_concrete_run_27.ubulk" 1479
"G:/Projets Unreal en cours/ICAN_Backrooms/Content/Audio/Foley/SoundWaves/Sneaker/Concrete/Foley_fs_1p_sneaker_concrete_run_27.uasset" 1480
"G:/Projets Unreal en cours/ICAN_Backrooms/Content/Audio/Foley/SoundWaves/Sneaker/Concrete/Foley_fs_1p_sneaker_concrete_run_27.uexp" 1481
"G:/Projets Unreal en cours/ICAN_Backrooms/Content/Audio/Foley/SoundWaves/Sneaker/Concrete/Foley_fs_1p_sneaker_concrete_run_28.ubulk" 1482
"G:/Projets Unreal en cours/ICAN_Backrooms/Content/Audio/Foley/SoundWaves/Sneaker/Concrete/Foley_fs_1p_sneaker_concrete_run_28.uasset" 1483
"G:/Projets Unreal en cours/ICAN_Backrooms/Content/Audio/Foley/SoundWaves/Sneaker/Concrete/Foley_fs_1p_sneaker_concrete_run_28.uexp" 1484
"G:/Projets Unreal en cours/ICAN_Backrooms/Content/Audio/Foley/SoundWaves/Sneaker/Concrete/Foley_fs_1p_sneaker_concrete_run_29.ubulk" 1485
"G:/Projets Unreal en cours/ICAN_Backrooms/Content/Audio/Foley/SoundWaves/Sneaker/Concrete/Foley_fs_1p_sneaker_concrete_run_29.uasset" 1486
"G:/Projets Unreal en cours/ICAN_Backrooms/Content/Audio/Foley/SoundWaves/Sneaker/Concrete/Foley_fs_1p_sneaker_concrete_run_29.uexp" 1487
"G:/Projets Unreal en cours/ICAN_Backrooms/Content/Audio/Foley/SoundWaves/Sneaker/Concrete/Foley_fs_1p_sneaker_concrete_run_07.ubulk" 1488
"G:/Projets Unreal en cours/ICAN_Backrooms/Content/Audio/Foley/SoundWaves/Sneaker/Concrete/Foley_fs_1p_sneaker_concrete_run_07.uasset" 1489
"G:/Projets Unreal en cours/ICAN_Backrooms/Content/Audio/Foley/SoundWaves/Sneaker/Concrete/Foley_fs_1p_sneaker_concrete_run_07.uexp" 1490
"G:/Projets Unreal en cours/ICAN_Backrooms/Content/Audio/Foley/SoundWaves/Sneaker/Concrete/Foley_fs_1p_sneaker_concrete_run_05.ubulk" 1491
"G:/Projets Unreal en cours/ICAN_Backrooms/Content/Audio/Foley/SoundWaves/Sneaker/Concrete/Foley_fs_1p_sneaker_concrete_run_05.uasset" 1492
"G:/Projets Unreal en cours/ICAN_Backrooms/Content/Audio/Foley/SoundWaves/Sneaker/Concrete/Foley_fs_1p_sneaker_concrete_run_05.uexp" 1493
"G:/Projets Unreal en cours/ICAN_Backrooms/Content/Audio/Foley/SoundWaves/Sneaker/Concrete/Foley_fs_1p_sneaker_concrete_run_01.ubulk" 1494
"G:/Projets Unreal en cours/ICAN_Backrooms/Content/Audio/Foley/SoundWaves/Sneaker/Concrete/Foley_fs_1p_sneaker_concrete_run_01.uasset" 1495
"G:/Projets Unreal en cours/ICAN_Backrooms/Content/Audio/Foley/SoundWaves/Sneaker/Concrete/Foley_fs_1p_sneaker_concrete_run_01.uexp" 1496
"G:/Projets Unreal en cours/ICAN_Backrooms/Content/Audio/Foley/MetaSounds/MSS_FoleySound_Run.uasset" 1497
"G:/Projets Unreal en cours/ICAN_Backrooms/Content/Audio/Foley/MetaSounds/MSS_FoleySound_Run.uexp" 1498
"G:/Projets Unreal en cours/ICAN_Backrooms/Content/Audio/Foley/SoundWaves/Sneaker/Concrete/Foley_fs_1p_sneaker_concrete_strafe_10.ubulk" 1499
"G:/Projets Unreal en cours/ICAN_Backrooms/Content/Audio/Foley/SoundWaves/Sneaker/Concrete/Foley_fs_1p_sneaker_concrete_strafe_10.uasset" 1500
"G:/Projets Unreal en cours/ICAN_Backrooms/Content/Audio/Foley/SoundWaves/Sneaker/Concrete/Foley_fs_1p_sneaker_concrete_strafe_10.uexp" 1501
"G:/Projets Unreal en cours/ICAN_Backrooms/Content/Audio/Foley/SoundWaves/Sneaker/Concrete/Foley_fs_1p_sneaker_concrete_strafe_11.ubulk" 1502
"G:/Projets Unreal en cours/ICAN_Backrooms/Content/Audio/Foley/SoundWaves/Sneaker/Concrete/Foley_fs_1p_sneaker_concrete_strafe_11.uasset" 1503
"G:/Projets Unreal en cours/ICAN_Backrooms/Content/Audio/Foley/SoundWaves/Sneaker/Concrete/Foley_fs_1p_sneaker_concrete_strafe_11.uexp" 1504
"G:/Projets Unreal en cours/ICAN_Backrooms/Content/Audio/Foley/SoundWaves/Sneaker/Concrete/Foley_fs_1p_sneaker_concrete_strafe_12.ubulk" 1505
"G:/Projets Unreal en cours/ICAN_Backrooms/Content/Audio/Foley/SoundWaves/Sneaker/Concrete/Foley_fs_1p_sneaker_concrete_strafe_12.uasset" 1506
"G:/Projets Unreal en cours/ICAN_Backrooms/Content/Audio/Foley/SoundWaves/Sneaker/Concrete/Foley_fs_1p_sneaker_concrete_strafe_12.uexp" 1507
"G:/Projets Unreal en cours/ICAN_Backrooms/Content/Audio/Foley/SoundWaves/Sneaker/Concrete/Foley_fs_1p_sneaker_concrete_strafe_13.ubulk" 1508
"G:/Projets Unreal en cours/ICAN_Backrooms/Content/Audio/Foley/SoundWaves/Sneaker/Concrete/Foley_fs_1p_sneaker_concrete_strafe_13.uasset" 1509
"G:/Projets Unreal en cours/ICAN_Backrooms/Content/Audio/Foley/SoundWaves/Sneaker/Concrete/Foley_fs_1p_sneaker_concrete_strafe_13.uexp" 1510
"G:/Projets Unreal en cours/ICAN_Backrooms/Content/Audio/Foley/SoundWaves/Sneaker/Concrete/Foley_fs_1p_sneaker_concrete_strafe_14.ubulk" 1511
"G:/Projets Unreal en cours/ICAN_Backrooms/Content/Audio/Foley/SoundWaves/Sneaker/Concrete/Foley_fs_1p_sneaker_concrete_strafe_14.uasset" 1512
"G:/Projets Unreal en cours/ICAN_Backrooms/Content/Audio/Foley/SoundWaves/Sneaker/Concrete/Foley_fs_1p_sneaker_concrete_strafe_14.uexp" 1513
"G:/Projets Unreal en cours/ICAN_Backrooms/Content/Audio/Foley/SoundWaves/Sneaker/Concrete/Foley_fs_1p_sneaker_concrete_strafe_15.ubulk" 1514
"G:/Projets Unreal en cours/ICAN_Backrooms/Content/Audio/Foley/SoundWaves/Sneaker/Concrete/Foley_fs_1p_sneaker_concrete_strafe_15.uasset" 1515
"G:/Projets Unreal en cours/ICAN_Backrooms/Content/Audio/Foley/SoundWaves/Sneaker/Concrete/Foley_fs_1p_sneaker_concrete_strafe_15.uexp" 1516
"G:/Projets Unreal en cours/ICAN_Backrooms/Content/Audio/Foley/SoundWaves/Sneaker/Concrete/Foley_fs_1p_sneaker_concrete_strafe_16.ubulk" 1517
"G:/Projets Unreal en cours/ICAN_Backrooms/Content/Audio/Foley/SoundWaves/Sneaker/Concrete/Foley_fs_1p_sneaker_concrete_strafe_16.uasset" 1518
"G:/Projets Unreal en cours/ICAN_Backrooms/Content/Audio/Foley/SoundWaves/Sneaker/Concrete/Foley_fs_1p_sneaker_concrete_strafe_16.uexp" 1519
"G:/Projets Unreal en cours/ICAN_Backrooms/Content/Audio/Foley/SoundWaves/Sneaker/Concrete/Foley_fs_1p_sneaker_concrete_strafe_17.ubulk" 1520
"G:/Projets Unreal en cours/ICAN_Backrooms/Content/Audio/Foley/SoundWaves/Sneaker/Concrete/Foley_fs_1p_sneaker_concrete_strafe_17.uasset" 1521
"G:/Projets Unreal en cours/ICAN_Backrooms/Content/Audio/Foley/SoundWaves/Sneaker/Concrete/Foley_fs_1p_sneaker_concrete_strafe_17.uexp" 1522
"G:/Projets Unreal en cours/ICAN_Backrooms/Content/Audio/Foley/SoundWaves/Sneaker/Concrete/Foley_fs_1p_sneaker_concrete_strafe_18.ubulk" 1523
"G:/Projets Unreal en cours/ICAN_Backrooms/Content/Audio/Foley/SoundWaves/Sneaker/Concrete/Foley_fs_1p_sneaker_concrete_strafe_18.uasset" 1524
"G:/Projets Unreal en cours/ICAN_Backrooms/Content/Audio/Foley/SoundWaves/Sneaker/Concrete/Foley_fs_1p_sneaker_concrete_strafe_18.uexp" 1525
"G:/Projets Unreal en cours/ICAN_Backrooms/Content/Audio/Foley/SoundWaves/Sneaker/Concrete/Foley_fs_1p_sneaker_concrete_strafe_19.ubulk" 1526
"G:/Projets Unreal en cours/ICAN_Backrooms/Content/Audio/Foley/SoundWaves/Sneaker/Concrete/Foley_fs_1p_sneaker_concrete_strafe_19.uasset" 1527
"G:/Projets Unreal en cours/ICAN_Backrooms/Content/Audio/Foley/SoundWaves/Sneaker/Concrete/Foley_fs_1p_sneaker_concrete_strafe_19.uexp" 1528
"G:/Projets Unreal en cours/ICAN_Backrooms/Content/Audio/Foley/SoundWaves/Sneaker/Concrete/Foley_fs_1p_sneaker_concrete_strafe_20.ubulk" 1529
"G:/Projets Unreal en cours/ICAN_Backrooms/Content/Audio/Foley/SoundWaves/Sneaker/Concrete/Foley_fs_1p_sneaker_concrete_strafe_20.uasset" 1530
"G:/Projets Unreal en cours/ICAN_Backrooms/Content/Audio/Foley/SoundWaves/Sneaker/Concrete/Foley_fs_1p_sneaker_concrete_strafe_20.uexp" 1531
"G:/Projets Unreal en cours/ICAN_Backrooms/Content/Audio/Foley/SoundWaves/Sneaker/Concrete/Foley_fs_1p_sneaker_concrete_strafe_21.ubulk" 1532
"G:/Projets Unreal en cours/ICAN_Backrooms/Content/Audio/Foley/SoundWaves/Sneaker/Concrete/Foley_fs_1p_sneaker_concrete_strafe_21.uasset" 1533
"G:/Projets Unreal en cours/ICAN_Backrooms/Content/Audio/Foley/SoundWaves/Sneaker/Concrete/Foley_fs_1p_sneaker_concrete_strafe_21.uexp" 1534
"G:/Projets Unreal en cours/ICAN_Backrooms/Content/Audio/Foley/SoundWaves/Sneaker/Concrete/Foley_fs_1p_sneaker_concrete_strafe_22.ubulk" 1535
"G:/Projets Unreal en cours/ICAN_Backrooms/Content/Audio/Foley/SoundWaves/Sneaker/Concrete/Foley_fs_1p_sneaker_concrete_strafe_22.uasset" 1536
"G:/Projets Unreal en cours/ICAN_Backrooms/Content/Audio/Foley/SoundWaves/Sneaker/Concrete/Foley_fs_1p_sneaker_concrete_strafe_22.uexp" 1537
"G:/Projets Unreal en cours/ICAN_Backrooms/Content/Audio/Foley/SoundWaves/Sneaker/Concrete/Foley_fs_1p_sneaker_concrete_strafe_23.ubulk" 1538
"G:/Projets Unreal en cours/ICAN_Backrooms/Content/Audio/Foley/SoundWaves/Sneaker/Concrete/Foley_fs_1p_sneaker_concrete_strafe_23.uasset" 1539
"G:/Projets Unreal en cours/ICAN_Backrooms/Content/Audio/Foley/SoundWaves/Sneaker/Concrete/Foley_fs_1p_sneaker_concrete_strafe_23.uexp" 1540
"G:/Projets Unreal en cours/ICAN_Backrooms/Content/Audio/Foley/SoundWaves/Sneaker/Concrete/Foley_fs_1p_sneaker_concrete_strafe_24.ubulk" 1541
"G:/Projets Unreal en cours/ICAN_Backrooms/Content/Audio/Foley/SoundWaves/Sneaker/Concrete/Foley_fs_1p_sneaker_concrete_strafe_24.uasset" 1542
"G:/Projets Unreal en cours/ICAN_Backrooms/Content/Audio/Foley/SoundWaves/Sneaker/Concrete/Foley_fs_1p_sneaker_concrete_strafe_24.uexp" 1543
"G:/Projets Unreal en cours/ICAN_Backrooms/Content/Audio/Foley/SoundWaves/Sneaker/Concrete/Foley_fs_1p_sneaker_concrete_strafe_25.ubulk" 1544
"G:/Projets Unreal en cours/ICAN_Backrooms/Content/Audio/Foley/SoundWaves/Sneaker/Concrete/Foley_fs_1p_sneaker_concrete_strafe_25.uasset" 1545
"G:/Projets Unreal en cours/ICAN_Backrooms/Content/Audio/Foley/SoundWaves/Sneaker/Concrete/Foley_fs_1p_sneaker_concrete_strafe_25.uexp" 1546
"G:/Projets Unreal en cours/ICAN_Backrooms/Content/Audio/Foley/SoundWaves/Sneaker/Concrete/Foley_fs_1p_sneaker_concrete_strafe_26.ubulk" 1547
"G:/Projets Unreal en cours/ICAN_Backrooms/Content/Audio/Foley/SoundWaves/Sneaker/Concrete/Foley_fs_1p_sneaker_concrete_strafe_26.uasset" 1548
"G:/Projets Unreal en cours/ICAN_Backrooms/Content/Audio/Foley/SoundWaves/Sneaker/Concrete/Foley_fs_1p_sneaker_concrete_strafe_26.uexp" 1549
"G:/Projets Unreal en cours/ICAN_Backrooms/Content/Audio/Foley/SoundWaves/Sneaker/Concrete/Foley_fs_1p_sneaker_concrete_strafe_27.ubulk" 1550
"G:/Projets Unreal en cours/ICAN_Backrooms/Content/Audio/Foley/SoundWaves/Sneaker/Concrete/Foley_fs_1p_sneaker_concrete_strafe_27.uasset" 1551
"G:/Projets Unreal en cours/ICAN_Backrooms/Content/Audio/Foley/SoundWaves/Sneaker/Concrete/Foley_fs_1p_sneaker_concrete_strafe_27.uexp" 1552
"G:/Projets Unreal en cours/ICAN_Backrooms/Content/Audio/Foley/SoundWaves/Sneaker/Concrete/Foley_fs_1p_sneaker_concrete_strafe_28.ubulk" 1553
"G:/Projets Unreal en cours/ICAN_Backrooms/Content/Audio/Foley/SoundWaves/Sneaker/Concrete/Foley_fs_1p_sneaker_concrete_strafe_28.uasset" 1554
"G:/Projets Unreal en cours/ICAN_Backrooms/Content/Audio/Foley/SoundWaves/Sneaker/Concrete/Foley_fs_1p_sneaker_concrete_strafe_28.uexp" 1555
"G:/Projets Unreal en cours/ICAN_Backrooms/Content/Audio/Foley/SoundWaves/Sneaker/Concrete/Foley_fs_1p_sneaker_concrete_strafe_29.ubulk" 1556
"G:/Projets Unreal en cours/ICAN_Backrooms/Content/Audio/Foley/SoundWaves/Sneaker/Concrete/Foley_fs_1p_sneaker_concrete_strafe_29.uasset" 1557
"G:/Projets Unreal en cours/ICAN_Backrooms/Content/Audio/Foley/SoundWaves/Sneaker/Concrete/Foley_fs_1p_sneaker_concrete_strafe_29.uexp" 1558
"G:/Projets Unreal en cours/ICAN_Backrooms/Content/Audio/Foley/SoundWaves/Sneaker/Concrete/Foley_fs_1p_sneaker_concrete_strafe_04.ubulk" 1559
"G:/Projets Unreal en cours/ICAN_Backrooms/Content/Audio/Foley/SoundWaves/Sneaker/Concrete/Foley_fs_1p_sneaker_concrete_strafe_04.uasset" 1560
"G:/Projets Unreal en cours/ICAN_Backrooms/Content/Audio/Foley/SoundWaves/Sneaker/Concrete/Foley_fs_1p_sneaker_concrete_strafe_04.uexp" 1561
"G:/Projets Unreal en cours/ICAN_Backrooms/Content/Audio/Foley/SoundWaves/Sneaker/Concrete/Foley_fs_1p_sneaker_concrete_strafe_08.ubulk" 1562
"G:/Projets Unreal en cours/ICAN_Backrooms/Content/Audio/Foley/SoundWaves/Sneaker/Concrete/Foley_fs_1p_sneaker_concrete_strafe_08.uasset" 1563
"G:/Projets Unreal en cours/ICAN_Backrooms/Content/Audio/Foley/SoundWaves/Sneaker/Concrete/Foley_fs_1p_sneaker_concrete_strafe_08.uexp" 1564
"G:/Projets Unreal en cours/ICAN_Backrooms/Content/Audio/Foley/SoundWaves/Sneaker/Concrete/Foley_fs_1p_sneaker_concrete_strafe_07.ubulk" 1565
"G:/Projets Unreal en cours/ICAN_Backrooms/Content/Audio/Foley/SoundWaves/Sneaker/Concrete/Foley_fs_1p_sneaker_concrete_strafe_07.uasset" 1566
"G:/Projets Unreal en cours/ICAN_Backrooms/Content/Audio/Foley/SoundWaves/Sneaker/Concrete/Foley_fs_1p_sneaker_concrete_strafe_07.uexp" 1567
"G:/Projets Unreal en cours/ICAN_Backrooms/Content/Audio/Foley/SoundWaves/Sneaker/Concrete/Foley_fs_1p_sneaker_concrete_strafe_01.ubulk" 1568
"G:/Projets Unreal en cours/ICAN_Backrooms/Content/Audio/Foley/SoundWaves/Sneaker/Concrete/Foley_fs_1p_sneaker_concrete_strafe_01.uasset" 1569
"G:/Projets Unreal en cours/ICAN_Backrooms/Content/Audio/Foley/SoundWaves/Sneaker/Concrete/Foley_fs_1p_sneaker_concrete_strafe_01.uexp" 1570
"G:/Projets Unreal en cours/ICAN_Backrooms/Content/Audio/Foley/SoundWaves/Sneaker/Concrete/Foley_fs_1p_sneaker_concrete_strafe_09.ubulk" 1571
"G:/Projets Unreal en cours/ICAN_Backrooms/Content/Audio/Foley/SoundWaves/Sneaker/Concrete/Foley_fs_1p_sneaker_concrete_strafe_09.uasset" 1572
"G:/Projets Unreal en cours/ICAN_Backrooms/Content/Audio/Foley/SoundWaves/Sneaker/Concrete/Foley_fs_1p_sneaker_concrete_strafe_09.uexp" 1573
"G:/Projets Unreal en cours/ICAN_Backrooms/Content/Audio/Foley/SoundWaves/Sneaker/Concrete/Foley_fs_1p_sneaker_concrete_strafe_03.ubulk" 1574
"G:/Projets Unreal en cours/ICAN_Backrooms/Content/Audio/Foley/SoundWaves/Sneaker/Concrete/Foley_fs_1p_sneaker_concrete_strafe_03.uasset" 1575
"G:/Projets Unreal en cours/ICAN_Backrooms/Content/Audio/Foley/SoundWaves/Sneaker/Concrete/Foley_fs_1p_sneaker_concrete_strafe_03.uexp" 1576
"G:/Projets Unreal en cours/ICAN_Backrooms/Content/Audio/Foley/SoundWaves/Sneaker/Concrete/Foley_fs_1p_sneaker_concrete_strafe_05.ubulk" 1577
"G:/Projets Unreal en cours/ICAN_Backrooms/Content/Audio/Foley/SoundWaves/Sneaker/Concrete/Foley_fs_1p_sneaker_concrete_strafe_05.uasset" 1578
"G:/Projets Unreal en cours/ICAN_Backrooms/Content/Audio/Foley/SoundWaves/Sneaker/Concrete/Foley_fs_1p_sneaker_concrete_strafe_05.uexp" 1579
"G:/Projets Unreal en cours/ICAN_Backrooms/Content/Audio/Foley/SoundWaves/Sneaker/Concrete/Foley_fs_1p_sneaker_concrete_strafe_06.ubulk" 1580
"G:/Projets Unreal en cours/ICAN_Backrooms/Content/Audio/Foley/SoundWaves/Sneaker/Concrete/Foley_fs_1p_sneaker_concrete_strafe_06.uasset" 1581
"G:/Projets Unreal en cours/ICAN_Backrooms/Content/Audio/Foley/SoundWaves/Sneaker/Concrete/Foley_fs_1p_sneaker_concrete_strafe_06.uexp" 1582
"G:/Projets Unreal en cours/ICAN_Backrooms/Content/Audio/Foley/SoundWaves/Sneaker/Concrete/Foley_fs_1p_sneaker_concrete_strafe_02.ubulk" 1583
"G:/Projets Unreal en cours/ICAN_Backrooms/Content/Audio/Foley/SoundWaves/Sneaker/Concrete/Foley_fs_1p_sneaker_concrete_strafe_02.uasset" 1584
"G:/Projets Unreal en cours/ICAN_Backrooms/Content/Audio/Foley/SoundWaves/Sneaker/Concrete/Foley_fs_1p_sneaker_concrete_strafe_02.uexp" 1585
"G:/Projets Unreal en cours/ICAN_Backrooms/Content/Audio/Foley/MetaSounds/MSS_FoleySound_RunStrafe.uasset" 1586
"G:/Projets Unreal en cours/ICAN_Backrooms/Content/Audio/Foley/MetaSounds/MSS_FoleySound_RunStrafe.uexp" 1587
"G:/Projets Unreal en cours/ICAN_Backrooms/Content/Audio/Foley/SoundWaves/Sneaker/Concrete/Foley_fs_1p_sneaker_concrete_land_06.ubulk" 1588
"G:/Projets Unreal en cours/ICAN_Backrooms/Content/Audio/Foley/SoundWaves/Sneaker/Concrete/Foley_fs_1p_sneaker_concrete_land_06.uasset" 1589
"G:/Projets Unreal en cours/ICAN_Backrooms/Content/Audio/Foley/SoundWaves/Sneaker/Concrete/Foley_fs_1p_sneaker_concrete_land_06.uexp" 1590
"G:/Projets Unreal en cours/ICAN_Backrooms/Content/Audio/Foley/SoundWaves/Sneaker/Concrete/Foley_fs_1p_sneaker_concrete_land_01.ubulk" 1591
"G:/Projets Unreal en cours/ICAN_Backrooms/Content/Audio/Foley/SoundWaves/Sneaker/Concrete/Foley_fs_1p_sneaker_concrete_land_01.uasset" 1592
"G:/Projets Unreal en cours/ICAN_Backrooms/Content/Audio/Foley/SoundWaves/Sneaker/Concrete/Foley_fs_1p_sneaker_concrete_land_01.uexp" 1593
"G:/Projets Unreal en cours/ICAN_Backrooms/Content/Audio/Foley/SoundWaves/Sneaker/Concrete/Foley_fs_1p_sneaker_concrete_land_10.ubulk" 1594
"G:/Projets Unreal en cours/ICAN_Backrooms/Content/Audio/Foley/SoundWaves/Sneaker/Concrete/Foley_fs_1p_sneaker_concrete_land_10.uasset" 1595
"G:/Projets Unreal en cours/ICAN_Backrooms/Content/Audio/Foley/SoundWaves/Sneaker/Concrete/Foley_fs_1p_sneaker_concrete_land_10.uexp" 1596
"G:/Projets Unreal en cours/ICAN_Backrooms/Content/Audio/Foley/SoundWaves/Sneaker/Concrete/Foley_fs_1p_sneaker_concrete_land_11.ubulk" 1597
"G:/Projets Unreal en cours/ICAN_Backrooms/Content/Audio/Foley/SoundWaves/Sneaker/Concrete/Foley_fs_1p_sneaker_concrete_land_11.uasset" 1598
"G:/Projets Unreal en cours/ICAN_Backrooms/Content/Audio/Foley/SoundWaves/Sneaker/Concrete/Foley_fs_1p_sneaker_concrete_land_11.uexp" 1599
"G:/Projets Unreal en cours/ICAN_Backrooms/Content/Audio/Foley/SoundWaves/Sneaker/Concrete/Foley_fs_1p_sneaker_concrete_land_12.ubulk" 1600
"G:/Projets Unreal en cours/ICAN_Backrooms/Content/Audio/Foley/SoundWaves/Sneaker/Concrete/Foley_fs_1p_sneaker_concrete_land_12.uasset" 1601
"G:/Projets Unreal en cours/ICAN_Backrooms/Content/Audio/Foley/SoundWaves/Sneaker/Concrete/Foley_fs_1p_sneaker_concrete_land_12.uexp" 1602
"G:/Projets Unreal en cours/ICAN_Backrooms/Content/Audio/Foley/SoundWaves/Sneaker/Concrete/Foley_fs_1p_sneaker_concrete_land_13.ubulk" 1603
"G:/Projets Unreal en cours/ICAN_Backrooms/Content/Audio/Foley/SoundWaves/Sneaker/Concrete/Foley_fs_1p_sneaker_concrete_land_13.uasset" 1604
"G:/Projets Unreal en cours/ICAN_Backrooms/Content/Audio/Foley/SoundWaves/Sneaker/Concrete/Foley_fs_1p_sneaker_concrete_land_13.uexp" 1605
"G:/Projets Unreal en cours/ICAN_Backrooms/Content/Audio/Foley/SoundWaves/Sneaker/Concrete/Foley_fs_1p_sneaker_concrete_land_14.ubulk" 1606
"G:/Projets Unreal en cours/ICAN_Backrooms/Content/Audio/Foley/SoundWaves/Sneaker/Concrete/Foley_fs_1p_sneaker_concrete_land_14.uasset" 1607
"G:/Projets Unreal en cours/ICAN_Backrooms/Content/Audio/Foley/SoundWaves/Sneaker/Concrete/Foley_fs_1p_sneaker_concrete_land_14.uexp" 1608
"G:/Projets Unreal en cours/ICAN_Backrooms/Content/Audio/Foley/SoundWaves/Sneaker/Concrete/Foley_fs_1p_sneaker_concrete_land_15.ubulk" 1609
"G:/Projets Unreal en cours/ICAN_Backrooms/Content/Audio/Foley/SoundWaves/Sneaker/Concrete/Foley_fs_1p_sneaker_concrete_land_15.uasset" 1610
"G:/Projets Unreal en cours/ICAN_Backrooms/Content/Audio/Foley/SoundWaves/Sneaker/Concrete/Foley_fs_1p_sneaker_concrete_land_15.uexp" 1611
"G:/Projets Unreal en cours/ICAN_Backrooms/Content/Audio/Foley/SoundWaves/Sneaker/Concrete/Foley_fs_1p_sneaker_concrete_land_16.ubulk" 1612
"G:/Projets Unreal en cours/ICAN_Backrooms/Content/Audio/Foley/SoundWaves/Sneaker/Concrete/Foley_fs_1p_sneaker_concrete_land_16.uasset" 1613
"G:/Projets Unreal en cours/ICAN_Backrooms/Content/Audio/Foley/SoundWaves/Sneaker/Concrete/Foley_fs_1p_sneaker_concrete_land_16.uexp" 1614
"G:/Projets Unreal en cours/ICAN_Backrooms/Content/Audio/Foley/SoundWaves/Sneaker/Concrete/Foley_fs_1p_sneaker_concrete_land_17.ubulk" 1615
"G:/Projets Unreal en cours/ICAN_Backrooms/Content/Audio/Foley/SoundWaves/Sneaker/Concrete/Foley_fs_1p_sneaker_concrete_land_17.uasset" 1616
"G:/Projets Unreal en cours/ICAN_Backrooms/Content/Audio/Foley/SoundWaves/Sneaker/Concrete/Foley_fs_1p_sneaker_concrete_land_17.uexp" 1617
"G:/Projets Unreal en cours/ICAN_Backrooms/Content/Audio/Foley/SoundWaves/Sneaker/Concrete/Foley_fs_1p_sneaker_concrete_land_18.ubulk" 1618
"G:/Projets Unreal en cours/ICAN_Backrooms/Content/Audio/Foley/SoundWaves/Sneaker/Concrete/Foley_fs_1p_sneaker_concrete_land_18.uasset" 1619
"G:/Projets Unreal en cours/ICAN_Backrooms/Content/Audio/Foley/SoundWaves/Sneaker/Concrete/Foley_fs_1p_sneaker_concrete_land_18.uexp" 1620
"G:/Projets Unreal en cours/ICAN_Backrooms/Content/Audio/Foley/SoundWaves/Sneaker/Concrete/Foley_fs_1p_sneaker_concrete_land_19.ubulk" 1621
"G:/Projets Unreal en cours/ICAN_Backrooms/Content/Audio/Foley/SoundWaves/Sneaker/Concrete/Foley_fs_1p_sneaker_concrete_land_19.uasset" 1622
"G:/Projets Unreal en cours/ICAN_Backrooms/Content/Audio/Foley/SoundWaves/Sneaker/Concrete/Foley_fs_1p_sneaker_concrete_land_19.uexp" 1623
"G:/Projets Unreal en cours/ICAN_Backrooms/Content/Audio/Foley/SoundWaves/Sneaker/Concrete/Foley_fs_1p_sneaker_concrete_land_20.ubulk" 1624
"G:/Projets Unreal en cours/ICAN_Backrooms/Content/Audio/Foley/SoundWaves/Sneaker/Concrete/Foley_fs_1p_sneaker_concrete_land_20.uasset" 1625
"G:/Projets Unreal en cours/ICAN_Backrooms/Content/Audio/Foley/SoundWaves/Sneaker/Concrete/Foley_fs_1p_sneaker_concrete_land_20.uexp" 1626
"G:/Projets Unreal en cours/ICAN_Backrooms/Content/Audio/Foley/SoundWaves/Sneaker/Concrete/Foley_fs_1p_sneaker_concrete_land_03.ubulk" 1627
"G:/Projets Unreal en cours/ICAN_Backrooms/Content/Audio/Foley/SoundWaves/Sneaker/Concrete/Foley_fs_1p_sneaker_concrete_land_03.uasset" 1628
"G:/Projets Unreal en cours/ICAN_Backrooms/Content/Audio/Foley/SoundWaves/Sneaker/Concrete/Foley_fs_1p_sneaker_concrete_land_03.uexp" 1629
"G:/Projets Unreal en cours/ICAN_Backrooms/Content/Audio/Foley/SoundWaves/Sneaker/Concrete/Foley_fs_1p_sneaker_concrete_land_05.ubulk" 1630
"G:/Projets Unreal en cours/ICAN_Backrooms/Content/Audio/Foley/SoundWaves/Sneaker/Concrete/Foley_fs_1p_sneaker_concrete_land_05.uasset" 1631
"G:/Projets Unreal en cours/ICAN_Backrooms/Content/Audio/Foley/SoundWaves/Sneaker/Concrete/Foley_fs_1p_sneaker_concrete_land_05.uexp" 1632
"G:/Projets Unreal en cours/ICAN_Backrooms/Content/Audio/Foley/SoundWaves/Sneaker/Concrete/Foley_fs_1p_sneaker_concrete_land_02.ubulk" 1633
"G:/Projets Unreal en cours/ICAN_Backrooms/Content/Audio/Foley/SoundWaves/Sneaker/Concrete/Foley_fs_1p_sneaker_concrete_land_02.uasset" 1634
"G:/Projets Unreal en cours/ICAN_Backrooms/Content/Audio/Foley/SoundWaves/Sneaker/Concrete/Foley_fs_1p_sneaker_concrete_land_02.uexp" 1635
"G:/Projets Unreal en cours/ICAN_Backrooms/Content/Audio/Foley/SoundWaves/Sneaker/Concrete/Foley_fs_1p_sneaker_concrete_land_09.ubulk" 1636
"G:/Projets Unreal en cours/ICAN_Backrooms/Content/Audio/Foley/SoundWaves/Sneaker/Concrete/Foley_fs_1p_sneaker_concrete_land_09.uasset" 1637
"G:/Projets Unreal en cours/ICAN_Backrooms/Content/Audio/Foley/SoundWaves/Sneaker/Concrete/Foley_fs_1p_sneaker_concrete_land_09.uexp" 1638
"G:/Projets Unreal en cours/ICAN_Backrooms/Content/Audio/Foley/SoundWaves/Sneaker/Concrete/Foley_fs_1p_sneaker_concrete_land_08.ubulk" 1639
"G:/Projets Unreal en cours/ICAN_Backrooms/Content/Audio/Foley/SoundWaves/Sneaker/Concrete/Foley_fs_1p_sneaker_concrete_land_08.uasset" 1640
"G:/Projets Unreal en cours/ICAN_Backrooms/Content/Audio/Foley/SoundWaves/Sneaker/Concrete/Foley_fs_1p_sneaker_concrete_land_08.uexp" 1641
"G:/Projets Unreal en cours/ICAN_Backrooms/Content/Audio/Foley/SoundWaves/Sneaker/Concrete/Foley_fs_1p_sneaker_concrete_land_04.ubulk" 1642
"G:/Projets Unreal en cours/ICAN_Backrooms/Content/Audio/Foley/SoundWaves/Sneaker/Concrete/Foley_fs_1p_sneaker_concrete_land_04.uasset" 1643
"G:/Projets Unreal en cours/ICAN_Backrooms/Content/Audio/Foley/SoundWaves/Sneaker/Concrete/Foley_fs_1p_sneaker_concrete_land_04.uexp" 1644
"G:/Projets Unreal en cours/ICAN_Backrooms/Content/Audio/Foley/SoundWaves/Sneaker/Concrete/Foley_fs_1p_sneaker_concrete_land_07.ubulk" 1645
"G:/Projets Unreal en cours/ICAN_Backrooms/Content/Audio/Foley/SoundWaves/Sneaker/Concrete/Foley_fs_1p_sneaker_concrete_land_07.uasset" 1646
"G:/Projets Unreal en cours/ICAN_Backrooms/Content/Audio/Foley/SoundWaves/Sneaker/Concrete/Foley_fs_1p_sneaker_concrete_land_07.uexp" 1647
"G:/Projets Unreal en cours/ICAN_Backrooms/Content/Audio/Foley/MetaSounds/MSS_FoleySound_Land.uasset" 1648
"G:/Projets Unreal en cours/ICAN_Backrooms/Content/Audio/Foley/MetaSounds/MSS_FoleySound_Land.uexp" 1649
"G:/Projets Unreal en cours/ICAN_Backrooms/Content/Audio/Foley/DefaultFoleyEventAudioBank.uasset" 1650
"G:/Projets Unreal en cours/ICAN_Backrooms/Content/Audio/Foley/DefaultFoleyEventAudioBank.uexp" 1651
"G:/Projets Unreal en cours/ICAN_Backrooms/Content/Blueprints/AnimNotifies/BP_AnimNotify_FoleyEvent.uasset" 1652
"G:/Projets Unreal en cours/ICAN_Backrooms/Content/Blueprints/AnimNotifies/BP_AnimNotify_FoleyEvent.uexp" 1653
"G:/Projets Unreal en cours/ICAN_Backrooms/Content/Blueprints/AnimNotifies/BP_AnimNotify_FoleyEvent_Walk_L.uasset" 1654
"G:/Projets Unreal en cours/ICAN_Backrooms/Content/Blueprints/AnimNotifies/BP_AnimNotify_FoleyEvent_Walk_L.uexp" 1655
"G:/Projets Unreal en cours/ICAN_Backrooms/Content/Misc/SandboxAnimCurveCompressionSettings.uasset" 1656
"G:/Projets Unreal en cours/ICAN_Backrooms/Content/Misc/SandboxAnimCurveCompressionSettings.uexp" 1657
"G:/Projets Unreal en cours/ICAN_Backrooms/Content/Blueprints/AnimNotifies/BP_AnimNotify_FoleyEvent_Walk_R.uasset" 1658
"G:/Projets Unreal en cours/ICAN_Backrooms/Content/Blueprints/AnimNotifies/BP_AnimNotify_FoleyEvent_Walk_R.uexp" 1659
"G:/Projets Unreal en cours/ICAN_Backrooms/Content/Characters/UEFN_Mannequin/Animations/Traversal/Catch/Hurdle/M_Neutral_Traversal_Catch_Hurdle_med_stand.uasset" 1660
"G:/Projets Unreal en cours/ICAN_Backrooms/Content/Characters/UEFN_Mannequin/Animations/Traversal/Catch/Hurdle/M_Neutral_Traversal_Catch_Hurdle_med_stand.uexp" 1661
"G:/Projets Unreal en cours/ICAN_Backrooms/Content/Characters/UEFN_Mannequin/Animations/Traversal/Catch/Hurdle/AM_M_Neutral_Traversal_Catch_Hurdle_med_stand.uasset" 1662
"G:/Projets Unreal en cours/ICAN_Backrooms/Content/Characters/UEFN_Mannequin/Animations/Traversal/Catch/Hurdle/AM_M_Neutral_Traversal_Catch_Hurdle_med_stand.uexp" 1663
"G:/Projets Unreal en cours/ICAN_Backrooms/Content/Blueprints/AnimNotifies/BP_AnimNotify_FoleyEvent_Scuff_R.uasset" 1664
"G:/Projets Unreal en cours/ICAN_Backrooms/Content/Blueprints/AnimNotifies/BP_AnimNotify_FoleyEvent_Scuff_R.uexp" 1665
"G:/Projets Unreal en cours/ICAN_Backrooms/Content/Characters/UEFN_Mannequin/Animations/Traversal/Climb/M_Neutral_Traversal_Climb_Start_2_5_walk_F_Rfoot.uasset" 1666
"G:/Projets Unreal en cours/ICAN_Backrooms/Content/Characters/UEFN_Mannequin/Animations/Traversal/Climb/M_Neutral_Traversal_Climb_Start_2_5_walk_F_Rfoot.uexp" 1667
"G:/Projets Unreal en cours/ICAN_Backrooms/Content/Characters/UEFN_Mannequin/Animations/Traversal/Climb/AM_M_Neutral_Traversal_Climb_Start_2_5_walk_F_Rfoot.uasset" 1668
"G:/Projets Unreal en cours/ICAN_Backrooms/Content/Characters/UEFN_Mannequin/Animations/Traversal/Climb/AM_M_Neutral_Traversal_Climb_Start_2_5_walk_F_Rfoot.uexp" 1669
"G:/Projets Unreal en cours/ICAN_Backrooms/Content/Blueprints/AnimNotifies/BP_AnimNotify_FoleyEvent_Jump.uasset" 1670
"G:/Projets Unreal en cours/ICAN_Backrooms/Content/Blueprints/AnimNotifies/BP_AnimNotify_FoleyEvent_Jump.uexp" 1671
"G:/Projets Unreal en cours/ICAN_Backrooms/Content/Blueprints/AnimNotifies/BP_AnimNotify_FoleyEvent_Handplant_L.uasset" 1672
"G:/Projets Unreal en cours/ICAN_Backrooms/Content/Blueprints/AnimNotifies/BP_AnimNotify_FoleyEvent_Handplant_L.uexp" 1673
"G:/Projets Unreal en cours/ICAN_Backrooms/Content/Characters/UEFN_Mannequin/Animations/Traversal/Climb/M_Neutral_Traversal_Climb_Start_2_5_stand_F_Rfoot.uasset" 1674
"G:/Projets Unreal en cours/ICAN_Backrooms/Content/Characters/UEFN_Mannequin/Animations/Traversal/Climb/M_Neutral_Traversal_Climb_Start_2_5_stand_F_Rfoot.uexp" 1675
"G:/Projets Unreal en cours/ICAN_Backrooms/Content/Characters/UEFN_Mannequin/Animations/Traversal/Climb/AM_M_Neutral_Traversal_Climb_Start_2_5_stand_F_Rfoot.uasset" 1676
"G:/Projets Unreal en cours/ICAN_Backrooms/Content/Characters/UEFN_Mannequin/Animations/Traversal/Climb/AM_M_Neutral_Traversal_Climb_Start_2_5_stand_F_Rfoot.uexp" 1677
"G:/Projets Unreal en cours/ICAN_Backrooms/Content/Characters/UEFN_Mannequin/Animations/Walk/M_Neutral_Walk_Box_B_LR_Lfoot.uasset" 1678
"G:/Projets Unreal en cours/ICAN_Backrooms/Content/Characters/UEFN_Mannequin/Animations/Walk/M_Neutral_Walk_Box_B_LR_Lfoot.uexp" 1679
"G:/Projets Unreal en cours/ICAN_Backrooms/Content/Characters/UEFN_Mannequin/Animations/Jump/M_Neutral_Jump_F_Start_Sprint_Lfoot.uasset" 1680
"G:/Projets Unreal en cours/ICAN_Backrooms/Content/Characters/UEFN_Mannequin/Animations/Jump/M_Neutral_Jump_F_Start_Sprint_Lfoot.uexp" 1681
"G:/Projets Unreal en cours/ICAN_Backrooms/Content/Blueprints/AnimNotifies/BP_AnimNotify_FoleyEvent_Scuff_L.uasset" 1682
"G:/Projets Unreal en cours/ICAN_Backrooms/Content/Blueprints/AnimNotifies/BP_AnimNotify_FoleyEvent_Scuff_L.uexp" 1683
"G:/Projets Unreal en cours/ICAN_Backrooms/Content/Blueprints/AnimNotifies/BP_AnimNotify_FoleyEvent_Run_R.uasset" 1684
"G:/Projets Unreal en cours/ICAN_Backrooms/Content/Blueprints/AnimNotifies/BP_AnimNotify_FoleyEvent_Run_R.uexp" 1685
"G:/Projets Unreal en cours/ICAN_Backrooms/Content/Blueprints/AnimNotifies/BP_AnimNotify_FoleyEvent_Run_L.uasset" 1686
"G:/Projets Unreal en cours/ICAN_Backrooms/Content/Blueprints/AnimNotifies/BP_AnimNotify_FoleyEvent_Run_L.uexp" 1687
"G:/Projets Unreal en cours/ICAN_Backrooms/Content/Characters/UEFN_Mannequin/Animations/Run/M_Neutral_Run_Box_B_LR_Lfoot.uasset" 1688
"G:/Projets Unreal en cours/ICAN_Backrooms/Content/Characters/UEFN_Mannequin/Animations/Run/M_Neutral_Run_Box_B_LR_Lfoot.uexp" 1689
"G:/Projets Unreal en cours/ICAN_Backrooms/Content/Characters/UEFN_Mannequin/Animations/Walk/M_Neutral_Walk_Turn_L_090_Lfoot.uasset" 1690
"G:/Projets Unreal en cours/ICAN_Backrooms/Content/Characters/UEFN_Mannequin/Animations/Walk/M_Neutral_Walk_Turn_L_090_Lfoot.uexp" 1691
"G:/Projets Unreal en cours/ICAN_Backrooms/Content/Characters/UEFN_Mannequin/Animations/Crouch/M_Neutral_Crouch_Box_RR_B_Lfoot.uasset" 1692
"G:/Projets Unreal en cours/ICAN_Backrooms/Content/Characters/UEFN_Mannequin/Animations/Crouch/M_Neutral_Crouch_Box_RR_B_Lfoot.uexp" 1693
"G:/Projets Unreal en cours/ICAN_Backrooms/Content/Characters/UEFN_Mannequin/Animations/Walk/M_Neutral_Walk_Box_F_LL_Lfoot.uasset" 1694
"G:/Projets Unreal en cours/ICAN_Backrooms/Content/Characters/UEFN_Mannequin/Animations/Walk/M_Neutral_Walk_Box_F_LL_Lfoot.uexp" 1695
"G:/Projets Unreal en cours/ICAN_Backrooms/Content/Characters/UEFN_Mannequin/Animations/Run/M_Neutral_Run_Box_B_RL_Rfoot.uasset" 1696
"G:/Projets Unreal en cours/ICAN_Backrooms/Content/Characters/UEFN_Mannequin/Animations/Run/M_Neutral_Run_Box_B_RL_Rfoot.uexp" 1697
"G:/Projets Unreal en cours/ICAN_Backrooms/Content/Characters/UEFN_Mannequin/Animations/Walk/M_Neutral_Walk_Start_LL_Rfoot.uasset" 1698
"G:/Projets Unreal en cours/ICAN_Backrooms/Content/Characters/UEFN_Mannequin/Animations/Walk/M_Neutral_Walk_Start_LL_Rfoot.uexp" 1699
"G:/Projets Unreal en cours/ICAN_Backrooms/Content/Characters/UEFN_Mannequin/Animations/Walk/M_Neutral_Walk_Turn_R_090_Lfoot.uasset" 1700
"G:/Projets Unreal en cours/ICAN_Backrooms/Content/Characters/UEFN_Mannequin/Animations/Walk/M_Neutral_Walk_Turn_R_090_Lfoot.uexp" 1701
"G:/Projets Unreal en cours/ICAN_Backrooms/Content/Characters/UEFN_Mannequin/Animations/Crouch/M_Neutral_Crouch_Turn_R_180_Lfoot.uasset" 1702
"G:/Projets Unreal en cours/ICAN_Backrooms/Content/Characters/UEFN_Mannequin/Animations/Crouch/M_Neutral_Crouch_Turn_R_180_Lfoot.uexp" 1703
"G:/Projets Unreal en cours/ICAN_Backrooms/Content/Characters/UEFN_Mannequin/Animations/Walk/M_Neutral_Walk_Box_F_RL_Rfoot.uasset" 1704
"G:/Projets Unreal en cours/ICAN_Backrooms/Content/Characters/UEFN_Mannequin/Animations/Walk/M_Neutral_Walk_Box_F_RL_Rfoot.uexp" 1705
"G:/Projets Unreal en cours/ICAN_Backrooms/Content/Characters/UEFN_Mannequin/Animations/Run/M_Neutral_Run_Start_F_Lfoot.uasset" 1706
"G:/Projets Unreal en cours/ICAN_Backrooms/Content/Characters/UEFN_Mannequin/Animations/Run/M_Neutral_Run_Start_F_Lfoot.uexp" 1707
"G:/Projets Unreal en cours/ICAN_Backrooms/Content/Blueprints/AnimNotifies/BP_AnimNotify_FoleyEvent_Handplant_R.uasset" 1708
"G:/Projets Unreal en cours/ICAN_Backrooms/Content/Blueprints/AnimNotifies/BP_AnimNotify_FoleyEvent_Handplant_R.uexp" 1709
"G:/Projets Unreal en cours/ICAN_Backrooms/Content/Characters/UEFN_Mannequin/Animations/Traversal/Mantle/M_Neutral_Traversal_Mantle_1_0_run_F_Lfoot.uasset" 1710
"G:/Projets Unreal en cours/ICAN_Backrooms/Content/Characters/UEFN_Mannequin/Animations/Traversal/Mantle/M_Neutral_Traversal_Mantle_1_0_run_F_Lfoot.uexp" 1711
"G:/Projets Unreal en cours/ICAN_Backrooms/Content/Characters/UEFN_Mannequin/Animations/Run/M_Neutral_Run_Reface_Start_F_R_180.uasset" 1712
"G:/Projets Unreal en cours/ICAN_Backrooms/Content/Characters/UEFN_Mannequin/Animations/Run/M_Neutral_Run_Reface_Start_F_R_180.uexp" 1713
"G:/Projets Unreal en cours/ICAN_Backrooms/Content/Blueprints/AnimNotifies/BP_AnimNotify_FoleyEvent_Land.uasset" 1714
"G:/Projets Unreal en cours/ICAN_Backrooms/Content/Blueprints/AnimNotifies/BP_AnimNotify_FoleyEvent_Land.uexp" 1715
"G:/Projets Unreal en cours/ICAN_Backrooms/Content/Characters/UEFN_Mannequin/Animations/Jump/M_Neutral_Jump_B_Land_Stand_Light_Lfoot.uasset" 1716
"G:/Projets Unreal en cours/ICAN_Backrooms/Content/Characters/UEFN_Mannequin/Animations/Jump/M_Neutral_Jump_B_Land_Stand_Light_Lfoot.uexp" 1717
"G:/Projets Unreal en cours/ICAN_Backrooms/Content/Characters/UEFN_Mannequin/Animations/Jump/M_Neutral_Jump_F_Land_Stand_Heavy_Rfoot.uasset" 1718
"G:/Projets Unreal en cours/ICAN_Backrooms/Content/Characters/UEFN_Mannequin/Animations/Jump/M_Neutral_Jump_F_Land_Stand_Heavy_Rfoot.uexp" 1719
"G:/Projets Unreal en cours/ICAN_Backrooms/Content/Characters/UEFN_Mannequin/Animations/Jump/M_Neutral_Jump_LL_Land_Walk_Light.uasset" 1720
"G:/Projets Unreal en cours/ICAN_Backrooms/Content/Characters/UEFN_Mannequin/Animations/Jump/M_Neutral_Jump_LL_Land_Walk_Light.uexp" 1721
"G:/Projets Unreal en cours/ICAN_Backrooms/Content/Characters/UEFN_Mannequin/Animations/Jump/M_Neutral_Jump_F_Start_Sprint_Rfoot.uasset" 1722
"G:/Projets Unreal en cours/ICAN_Backrooms/Content/Characters/UEFN_Mannequin/Animations/Jump/M_Neutral_Jump_F_Start_Sprint_Rfoot.uexp" 1723
"G:/Projets Unreal en cours/ICAN_Backrooms/Content/Characters/UEFN_Mannequin/Animations/Crouch/M_Neutral_Crouch_Pivot_LL_RL_Rfoot.uasset" 1724
"G:/Projets Unreal en cours/ICAN_Backrooms/Content/Characters/UEFN_Mannequin/Animations/Crouch/M_Neutral_Crouch_Pivot_LL_RL_Rfoot.uexp" 1725
"G:/Projets Unreal en cours/ICAN_Backrooms/Content/Characters/UEFN_Mannequin/Animations/Crouch/M_Neutral_Crouch_Pivot_RR_LR_Lfoot.uasset" 1726
"G:/Projets Unreal en cours/ICAN_Backrooms/Content/Characters/UEFN_Mannequin/Animations/Crouch/M_Neutral_Crouch_Pivot_RR_LR_Lfoot.uexp" 1727
"G:/Projets Unreal en cours/ICAN_Backrooms/Content/Characters/UEFN_Mannequin/Animations/Walk/M_Neutral_Walk_Stop_RR_Rfoot.uasset" 1728
"G:/Projets Unreal en cours/ICAN_Backrooms/Content/Characters/UEFN_Mannequin/Animations/Walk/M_Neutral_Walk_Stop_RR_Rfoot.uexp" 1729
"G:/Projets Unreal en cours/ICAN_Backrooms/Content/Characters/UEFN_Mannequin/Animations/Walk/M_Neutral_Walk_Pivot_LL_RL_Rfoot.uasset" 1730
"G:/Projets Unreal en cours/ICAN_Backrooms/Content/Characters/UEFN_Mannequin/Animations/Walk/M_Neutral_Walk_Pivot_LL_RL_Rfoot.uexp" 1731
"G:/Projets Unreal en cours/ICAN_Backrooms/Content/Characters/UEFN_Mannequin/Animations/Crouch/M_Neutral_Crouch_Pivot_B_F_Rfoot.uasset" 1732
"G:/Projets Unreal en cours/ICAN_Backrooms/Content/Characters/UEFN_Mannequin/Animations/Crouch/M_Neutral_Crouch_Pivot_B_F_Rfoot.uexp" 1733
"G:/Projets Unreal en cours/ICAN_Backrooms/Content/Characters/UEFN_Mannequin/Animations/Crouch/M_Neutral_Crouch_Box_B_LR_Lfoot.uasset" 1734
"G:/Projets Unreal en cours/ICAN_Backrooms/Content/Characters/UEFN_Mannequin/Animations/Crouch/M_Neutral_Crouch_Box_B_LR_Lfoot.uexp" 1735
"G:/Projets Unreal en cours/ICAN_Backrooms/Content/Characters/UEFN_Mannequin/Animations/Crouch/M_Neutral_Crouch_Box_RL_F_Lfoot.uasset" 1736
"G:/Projets Unreal en cours/ICAN_Backrooms/Content/Characters/UEFN_Mannequin/Animations/Crouch/M_Neutral_Crouch_Box_RL_F_Lfoot.uexp" 1737
"G:/Projets Unreal en cours/ICAN_Backrooms/Content/Characters/UEFN_Mannequin/Animations/Run/M_Neutral_Run_Box_RR_B_Lfoot.uasset" 1738
"G:/Projets Unreal en cours/ICAN_Backrooms/Content/Characters/UEFN_Mannequin/Animations/Run/M_Neutral_Run_Box_RR_B_Lfoot.uexp" 1739
"G:/Projets Unreal en cours/ICAN_Backrooms/Content/Characters/UEFN_Mannequin/Animations/Walk/M_Neutral_Walk_Box_B_RL_Lfoot.uasset" 1740
"G:/Projets Unreal en cours/ICAN_Backrooms/Content/Characters/UEFN_Mannequin/Animations/Walk/M_Neutral_Walk_Box_B_RL_Lfoot.uexp" 1741
"G:/Projets Unreal en cours/ICAN_Backrooms/Content/Characters/UEFN_Mannequin/Animations/Run/M_Neutral_Run_Box_F_RL_Lfoot.uasset" 1742
"G:/Projets Unreal en cours/ICAN_Backrooms/Content/Characters/UEFN_Mannequin/Animations/Run/M_Neutral_Run_Box_F_RL_Lfoot.uexp" 1743
"G:/Projets Unreal en cours/ICAN_Backrooms/Content/Characters/UEFN_Mannequin/Animations/Jump/M_Neutral_Jump_RL_Land_Run_Light.uasset" 1744
"G:/Projets Unreal en cours/ICAN_Backrooms/Content/Characters/UEFN_Mannequin/Animations/Jump/M_Neutral_Jump_RL_Land_Run_Light.uexp" 1745
"G:/Projets Unreal en cours/ICAN_Backrooms/Content/Characters/UEFN_Mannequin/Animations/Walk/M_Neutral_Walk_Pivot_RR_LR_Lfoot.uasset" 1746
"G:/Projets Unreal en cours/ICAN_Backrooms/Content/Characters/UEFN_Mannequin/Animations/Walk/M_Neutral_Walk_Pivot_RR_LR_Lfoot.uexp" 1747
"G:/Projets Unreal en cours/ICAN_Backrooms/Content/Characters/UEFN_Mannequin/Animations/Run/M_Neutral_Run_Start_B_Rfoot.uasset" 1748
"G:/Projets Unreal en cours/ICAN_Backrooms/Content/Characters/UEFN_Mannequin/Animations/Run/M_Neutral_Run_Start_B_Rfoot.uexp" 1749
"G:/Projets Unreal en cours/ICAN_Backrooms/Content/Characters/UEFN_Mannequin/Animations/Walk/M_Neutral_Walk_Pivot_F_B_Rfoot.uasset" 1750
"G:/Projets Unreal en cours/ICAN_Backrooms/Content/Characters/UEFN_Mannequin/Animations/Walk/M_Neutral_Walk_Pivot_F_B_Rfoot.uexp" 1751
"G:/Projets Unreal en cours/ICAN_Backrooms/Content/Characters/UEFN_Mannequin/Animations/Traversal/Hurdle/M_Neutral_Traversal_Hurdle_1_0_run_F_V2_Rfoot.uasset" 1752
"G:/Projets Unreal en cours/ICAN_Backrooms/Content/Characters/UEFN_Mannequin/Animations/Traversal/Hurdle/M_Neutral_Traversal_Hurdle_1_0_run_F_V2_Rfoot.uexp" 1753
"G:/Projets Unreal en cours/ICAN_Backrooms/Content/Characters/UEFN_Mannequin/Animations/Run/M_Neutral_Run_Box_RR_B_Rfoot.uasset" 1754
"G:/Projets Unreal en cours/ICAN_Backrooms/Content/Characters/UEFN_Mannequin/Animations/Run/M_Neutral_Run_Box_RR_B_Rfoot.uexp" 1755
"G:/Projets Unreal en cours/ICAN_Backrooms/Content/Characters/UEFN_Mannequin/Animations/Crouch/M_Neutral_Crouch_Box_B_LL_Lfoot.uasset" 1756
"G:/Projets Unreal en cours/ICAN_Backrooms/Content/Characters/UEFN_Mannequin/Animations/Crouch/M_Neutral_Crouch_Box_B_LL_Lfoot.uexp" 1757
"G:/Projets Unreal en cours/ICAN_Backrooms/Content/Characters/UEFN_Mannequin/Animations/Walk/M_Neutral_Walk_Box_RR_B_Rfoot.uasset" 1758
"G:/Projets Unreal en cours/ICAN_Backrooms/Content/Characters/UEFN_Mannequin/Animations/Walk/M_Neutral_Walk_Box_RR_B_Rfoot.uexp" 1759
"G:/Projets Unreal en cours/ICAN_Backrooms/Content/Characters/UEFN_Mannequin/Animations/Run/M_Neutral_Run_Box_F_RR_Lfoot.uasset" 1760
"G:/Projets Unreal en cours/ICAN_Backrooms/Content/Characters/UEFN_Mannequin/Animations/Run/M_Neutral_Run_Box_F_RR_Lfoot.uexp" 1761
"G:/Projets Unreal en cours/ICAN_Backrooms/Content/Characters/UEFN_Mannequin/Animations/Walk/M_Neutral_Walk_Start_RL_Lfoot.uasset" 1762
"G:/Projets Unreal en cours/ICAN_Backrooms/Content/Characters/UEFN_Mannequin/Animations/Walk/M_Neutral_Walk_Start_RL_Lfoot.uexp" 1763
"G:/Projets Unreal en cours/ICAN_Backrooms/Content/Characters/UEFN_Mannequin/Animations/Run/M_Neutral_Run_Pivot_LR_RR_Lfoot.uasset" 1764
"G:/Projets Unreal en cours/ICAN_Backrooms/Content/Characters/UEFN_Mannequin/Animations/Run/M_Neutral_Run_Pivot_LR_RR_Lfoot.uexp" 1765
"G:/Projets Unreal en cours/ICAN_Backrooms/Content/Characters/UEFN_Mannequin/Animations/Crouch/M_Neutral_Crouch_Pivot_RR_LR_Rfoot.uasset" 1766
"G:/Projets Unreal en cours/ICAN_Backrooms/Content/Characters/UEFN_Mannequin/Animations/Crouch/M_Neutral_Crouch_Pivot_RR_LR_Rfoot.uexp" 1767
"G:/Projets Unreal en cours/ICAN_Backrooms/Content/Characters/UEFN_Mannequin/Animations/Crouch/M_Neutral_Crouch_Turn_L_180_Lfoot.uasset" 1768
"G:/Projets Unreal en cours/ICAN_Backrooms/Content/Characters/UEFN_Mannequin/Animations/Crouch/M_Neutral_Crouch_Turn_L_180_Lfoot.uexp" 1769
"G:/Projets Unreal en cours/ICAN_Backrooms/Content/Characters/UEFN_Mannequin/Animations/Run/M_Neutral_Run_Start_RL_Rfoot.uasset" 1770
"G:/Projets Unreal en cours/ICAN_Backrooms/Content/Characters/UEFN_Mannequin/Animations/Run/M_Neutral_Run_Start_RL_Rfoot.uexp" 1771
"G:/Projets Unreal en cours/ICAN_Backrooms/Content/Characters/UEFN_Mannequin/Animations/Run/M_Neutral_Run_Stop_LL_Lfoot.uasset" 1772
"G:/Projets Unreal en cours/ICAN_Backrooms/Content/Characters/UEFN_Mannequin/Animations/Run/M_Neutral_Run_Stop_LL_Lfoot.uexp" 1773
"G:/Projets Unreal en cours/ICAN_Backrooms/Content/Characters/UEFN_Mannequin/Animations/Run/M_Neutral_Run_Box_B_LR_Rfoot.uasset" 1774
"G:/Projets Unreal en cours/ICAN_Backrooms/Content/Characters/UEFN_Mannequin/Animations/Run/M_Neutral_Run_Box_B_LR_Rfoot.uexp" 1775
"G:/Projets Unreal en cours/ICAN_Backrooms/Content/Characters/UEFN_Mannequin/Animations/Crouch/M_Neutral_Crouch_Pivot_RL_LL_Rfoot.uasset" 1776
"G:/Projets Unreal en cours/ICAN_Backrooms/Content/Characters/UEFN_Mannequin/Animations/Crouch/M_Neutral_Crouch_Pivot_RL_LL_Rfoot.uexp" 1777
"G:/Projets Unreal en cours/ICAN_Backrooms/Content/Characters/UEFN_Mannequin/Animations/Crouch/M_Neutral_Crouch_Stop_LR_Rfoot.uasset" 1778
"G:/Projets Unreal en cours/ICAN_Backrooms/Content/Characters/UEFN_Mannequin/Animations/Crouch/M_Neutral_Crouch_Stop_LR_Rfoot.uexp" 1779
"G:/Projets Unreal en cours/ICAN_Backrooms/Content/Characters/UEFN_Mannequin/Animations/Walk/M_Neutral_Walk_Box_LR_F_Lfoot.uasset" 1780
"G:/Projets Unreal en cours/ICAN_Backrooms/Content/Characters/UEFN_Mannequin/Animations/Walk/M_Neutral_Walk_Box_LR_F_Lfoot.uexp" 1781
"G:/Projets Unreal en cours/ICAN_Backrooms/Content/Characters/UEFN_Mannequin/Animations/Sprint/M_Neutral_Sprint_Start_F_Lfoot.uasset" 1782
"G:/Projets Unreal en cours/ICAN_Backrooms/Content/Characters/UEFN_Mannequin/Animations/Sprint/M_Neutral_Sprint_Start_F_Lfoot.uexp" 1783
"G:/Projets Unreal en cours/ICAN_Backrooms/Content/Characters/UEFN_Mannequin/Animations/Run/M_Neutral_Run_Box_B_RR_Rfoot.uasset" 1784
"G:/Projets Unreal en cours/ICAN_Backrooms/Content/Characters/UEFN_Mannequin/Animations/Run/M_Neutral_Run_Box_B_RR_Rfoot.uexp" 1785
"G:/Projets Unreal en cours/ICAN_Backrooms/Content/Characters/UEFN_Mannequin/Animations/Walk/M_Neutral_Walk_Start_RR_Rfoot.uasset" 1786
"G:/Projets Unreal en cours/ICAN_Backrooms/Content/Characters/UEFN_Mannequin/Animations/Walk/M_Neutral_Walk_Start_RR_Rfoot.uexp" 1787
"G:/Projets Unreal en cours/ICAN_Backrooms/Content/Characters/UEFN_Mannequin/Animations/Jump/M_Neutral_Jump_RL_Land_Stand_Light_Lfoot.uasset" 1788
"G:/Projets Unreal en cours/ICAN_Backrooms/Content/Characters/UEFN_Mannequin/Animations/Jump/M_Neutral_Jump_RL_Land_Stand_Light_Lfoot.uexp" 1789
"G:/Projets Unreal en cours/ICAN_Backrooms/Content/Characters/UEFN_Mannequin/Animations/Run/M_Neutral_Run_Reface_Start_F_R_090.uasset" 1790
"G:/Projets Unreal en cours/ICAN_Backrooms/Content/Characters/UEFN_Mannequin/Animations/Run/M_Neutral_Run_Reface_Start_F_R_090.uexp" 1791
"G:/Projets Unreal en cours/ICAN_Backrooms/Content/Characters/UEFN_Mannequin/Animations/Run/M_Neutral_Run_Stop_F_Lfoot.uasset" 1792
"G:/Projets Unreal en cours/ICAN_Backrooms/Content/Characters/UEFN_Mannequin/Animations/Run/M_Neutral_Run_Stop_F_Lfoot.uexp" 1793
"G:/Projets Unreal en cours/ICAN_Backrooms/Content/Characters/UEFN_Mannequin/Animations/Run/M_Neutral_Run_Start_LR_Lfoot.uasset" 1794
"G:/Projets Unreal en cours/ICAN_Backrooms/Content/Characters/UEFN_Mannequin/Animations/Run/M_Neutral_Run_Start_LR_Lfoot.uexp" 1795
"G:/Projets Unreal en cours/ICAN_Backrooms/Content/Characters/UEFN_Mannequin/Animations/Crouch/M_Neutral_Crouch_Pivot_LR_RR_Lfoot.uasset" 1796
"G:/Projets Unreal en cours/ICAN_Backrooms/Content/Characters/UEFN_Mannequin/Animations/Crouch/M_Neutral_Crouch_Pivot_LR_RR_Lfoot.uexp" 1797
"G:/Projets Unreal en cours/ICAN_Backrooms/Content/Characters/UEFN_Mannequin/Animations/Crouch/M_Neutral_Crouch_Box_LR_F_Lfoot.uasset" 1798
"G:/Projets Unreal en cours/ICAN_Backrooms/Content/Characters/UEFN_Mannequin/Animations/Crouch/M_Neutral_Crouch_Box_LR_F_Lfoot.uexp" 1799
"G:/Projets Unreal en cours/ICAN_Backrooms/Content/Characters/UEFN_Mannequin/Animations/Walk/M_Neutral_Walk_Stop_B_Rfoot.uasset" 1800
"G:/Projets Unreal en cours/ICAN_Backrooms/Content/Characters/UEFN_Mannequin/Animations/Walk/M_Neutral_Walk_Stop_B_Rfoot.uexp" 1801
"G:/Projets Unreal en cours/ICAN_Backrooms/Content/Characters/UEFN_Mannequin/Animations/Run/M_Neutral_Run_Pivot_RL_LL_Rfoot.uasset" 1802
"G:/Projets Unreal en cours/ICAN_Backrooms/Content/Characters/UEFN_Mannequin/Animations/Run/M_Neutral_Run_Pivot_RL_LL_Rfoot.uexp" 1803
"G:/Projets Unreal en cours/ICAN_Backrooms/Content/Characters/UEFN_Mannequin/Animations/Run/M_Neutral_Run_Stop_B_Lfoot.uasset" 1804
"G:/Projets Unreal en cours/ICAN_Backrooms/Content/Characters/UEFN_Mannequin/Animations/Run/M_Neutral_Run_Stop_B_Lfoot.uexp" 1805
"G:/Projets Unreal en cours/ICAN_Backrooms/Content/Characters/UEFN_Mannequin/Animations/Crouch/M_Neutral_Crouch_Box_RL_B_Rfoot.uasset" 1806
"G:/Projets Unreal en cours/ICAN_Backrooms/Content/Characters/UEFN_Mannequin/Animations/Crouch/M_Neutral_Crouch_Box_RL_B_Rfoot.uexp" 1807
"G:/Projets Unreal en cours/ICAN_Backrooms/Content/Characters/UEFN_Mannequin/Animations/Sprint/M_Neutral_Sprint_Turn_L_180_Rfoot.uasset" 1808
"G:/Projets Unreal en cours/ICAN_Backrooms/Content/Characters/UEFN_Mannequin/Animations/Sprint/M_Neutral_Sprint_Turn_L_180_Rfoot.uexp" 1809
"G:/Projets Unreal en cours/ICAN_Backrooms/Content/Characters/UEFN_Mannequin/Animations/Run/M_Neutral_Run_Pivot_RR_LR_Lfoot.uasset" 1810
"G:/Projets Unreal en cours/ICAN_Backrooms/Content/Characters/UEFN_Mannequin/Animations/Run/M_Neutral_Run_Pivot_RR_LR_Lfoot.uexp" 1811
"G:/Projets Unreal en cours/ICAN_Backrooms/Content/Characters/UEFN_Mannequin/Animations/Jump/M_Neutral_Jump_LL_Land_Walk_Heavy.uasset" 1812
"G:/Projets Unreal en cours/ICAN_Backrooms/Content/Characters/UEFN_Mannequin/Animations/Jump/M_Neutral_Jump_LL_Land_Walk_Heavy.uexp" 1813
"G:/Projets Unreal en cours/ICAN_Backrooms/Content/Characters/UEFN_Mannequin/Animations/Run/M_Neutral_Run_Stop_F_Rfoot.uasset" 1814
"G:/Projets Unreal en cours/ICAN_Backrooms/Content/Characters/UEFN_Mannequin/Animations/Run/M_Neutral_Run_Stop_F_Rfoot.uexp" 1815
"G:/Projets Unreal en cours/ICAN_Backrooms/Content/Characters/UEFN_Mannequin/Animations/Crouch/M_Neutral_Crouch_Stop_B_Lfoot.uasset" 1816
"G:/Projets Unreal en cours/ICAN_Backrooms/Content/Characters/UEFN_Mannequin/Animations/Crouch/M_Neutral_Crouch_Stop_B_Lfoot.uexp" 1817
"G:/Projets Unreal en cours/ICAN_Backrooms/Content/Characters/UEFN_Mannequin/Animations/Walk/M_Neutral_Walk_Turn_R_090_Rfoot.uasset" 1818
"G:/Projets Unreal en cours/ICAN_Backrooms/Content/Characters/UEFN_Mannequin/Animations/Walk/M_Neutral_Walk_Turn_R_090_Rfoot.uexp" 1819
"G:/Projets Unreal en cours/ICAN_Backrooms/Content/Characters/UEFN_Mannequin/Animations/Walk/M_Neutral_Walk_Box_F_LL_Rfoot.uasset" 1820
"G:/Projets Unreal en cours/ICAN_Backrooms/Content/Characters/UEFN_Mannequin/Animations/Walk/M_Neutral_Walk_Box_F_LL_Rfoot.uexp" 1821
"G:/Projets Unreal en cours/ICAN_Backrooms/Content/Characters/UEFN_Mannequin/Animations/Walk/M_Neutral_Walk_Box_F_LR_Rfoot.uasset" 1822
"G:/Projets Unreal en cours/ICAN_Backrooms/Content/Characters/UEFN_Mannequin/Animations/Walk/M_Neutral_Walk_Box_F_LR_Rfoot.uexp" 1823
"G:/Projets Unreal en cours/ICAN_Backrooms/Content/Blueprints/AnimNotifies/E_EarlyTransition_Destination.uasset" 1824
"G:/Projets Unreal en cours/ICAN_Backrooms/Content/Blueprints/AnimNotifies/E_EarlyTransition_Destination.uexp" 1825
"G:/Projets Unreal en cours/ICAN_Backrooms/Content/Blueprints/AnimNotifies/E_EarlyTransition_Condition.uasset" 1826
"G:/Projets Unreal en cours/ICAN_Backrooms/Content/Blueprints/AnimNotifies/E_EarlyTransition_Condition.uexp" 1827
"G:/Projets Unreal en cours/ICAN_Backrooms/Content/Blueprints/Data/E_MovementState.uasset" 1828
"G:/Projets Unreal en cours/ICAN_Backrooms/Content/Blueprints/Data/E_MovementState.uexp" 1829
"G:/Projets Unreal en cours/ICAN_Backrooms/Content/Blueprints/Data/E_ExperimentalStateMachineState.uasset" 1830
"G:/Projets Unreal en cours/ICAN_Backrooms/Content/Blueprints/Data/E_ExperimentalStateMachineState.uexp" 1831
"G:/Projets Unreal en cours/ICAN_Backrooms/Content/Characters/UEFN_Mannequin/Animations/Run/M_Neutral_Run_Lean_Pose_Base.uasset" 1832
"G:/Projets Unreal en cours/ICAN_Backrooms/Content/Characters/UEFN_Mannequin/Animations/Run/M_Neutral_Run_Lean_Pose_Base.uexp" 1833
"G:/Projets Unreal en cours/ICAN_Backrooms/Content/Characters/UEFN_Mannequin/Animations/Run/M_Neutral_Run_Lean_Pose_Left.uasset" 1834
"G:/Projets Unreal en cours/ICAN_Backrooms/Content/Characters/UEFN_Mannequin/Animations/Run/M_Neutral_Run_Lean_Pose_Left.uexp" 1835
"G:/Projets Unreal en cours/ICAN_Backrooms/Content/Characters/UEFN_Mannequin/Animations/Run/M_Neutral_Run_Lean_Pose_Right.uasset" 1836
"G:/Projets Unreal en cours/ICAN_Backrooms/Content/Characters/UEFN_Mannequin/Animations/Run/M_Neutral_Run_Lean_Pose_Right.uexp" 1837
"G:/Projets Unreal en cours/ICAN_Backrooms/Content/Characters/UEFN_Mannequin/Animations/Run/BS1D_Additive_Lean_Run.uasset" 1838
"G:/Projets Unreal en cours/ICAN_Backrooms/Content/Characters/UEFN_Mannequin/Animations/Run/BS1D_Additive_Lean_Run.uexp" 1839
"G:/Projets Unreal en cours/ICAN_Backrooms/Content/Blueprints/Data/S_ChooserOutputs.uasset" 1840
"G:/Projets Unreal en cours/ICAN_Backrooms/Content/Blueprints/Data/S_ChooserOutputs.uexp" 1841
"G:/Projets Unreal en cours/ICAN_Backrooms/Content/Blueprints/Data/S_MovementDirectionThresholds.uasset" 1842
"G:/Projets Unreal en cours/ICAN_Backrooms/Content/Blueprints/Data/S_MovementDirectionThresholds.uexp" 1843
"G:/Projets Unreal en cours/ICAN_Backrooms/Content/Blueprints/Data/BFL_DebugShapes.uasset" 1844
"G:/Projets Unreal en cours/ICAN_Backrooms/Content/Blueprints/Data/BFL_DebugShapes.uexp" 1845
"G:/Projets Unreal en cours/ICAN_Backrooms/Content/Characters/UEFN_Mannequin/Animations/ExperimentalStateMachineData/StrafeOffsetCurveContainer.uasset" 1846
"G:/Projets Unreal en cours/ICAN_Backrooms/Content/Characters/UEFN_Mannequin/Animations/ExperimentalStateMachineData/StrafeOffsetCurveContainer.uexp" 1847
"G:/Projets Unreal en cours/ICAN_Backrooms/Content/Characters/UEFN_Mannequin/Animations/AimOffset/M_Neutral_AO_Stand_X0_Y0.uasset" 1848
"G:/Projets Unreal en cours/ICAN_Backrooms/Content/Characters/UEFN_Mannequin/Animations/AimOffset/M_Neutral_AO_Stand_X0_Y0.uexp" 1849
"G:/Projets Unreal en cours/ICAN_Backrooms/Content/Characters/UEFN_Mannequin/Animations/AimOffset/M_Neutral_AO_Stand_X+90_Y0.uasset" 1850
"G:/Projets Unreal en cours/ICAN_Backrooms/Content/Characters/UEFN_Mannequin/Animations/AimOffset/M_Neutral_AO_Stand_X+90_Y0.uexp" 1851
"G:/Projets Unreal en cours/ICAN_Backrooms/Content/Characters/UEFN_Mannequin/Animations/AimOffset/M_Neutral_AO_Stand_X+45_Y+90.uasset" 1852
"G:/Projets Unreal en cours/ICAN_Backrooms/Content/Characters/UEFN_Mannequin/Animations/AimOffset/M_Neutral_AO_Stand_X+45_Y+90.uexp" 1853
"G:/Projets Unreal en cours/ICAN_Backrooms/Content/Characters/UEFN_Mannequin/Animations/AimOffset/M_Neutral_AO_Stand_X+45_Y0.uasset" 1854
"G:/Projets Unreal en cours/ICAN_Backrooms/Content/Characters/UEFN_Mannequin/Animations/AimOffset/M_Neutral_AO_Stand_X+45_Y0.uexp" 1855
"G:/Projets Unreal en cours/ICAN_Backrooms/Content/Characters/UEFN_Mannequin/Animations/Crouch/M_Neutral_Transition_Crouch_to_Stand.uasset" 1856
"G:/Projets Unreal en cours/ICAN_Backrooms/Content/Characters/UEFN_Mannequin/Animations/Crouch/M_Neutral_Transition_Crouch_to_Stand.uexp" 1857
"G:/Projets Unreal en cours/ICAN_Backrooms/Content/Characters/UEFN_Mannequin/Animations/Crouch/M_Neutral_Transition_Stand_to_Crouch.uasset" 1858
"G:/Projets Unreal en cours/ICAN_Backrooms/Content/Characters/UEFN_Mannequin/Animations/Crouch/M_Neutral_Transition_Stand_to_Crouch.uexp" 1859
"G:/Projets Unreal en cours/ICAN_Backrooms/Content/Characters/UEFN_Mannequin/Animations/ExperimentalStateMachineData/PSS_SM_Idles.uasset" 1860
"G:/Projets Unreal en cours/ICAN_Backrooms/Content/Characters/UEFN_Mannequin/Animations/ExperimentalStateMachineData/PSS_SM_Idles.uexp" 1861
"G:/Projets Unreal en cours/ICAN_Backrooms/Content/Characters/UEFN_Mannequin/Animations/Idle/M_Neutral_Crouch_Idle_Loop.uasset" 1862
"G:/Projets Unreal en cours/ICAN_Backrooms/Content/Characters/UEFN_Mannequin/Animations/Idle/M_Neutral_Crouch_Idle_Loop.uexp" 1863
"G:/Projets Unreal en cours/ICAN_Backrooms/Content/Characters/UEFN_Mannequin/Animations/ExperimentalStateMachineData/PSD_SM_Idles.uasset" 1864
"G:/Projets Unreal en cours/ICAN_Backrooms/Content/Characters/UEFN_Mannequin/Animations/ExperimentalStateMachineData/PSD_SM_Idles.uexp" 1865
"G:/Projets Unreal en cours/ICAN_Backrooms/Content/Characters/UEFN_Mannequin/Animations/Idle/M_Neutral_Stand_Idle_Loop.uasset" 1866
"G:/Projets Unreal en cours/ICAN_Backrooms/Content/Characters/UEFN_Mannequin/Animations/Idle/M_Neutral_Stand_Idle_Loop.uexp" 1867
"G:/Projets Unreal en cours/ICAN_Backrooms/Content/Characters/UEFN_Mannequin/Animations/AimOffset/M_Neutral_AO_Stand_X0_Y-90.uasset" 1868
"G:/Projets Unreal en cours/ICAN_Backrooms/Content/Characters/UEFN_Mannequin/Animations/AimOffset/M_Neutral_AO_Stand_X0_Y-90.uexp" 1869
"G:/Projets Unreal en cours/ICAN_Backrooms/Content/Characters/UEFN_Mannequin/Animations/AimOffset/M_Neutral_AO_Stand_X0_Y+90.uasset" 1870
"G:/Projets Unreal en cours/ICAN_Backrooms/Content/Characters/UEFN_Mannequin/Animations/AimOffset/M_Neutral_AO_Stand_X0_Y+90.uexp" 1871
"G:/Projets Unreal en cours/ICAN_Backrooms/Content/Characters/UEFN_Mannequin/Animations/AimOffset/M_Neutral_AO_Stand_X+90_Y-90.uasset" 1872
"G:/Projets Unreal en cours/ICAN_Backrooms/Content/Characters/UEFN_Mannequin/Animations/AimOffset/M_Neutral_AO_Stand_X+90_Y-90.uexp" 1873
"G:/Projets Unreal en cours/ICAN_Backrooms/Content/Characters/UEFN_Mannequin/Animations/AimOffset/M_Neutral_AO_Stand_X+45_Y-90.uasset" 1874
"G:/Projets Unreal en cours/ICAN_Backrooms/Content/Characters/UEFN_Mannequin/Animations/AimOffset/M_Neutral_AO_Stand_X+45_Y-90.uexp" 1875
"G:/Projets Unreal en cours/ICAN_Backrooms/Content/Characters/UEFN_Mannequin/Animations/AimOffset/M_Neutral_AO_Stand_X-45_Y0.uasset" 1876
"G:/Projets Unreal en cours/ICAN_Backrooms/Content/Characters/UEFN_Mannequin/Animations/AimOffset/M_Neutral_AO_Stand_X-45_Y0.uexp" 1877
"G:/Projets Unreal en cours/ICAN_Backrooms/Content/Characters/UEFN_Mannequin/Animations/AimOffset/M_Neutral_AO_Stand_X-45_Y+90.uasset" 1878
"G:/Projets Unreal en cours/ICAN_Backrooms/Content/Characters/UEFN_Mannequin/Animations/AimOffset/M_Neutral_AO_Stand_X-45_Y+90.uexp" 1879
"G:/Projets Unreal en cours/ICAN_Backrooms/Content/Characters/UEFN_Mannequin/Animations/AimOffset/M_Neutral_AO_Stand_X-45_Y-90.uasset" 1880
"G:/Projets Unreal en cours/ICAN_Backrooms/Content/Characters/UEFN_Mannequin/Animations/AimOffset/M_Neutral_AO_Stand_X-45_Y-90.uexp" 1881
"G:/Projets Unreal en cours/ICAN_Backrooms/Content/Characters/UEFN_Mannequin/Animations/AimOffset/M_Neutral_AO_Stand_X-90_Y+90.uasset" 1882
"G:/Projets Unreal en cours/ICAN_Backrooms/Content/Characters/UEFN_Mannequin/Animations/AimOffset/M_Neutral_AO_Stand_X-90_Y+90.uexp" 1883
"G:/Projets Unreal en cours/ICAN_Backrooms/Content/Characters/UEFN_Mannequin/Animations/AimOffset/M_Neutral_AO_Stand_X-90_Y0.uasset" 1884
"G:/Projets Unreal en cours/ICAN_Backrooms/Content/Characters/UEFN_Mannequin/Animations/AimOffset/M_Neutral_AO_Stand_X-90_Y0.uexp" 1885
"G:/Projets Unreal en cours/ICAN_Backrooms/Content/Characters/UEFN_Mannequin/Animations/AimOffset/M_Neutral_AO_Stand_X-90_Y-90.uasset" 1886
"G:/Projets Unreal en cours/ICAN_Backrooms/Content/Characters/UEFN_Mannequin/Animations/AimOffset/M_Neutral_AO_Stand_X-90_Y-90.uexp" 1887
"G:/Projets Unreal en cours/ICAN_Backrooms/Content/Characters/UEFN_Mannequin/Animations/AimOffset/M_Neutral_AO_Stand_X+90_Y+90.uasset" 1888
"G:/Projets Unreal en cours/ICAN_Backrooms/Content/Characters/UEFN_Mannequin/Animations/AimOffset/M_Neutral_AO_Stand_X+90_Y+90.uexp" 1889
"G:/Projets Unreal en cours/ICAN_Backrooms/Content/Characters/UEFN_Mannequin/Animations/AimOffset/BS_Neutral_AO_Stand.uasset" 1890
"G:/Projets Unreal en cours/ICAN_Backrooms/Content/Characters/UEFN_Mannequin/Animations/AimOffset/BS_Neutral_AO_Stand.uexp" 1891
"G:/Projets Unreal en cours/ICAN_Backrooms/Content/Blueprints/Data/E_RotationMode.uasset" 1892
"G:/Projets Unreal en cours/ICAN_Backrooms/Content/Blueprints/Data/E_RotationMode.uexp" 1893
"G:/Projets Unreal en cours/ICAN_Backrooms/Content/Characters/UEFN_Mannequin/Rigs/MDT_UEFN_Mannequin.uasset" 1894
"G:/Projets Unreal en cours/ICAN_Backrooms/Content/Characters/UEFN_Mannequin/Rigs/MDT_UEFN_Mannequin.uexp" 1895
"G:/Projets Unreal en cours/ICAN_Backrooms/Content/Characters/UEFN_Mannequin/Animations/Run/M_Neutral_Run_Prism_FR_F_Lfoot.uasset" 1896
"G:/Projets Unreal en cours/ICAN_Backrooms/Content/Characters/UEFN_Mannequin/Animations/Run/M_Neutral_Run_Prism_FR_F_Lfoot.uexp" 1897
"G:/Projets Unreal en cours/ICAN_Backrooms/Content/Characters/UEFN_Mannequin/Animations/Run/M_Neutral_Run_Pivot_FL_BR_Lfoot.uasset" 1898
"G:/Projets Unreal en cours/ICAN_Backrooms/Content/Characters/UEFN_Mannequin/Animations/Run/M_Neutral_Run_Pivot_FL_BR_Lfoot.uexp" 1899
"G:/Projets Unreal en cours/ICAN_Backrooms/Content/Characters/UEFN_Mannequin/Animations/Run/M_Neutral_Run_Prism_F_FL_Rfoot.uasset" 1900
"G:/Projets Unreal en cours/ICAN_Backrooms/Content/Characters/UEFN_Mannequin/Animations/Run/M_Neutral_Run_Prism_F_FL_Rfoot.uexp" 1901
"G:/Projets Unreal en cours/ICAN_Backrooms/Content/Characters/UEFN_Mannequin/Animations/Run/M_Neutral_Run_Diamond_BR_F_Lfoot.uasset" 1902
"G:/Projets Unreal en cours/ICAN_Backrooms/Content/Characters/UEFN_Mannequin/Animations/Run/M_Neutral_Run_Diamond_BR_F_Lfoot.uexp" 1903
"G:/Projets Unreal en cours/ICAN_Backrooms/Content/Characters/UEFN_Mannequin/Animations/Run/M_Neutral_Run_Diamond_BR_FR_Rfoot.uasset" 1904
"G:/Projets Unreal en cours/ICAN_Backrooms/Content/Characters/UEFN_Mannequin/Animations/Run/M_Neutral_Run_Diamond_BR_FR_Rfoot.uexp" 1905
"G:/Projets Unreal en cours/ICAN_Backrooms/Content/Characters/UEFN_Mannequin/Animations/Run/M_Neutral_Run_Hourglass_RR_BL_Lfoot.uasset" 1906
"G:/Projets Unreal en cours/ICAN_Backrooms/Content/Characters/UEFN_Mannequin/Animations/Run/M_Neutral_Run_Hourglass_RR_BL_Lfoot.uexp" 1907
"G:/Projets Unreal en cours/ICAN_Backrooms/Content/Characters/UEFN_Mannequin/Animations/Run/M_Neutral_Run_Diamond_B_FL_Rfoot.uasset" 1908
"G:/Projets Unreal en cours/ICAN_Backrooms/Content/Characters/UEFN_Mannequin/Animations/Run/M_Neutral_Run_Diamond_B_FL_Rfoot.uexp" 1909
"G:/Projets Unreal en cours/ICAN_Backrooms/Content/Characters/UEFN_Mannequin/Animations/Run/M_Neutral_Run_Hourglass_BL_RR_Lfoot.uasset" 1910
"G:/Projets Unreal en cours/ICAN_Backrooms/Content/Characters/UEFN_Mannequin/Animations/Run/M_Neutral_Run_Hourglass_BL_RR_Lfoot.uexp" 1911
"G:/Projets Unreal en cours/ICAN_Backrooms/Content/Characters/UEFN_Mannequin/Animations/Run/M_Neutral_Run_Diamond_BL_BR_Lfoot.uasset" 1912
"G:/Projets Unreal en cours/ICAN_Backrooms/Content/Characters/UEFN_Mannequin/Animations/Run/M_Neutral_Run_Diamond_BL_BR_Lfoot.uexp" 1913
"G:/Projets Unreal en cours/ICAN_Backrooms/Content/Characters/UEFN_Mannequin/Animations/Run/M_Neutral_Run_Diamond_FR_B_Rfoot.uasset" 1914
"G:/Projets Unreal en cours/ICAN_Backrooms/Content/Characters/UEFN_Mannequin/Animations/Run/M_Neutral_Run_Diamond_FR_B_Rfoot.uexp" 1915
"G:/Projets Unreal en cours/ICAN_Backrooms/Content/Characters/UEFN_Mannequin/Animations/Run/M_Neutral_Run_Diamond_FL_BL_Lfoot.uasset" 1916
"G:/Projets Unreal en cours/ICAN_Backrooms/Content/Characters/UEFN_Mannequin/Animations/Run/M_Neutral_Run_Diamond_FL_BL_Lfoot.uexp" 1917
"G:/Projets Unreal en cours/ICAN_Backrooms/Content/Characters/UEFN_Mannequin/Animations/Run/M_Neutral_Run_Hourglass_FR_LR_Rfoot.uasset" 1918
"G:/Projets Unreal en cours/ICAN_Backrooms/Content/Characters/UEFN_Mannequin/Animations/Run/M_Neutral_Run_Hourglass_FR_LR_Rfoot.uexp" 1919
"G:/Projets Unreal en cours/ICAN_Backrooms/Content/Characters/UEFN_Mannequin/Animations/Run/M_Neutral_Run_Diamond_FL_FR_Lfoot.uasset" 1920
"G:/Projets Unreal en cours/ICAN_Backrooms/Content/Characters/UEFN_Mannequin/Animations/Run/M_Neutral_Run_Diamond_FL_FR_Lfoot.uexp" 1921
"G:/Projets Unreal en cours/ICAN_Backrooms/Content/Characters/UEFN_Mannequin/Animations/Run/M_Neutral_Run_Diamond_B_FR_Lfoot.uasset" 1922
"G:/Projets Unreal en cours/ICAN_Backrooms/Content/Characters/UEFN_Mannequin/Animations/Run/M_Neutral_Run_Diamond_B_FR_Lfoot.uexp" 1923
"G:/Projets Unreal en cours/ICAN_Backrooms/Content/Characters/UEFN_Mannequin/Animations/Run/M_Neutral_Run_Turn_R_090_Rfoot.uasset" 1924
"G:/Projets Unreal en cours/ICAN_Backrooms/Content/Characters/UEFN_Mannequin/Animations/Run/M_Neutral_Run_Turn_R_090_Rfoot.uexp" 1925
"G:/Projets Unreal en cours/ICAN_Backrooms/Content/Characters/UEFN_Mannequin/Animations/Run/M_Neutral_Run_Hourglass_FL_RL_Rfoot.uasset" 1926
"G:/Projets Unreal en cours/ICAN_Backrooms/Content/Characters/UEFN_Mannequin/Animations/Run/M_Neutral_Run_Hourglass_FL_RL_Rfoot.uexp" 1927
"G:/Projets Unreal en cours/ICAN_Backrooms/Content/Characters/UEFN_Mannequin/Animations/Run/M_Neutral_Run_Box_RL_F_Lfoot.uasset" 1928
"G:/Projets Unreal en cours/ICAN_Backrooms/Content/Characters/UEFN_Mannequin/Animations/Run/M_Neutral_Run_Box_RL_F_Lfoot.uexp" 1929
"G:/Projets Unreal en cours/ICAN_Backrooms/Content/Characters/UEFN_Mannequin/Animations/Run/M_Neutral_Run_Turn_L_180_Lfoot.uasset" 1930
"G:/Projets Unreal en cours/ICAN_Backrooms/Content/Characters/UEFN_Mannequin/Animations/Run/M_Neutral_Run_Turn_L_180_Lfoot.uexp" 1931
"G:/Projets Unreal en cours/ICAN_Backrooms/Content/Characters/UEFN_Mannequin/Animations/Run/M_Neutral_Run_Box_LR_F_Rfoot.uasset" 1932
"G:/Projets Unreal en cours/ICAN_Backrooms/Content/Characters/UEFN_Mannequin/Animations/Run/M_Neutral_Run_Box_LR_F_Rfoot.uexp" 1933
"G:/Projets Unreal en cours/ICAN_Backrooms/Content/Characters/UEFN_Mannequin/Animations/Run/M_Neutral_Run_Diamond_FL_BL_Rfoot.uasset" 1934
"G:/Projets Unreal en cours/ICAN_Backrooms/Content/Characters/UEFN_Mannequin/Animations/Run/M_Neutral_Run_Diamond_FL_BL_Rfoot.uexp" 1935
"G:/Projets Unreal en cours/ICAN_Backrooms/Content/Characters/UEFN_Mannequin/Animations/Run/M_Neutral_Run_Hourglass_BL_RL_Lfoot.uasset" 1936
"G:/Projets Unreal en cours/ICAN_Backrooms/Content/Characters/UEFN_Mannequin/Animations/Run/M_Neutral_Run_Hourglass_BL_RL_Lfoot.uexp" 1937
"G:/Projets Unreal en cours/ICAN_Backrooms/Content/Characters/UEFN_Mannequin/Animations/Run/M_Neutral_Run_Hourglass_BR_LR_Lfoot.uasset" 1938
"G:/Projets Unreal en cours/ICAN_Backrooms/Content/Characters/UEFN_Mannequin/Animations/Run/M_Neutral_Run_Hourglass_BR_LR_Lfoot.uexp" 1939
"G:/Projets Unreal en cours/ICAN_Backrooms/Content/Characters/UEFN_Mannequin/Animations/Run/M_Neutral_Run_Pivot_BR_FL_Lfoot.uasset" 1940
"G:/Projets Unreal en cours/ICAN_Backrooms/Content/Characters/UEFN_Mannequin/Animations/Run/M_Neutral_Run_Pivot_BR_FL_Lfoot.uexp" 1941
"G:/Projets Unreal en cours/ICAN_Backrooms/Content/Characters/UEFN_Mannequin/Animations/Run/M_Neutral_Run_Box_B_LL_Lfoot.uasset" 1942
"G:/Projets Unreal en cours/ICAN_Backrooms/Content/Characters/UEFN_Mannequin/Animations/Run/M_Neutral_Run_Box_B_LL_Lfoot.uexp" 1943
"G:/Projets Unreal en cours/ICAN_Backrooms/Content/Characters/UEFN_Mannequin/Animations/Run/M_Neutral_Run_Diamond_FR_BR_Lfoot.uasset" 1944
"G:/Projets Unreal en cours/ICAN_Backrooms/Content/Characters/UEFN_Mannequin/Animations/Run/M_Neutral_Run_Diamond_FR_BR_Lfoot.uexp" 1945
"G:/Projets Unreal en cours/ICAN_Backrooms/Content/Characters/UEFN_Mannequin/Animations/Run/M_Neutral_Run_Diamond_FL_FR_Rfoot.uasset" 1946
"G:/Projets Unreal en cours/ICAN_Backrooms/Content/Characters/UEFN_Mannequin/Animations/Run/M_Neutral_Run_Diamond_FL_FR_Rfoot.uexp" 1947
"G:/Projets Unreal en cours/ICAN_Backrooms/Content/Characters/UEFN_Mannequin/Animations/Run/M_Neutral_Run_Box_F_LR_Rfoot.uasset" 1948
"G:/Projets Unreal en cours/ICAN_Backrooms/Content/Characters/UEFN_Mannequin/Animations/Run/M_Neutral_Run_Box_F_LR_Rfoot.uexp" 1949
"G:/Projets Unreal en cours/ICAN_Backrooms/Content/Characters/UEFN_Mannequin/Animations/Run/M_Neutral_Run_Hourglass_BL_RR_Rfoot.uasset" 1950
"G:/Projets Unreal en cours/ICAN_Backrooms/Content/Characters/UEFN_Mannequin/Animations/Run/M_Neutral_Run_Hourglass_BL_RR_Rfoot.uexp" 1951
"G:/Projets Unreal en cours/ICAN_Backrooms/Content/Characters/UEFN_Mannequin/Animations/Run/M_Neutral_Run_Box_F_RL_Rfoot.uasset" 1952
"G:/Projets Unreal en cours/ICAN_Backrooms/Content/Characters/UEFN_Mannequin/Animations/Run/M_Neutral_Run_Box_F_RL_Rfoot.uexp" 1953
"G:/Projets Unreal en cours/ICAN_Backrooms/Content/Characters/UEFN_Mannequin/Animations/Run/M_Neutral_Run_Pivot_RR_LR_Rfoot.uasset" 1954
"G:/Projets Unreal en cours/ICAN_Backrooms/Content/Characters/UEFN_Mannequin/Animations/Run/M_Neutral_Run_Pivot_RR_LR_Rfoot.uexp" 1955
"G:/Projets Unreal en cours/ICAN_Backrooms/Content/Characters/UEFN_Mannequin/Animations/Run/M_Neutral_Run_Diamond_FR_FL_Rfoot.uasset" 1956
"G:/Projets Unreal en cours/ICAN_Backrooms/Content/Characters/UEFN_Mannequin/Animations/Run/M_Neutral_Run_Diamond_FR_FL_Rfoot.uexp" 1957
"G:/Projets Unreal en cours/ICAN_Backrooms/Content/Characters/UEFN_Mannequin/Animations/Run/M_Neutral_Run_Pivot_LL_RL_Lfoot.uasset" 1958
"G:/Projets Unreal en cours/ICAN_Backrooms/Content/Characters/UEFN_Mannequin/Animations/Run/M_Neutral_Run_Pivot_LL_RL_Lfoot.uexp" 1959
"G:/Projets Unreal en cours/ICAN_Backrooms/Content/Characters/UEFN_Mannequin/Animations/Run/M_Neutral_Run_Diamond_FR_B_Lfoot.uasset" 1960
"G:/Projets Unreal en cours/ICAN_Backrooms/Content/Characters/UEFN_Mannequin/Animations/Run/M_Neutral_Run_Diamond_FR_B_Lfoot.uexp" 1961
"G:/Projets Unreal en cours/ICAN_Backrooms/Content/Characters/UEFN_Mannequin/Animations/Run/M_Neutral_Run_Pivot_B_F_Lfoot.uasset" 1962
"G:/Projets Unreal en cours/ICAN_Backrooms/Content/Characters/UEFN_Mannequin/Animations/Run/M_Neutral_Run_Pivot_B_F_Lfoot.uexp" 1963
"G:/Projets Unreal en cours/ICAN_Backrooms/Content/Characters/UEFN_Mannequin/Animations/Run/M_Neutral_Run_Diamond_F_BR_Lfoot.uasset" 1964
"G:/Projets Unreal en cours/ICAN_Backrooms/Content/Characters/UEFN_Mannequin/Animations/Run/M_Neutral_Run_Diamond_F_BR_Lfoot.uexp" 1965
"G:/Projets Unreal en cours/ICAN_Backrooms/Content/Characters/UEFN_Mannequin/Animations/Run/M_Neutral_Run_Hourglass_FL_RR_Rfoot.uasset" 1966
"G:/Projets Unreal en cours/ICAN_Backrooms/Content/Characters/UEFN_Mannequin/Animations/Run/M_Neutral_Run_Hourglass_FL_RR_Rfoot.uexp" 1967
"G:/Projets Unreal en cours/ICAN_Backrooms/Content/Characters/UEFN_Mannequin/Animations/Run/M_Neutral_Run_Turn_R_135_Lfoot.uasset" 1968
"G:/Projets Unreal en cours/ICAN_Backrooms/Content/Characters/UEFN_Mannequin/Animations/Run/M_Neutral_Run_Turn_R_135_Lfoot.uexp" 1969
"G:/Projets Unreal en cours/ICAN_Backrooms/Content/Characters/UEFN_Mannequin/Animations/Run/M_Neutral_Run_Diamond_FR_FL_Lfoot.uasset" 1970
"G:/Projets Unreal en cours/ICAN_Backrooms/Content/Characters/UEFN_Mannequin/Animations/Run/M_Neutral_Run_Diamond_FR_FL_Lfoot.uexp" 1971
"G:/Projets Unreal en cours/ICAN_Backrooms/Content/Characters/UEFN_Mannequin/Animations/Run/M_Neutral_Run_Diamond_FR_BR_Rfoot.uasset" 1972
"G:/Projets Unreal en cours/ICAN_Backrooms/Content/Characters/UEFN_Mannequin/Animations/Run/M_Neutral_Run_Diamond_FR_BR_Rfoot.uexp" 1973
"G:/Projets Unreal en cours/ICAN_Backrooms/Content/Characters/UEFN_Mannequin/Animations/Run/M_Neutral_Run_Diamond_F_BL_Lfoot.uasset" 1974
"G:/Projets Unreal en cours/ICAN_Backrooms/Content/Characters/UEFN_Mannequin/Animations/Run/M_Neutral_Run_Diamond_F_BL_Lfoot.uexp" 1975
"G:/Projets Unreal en cours/ICAN_Backrooms/Content/Characters/UEFN_Mannequin/Animations/Run/M_Neutral_Run_Hourglass_RL_BL_Rfoot.uasset" 1976
"G:/Projets Unreal en cours/ICAN_Backrooms/Content/Characters/UEFN_Mannequin/Animations/Run/M_Neutral_Run_Hourglass_RL_BL_Rfoot.uexp" 1977
"G:/Projets Unreal en cours/ICAN_Backrooms/Content/Characters/UEFN_Mannequin/Animations/Run/M_Neutral_Run_Hourglass_LR_BR_Lfoot.uasset" 1978
"G:/Projets Unreal en cours/ICAN_Backrooms/Content/Characters/UEFN_Mannequin/Animations/Run/M_Neutral_Run_Hourglass_LR_BR_Lfoot.uexp" 1979
"G:/Projets Unreal en cours/ICAN_Backrooms/Content/Characters/UEFN_Mannequin/Animations/Run/M_Neutral_Run_Hourglass_LL_BR_Lfoot.uasset" 1980
"G:/Projets Unreal en cours/ICAN_Backrooms/Content/Characters/UEFN_Mannequin/Animations/Run/M_Neutral_Run_Hourglass_LL_BR_Lfoot.uexp" 1981
"G:/Projets Unreal en cours/ICAN_Backrooms/Content/Characters/UEFN_Mannequin/Animations/Run/M_Neutral_Run_Pivot_BL_FR_Rfoot.uasset" 1982
"G:/Projets Unreal en cours/ICAN_Backrooms/Content/Characters/UEFN_Mannequin/Animations/Run/M_Neutral_Run_Pivot_BL_FR_Rfoot.uexp" 1983
"G:/Projets Unreal en cours/ICAN_Backrooms/Content/Characters/UEFN_Mannequin/Animations/Run/M_Neutral_Run_Prism_FL_F_Lfoot.uasset" 1984
"G:/Projets Unreal en cours/ICAN_Backrooms/Content/Characters/UEFN_Mannequin/Animations/Run/M_Neutral_Run_Prism_FL_F_Lfoot.uexp" 1985
"G:/Projets Unreal en cours/ICAN_Backrooms/Content/Characters/UEFN_Mannequin/Animations/Run/M_Neutral_Run_Prism_F_FR_Lfoot.uasset" 1986
"G:/Projets Unreal en cours/ICAN_Backrooms/Content/Characters/UEFN_Mannequin/Animations/Run/M_Neutral_Run_Prism_F_FR_Lfoot.uexp" 1987
"G:/Projets Unreal en cours/ICAN_Backrooms/Content/Characters/UEFN_Mannequin/Animations/Run/M_Neutral_Run_Turn_L_135_Rfoot.uasset" 1988
"G:/Projets Unreal en cours/ICAN_Backrooms/Content/Characters/UEFN_Mannequin/Animations/Run/M_Neutral_Run_Turn_L_135_Rfoot.uexp" 1989
"G:/Projets Unreal en cours/ICAN_Backrooms/Content/Characters/UEFN_Mannequin/Animations/Run/M_Neutral_Run_Hourglass_LL_BR_Rfoot.uasset" 1990
"G:/Projets Unreal en cours/ICAN_Backrooms/Content/Characters/UEFN_Mannequin/Animations/Run/M_Neutral_Run_Hourglass_LL_BR_Rfoot.uexp" 1991
"G:/Projets Unreal en cours/ICAN_Backrooms/Content/Characters/UEFN_Mannequin/Animations/Run/M_Neutral_Run_Diamond_FL_B_Lfoot.uasset" 1992
"G:/Projets Unreal en cours/ICAN_Backrooms/Content/Characters/UEFN_Mannequin/Animations/Run/M_Neutral_Run_Diamond_FL_B_Lfoot.uexp" 1993
"G:/Projets Unreal en cours/ICAN_Backrooms/Content/Characters/UEFN_Mannequin/Animations/Run/M_Neutral_Run_Pivot_F_B_Lfoot.uasset" 1994
"G:/Projets Unreal en cours/ICAN_Backrooms/Content/Characters/UEFN_Mannequin/Animations/Run/M_Neutral_Run_Pivot_F_B_Lfoot.uexp" 1995
"G:/Projets Unreal en cours/ICAN_Backrooms/Content/Characters/UEFN_Mannequin/Animations/Run/M_Neutral_Run_Box_LL_B_Rfoot.uasset" 1996
"G:/Projets Unreal en cours/ICAN_Backrooms/Content/Characters/UEFN_Mannequin/Animations/Run/M_Neutral_Run_Box_LL_B_Rfoot.uexp" 1997
"G:/Projets Unreal en cours/ICAN_Backrooms/Content/Characters/UEFN_Mannequin/Animations/Run/M_Neutral_Run_Box_B_RR_Lfoot.uasset" 1998
"G:/Projets Unreal en cours/ICAN_Backrooms/Content/Characters/UEFN_Mannequin/Animations/Run/M_Neutral_Run_Box_B_RR_Lfoot.uexp" 1999
"G:/Projets Unreal en cours/ICAN_Backrooms/Content/Characters/UEFN_Mannequin/Animations/Run/M_Neutral_Run_Hourglass_BR_LL_Rfoot.uasset" 2000
"G:/Projets Unreal en cours/ICAN_Backrooms/Content/Characters/UEFN_Mannequin/Animations/Run/M_Neutral_Run_Hourglass_BR_LL_Rfoot.uexp" 2001
"G:/Projets Unreal en cours/ICAN_Backrooms/Content/Characters/UEFN_Mannequin/Animations/Run/M_Neutral_Run_Box_F_LL_Rfoot.uasset" 2002
"G:/Projets Unreal en cours/ICAN_Backrooms/Content/Characters/UEFN_Mannequin/Animations/Run/M_Neutral_Run_Box_F_LL_Rfoot.uexp" 2003
"G:/Projets Unreal en cours/ICAN_Backrooms/Content/Characters/UEFN_Mannequin/Animations/Run/M_Neutral_Run_Hourglass_FL_RL_Lfoot.uasset" 2004
"G:/Projets Unreal en cours/ICAN_Backrooms/Content/Characters/UEFN_Mannequin/Animations/Run/M_Neutral_Run_Hourglass_FL_RL_Lfoot.uexp" 2005
"G:/Projets Unreal en cours/ICAN_Backrooms/Content/Characters/UEFN_Mannequin/Animations/Run/M_Neutral_Run_Hourglass_RR_FL_Rfoot.uasset" 2006
"G:/Projets Unreal en cours/ICAN_Backrooms/Content/Characters/UEFN_Mannequin/Animations/Run/M_Neutral_Run_Hourglass_RR_FL_Rfoot.uexp" 2007
"G:/Projets Unreal en cours/ICAN_Backrooms/Content/Characters/UEFN_Mannequin/Animations/Run/M_Neutral_Run_Turn_R_180_Lfoot.uasset" 2008
"G:/Projets Unreal en cours/ICAN_Backrooms/Content/Characters/UEFN_Mannequin/Animations/Run/M_Neutral_Run_Turn_R_180_Lfoot.uexp" 2009
"G:/Projets Unreal en cours/ICAN_Backrooms/Content/Characters/UEFN_Mannequin/Animations/Run/M_Neutral_Run_Diamond_BL_BR_Rfoot.uasset" 2010
"G:/Projets Unreal en cours/ICAN_Backrooms/Content/Characters/UEFN_Mannequin/Animations/Run/M_Neutral_Run_Diamond_BL_BR_Rfoot.uexp" 2011
"G:/Projets Unreal en cours/ICAN_Backrooms/Content/Characters/UEFN_Mannequin/Animations/Run/M_Neutral_Run_Prism_FR_F_Rfoot.uasset" 2012
"G:/Projets Unreal en cours/ICAN_Backrooms/Content/Characters/UEFN_Mannequin/Animations/Run/M_Neutral_Run_Prism_FR_F_Rfoot.uexp" 2013
"G:/Projets Unreal en cours/ICAN_Backrooms/Content/Characters/UEFN_Mannequin/Animations/MotionMatchingData/Schemas/PSS_Default.uasset" 2014
"G:/Projets Unreal en cours/ICAN_Backrooms/Content/Characters/UEFN_Mannequin/Animations/MotionMatchingData/Schemas/PSS_Default.uexp" 2015
"G:/Projets Unreal en cours/ICAN_Backrooms/Content/Characters/UEFN_Mannequin/Animations/Run/M_Neutral_Run_Diamond_F_BR_Rfoot.uasset" 2016
"G:/Projets Unreal en cours/ICAN_Backrooms/Content/Characters/UEFN_Mannequin/Animations/Run/M_Neutral_Run_Diamond_F_BR_Rfoot.uexp" 2017
"G:/Projets Unreal en cours/ICAN_Backrooms/Content/Characters/UEFN_Mannequin/Animations/Run/M_Neutral_Run_Box_LL_F_Rfoot.uasset" 2018
"G:/Projets Unreal en cours/ICAN_Backrooms/Content/Characters/UEFN_Mannequin/Animations/Run/M_Neutral_Run_Box_LL_F_Rfoot.uexp" 2019
"G:/Projets Unreal en cours/ICAN_Backrooms/Content/Characters/UEFN_Mannequin/Animations/Run/M_Neutral_Run_Prism_FL_F_Rfoot.uasset" 2020
"G:/Projets Unreal en cours/ICAN_Backrooms/Content/Characters/UEFN_Mannequin/Animations/Run/M_Neutral_Run_Prism_FL_F_Rfoot.uexp" 2021
"G:/Projets Unreal en cours/ICAN_Backrooms/Content/Characters/UEFN_Mannequin/Animations/Run/M_Neutral_Run_Hourglass_LR_FR_Rfoot.uasset" 2022
"G:/Projets Unreal en cours/ICAN_Backrooms/Content/Characters/UEFN_Mannequin/Animations/Run/M_Neutral_Run_Hourglass_LR_FR_Rfoot.uexp" 2023
"G:/Projets Unreal en cours/ICAN_Backrooms/Content/Characters/UEFN_Mannequin/Animations/Run/M_Neutral_Run_Turn_L_090_Rfoot.uasset" 2024
"G:/Projets Unreal en cours/ICAN_Backrooms/Content/Characters/UEFN_Mannequin/Animations/Run/M_Neutral_Run_Turn_L_090_Rfoot.uexp" 2025
"G:/Projets Unreal en cours/ICAN_Backrooms/Content/Characters/UEFN_Mannequin/Animations/Run/M_Neutral_Run_Hourglass_BR_LR_Rfoot.uasset" 2026
"G:/Projets Unreal en cours/ICAN_Backrooms/Content/Characters/UEFN_Mannequin/Animations/Run/M_Neutral_Run_Hourglass_BR_LR_Rfoot.uexp" 2027
"G:/Projets Unreal en cours/ICAN_Backrooms/Content/Characters/UEFN_Mannequin/Animations/Run/M_Neutral_Run_Diamond_BL_FL_Rfoot.uasset" 2028
"G:/Projets Unreal en cours/ICAN_Backrooms/Content/Characters/UEFN_Mannequin/Animations/Run/M_Neutral_Run_Diamond_BL_FL_Rfoot.uexp" 2029
"G:/Projets Unreal en cours/ICAN_Backrooms/Content/Characters/UEFN_Mannequin/Animations/Run/M_Neutral_Run_Box_RL_B_Rfoot.uasset" 2030
"G:/Projets Unreal en cours/ICAN_Backrooms/Content/Characters/UEFN_Mannequin/Animations/Run/M_Neutral_Run_Box_RL_B_Rfoot.uexp" 2031
"G:/Projets Unreal en cours/ICAN_Backrooms/Content/Characters/UEFN_Mannequin/Animations/Run/M_Neutral_Run_Pivot_FL_BR_Rfoot.uasset" 2032
"G:/Projets Unreal en cours/ICAN_Backrooms/Content/Characters/UEFN_Mannequin/Animations/Run/M_Neutral_Run_Pivot_FL_BR_Rfoot.uexp" 2033
"G:/Projets Unreal en cours/ICAN_Backrooms/Content/Characters/UEFN_Mannequin/Animations/Run/M_Neutral_Run_Turn_R_090_Lfoot.uasset" 2034
"G:/Projets Unreal en cours/ICAN_Backrooms/Content/Characters/UEFN_Mannequin/Animations/Run/M_Neutral_Run_Turn_R_090_Lfoot.uexp" 2035
"G:/Projets Unreal en cours/ICAN_Backrooms/Content/Characters/UEFN_Mannequin/Animations/Run/M_Neutral_Run_Turn_L_135_Lfoot.uasset" 2036
"G:/Projets Unreal en cours/ICAN_Backrooms/Content/Characters/UEFN_Mannequin/Animations/Run/M_Neutral_Run_Turn_L_135_Lfoot.uexp" 2037
"G:/Projets Unreal en cours/ICAN_Backrooms/Content/Characters/UEFN_Mannequin/Animations/Run/M_Neutral_Run_Hourglass_FR_LL_Lfoot.uasset" 2038
"G:/Projets Unreal en cours/ICAN_Backrooms/Content/Characters/UEFN_Mannequin/Animations/Run/M_Neutral_Run_Hourglass_FR_LL_Lfoot.uexp" 2039
"G:/Projets Unreal en cours/ICAN_Backrooms/Content/Characters/UEFN_Mannequin/Animations/Run/M_Neutral_Run_Pivot_B_F_Rfoot.uasset" 2040
"G:/Projets Unreal en cours/ICAN_Backrooms/Content/Characters/UEFN_Mannequin/Animations/Run/M_Neutral_Run_Pivot_B_F_Rfoot.uexp" 2041
"G:/Projets Unreal en cours/ICAN_Backrooms/Content/Characters/UEFN_Mannequin/Animations/Run/M_Neutral_Run_Box_LL_B_Lfoot.uasset" 2042
"G:/Projets Unreal en cours/ICAN_Backrooms/Content/Characters/UEFN_Mannequin/Animations/Run/M_Neutral_Run_Box_LL_B_Lfoot.uexp" 2043
"G:/Projets Unreal en cours/ICAN_Backrooms/Content/Characters/UEFN_Mannequin/Animations/Run/M_Neutral_Run_Pivot_RL_LL_Lfoot.uasset" 2044
"G:/Projets Unreal en cours/ICAN_Backrooms/Content/Characters/UEFN_Mannequin/Animations/Run/M_Neutral_Run_Pivot_RL_LL_Lfoot.uexp" 2045
"G:/Projets Unreal en cours/ICAN_Backrooms/Content/Characters/UEFN_Mannequin/Animations/Run/M_Neutral_Run_Hourglass_BR_LL_Lfoot.uasset" 2046
"G:/Projets Unreal en cours/ICAN_Backrooms/Content/Characters/UEFN_Mannequin/Animations/Run/M_Neutral_Run_Hourglass_BR_LL_Lfoot.uexp" 2047
"G:/Projets Unreal en cours/ICAN_Backrooms/Content/Characters/UEFN_Mannequin/Animations/Run/M_Neutral_Run_Box_F_LL_Lfoot.uasset" 2048
"G:/Projets Unreal en cours/ICAN_Backrooms/Content/Characters/UEFN_Mannequin/Animations/Run/M_Neutral_Run_Box_F_LL_Lfoot.uexp" 2049
"G:/Projets Unreal en cours/ICAN_Backrooms/Content/Characters/UEFN_Mannequin/Animations/Run/M_Neutral_Run_Hourglass_FL_RR_Lfoot.uasset" 2050
"G:/Projets Unreal en cours/ICAN_Backrooms/Content/Characters/UEFN_Mannequin/Animations/Run/M_Neutral_Run_Hourglass_FL_RR_Lfoot.uexp" 2051
"G:/Projets Unreal en cours/ICAN_Backrooms/Content/Characters/UEFN_Mannequin/Animations/Run/M_Neutral_Run_Diamond_FL_B_Rfoot.uasset" 2052
"G:/Projets Unreal en cours/ICAN_Backrooms/Content/Characters/UEFN_Mannequin/Animations/Run/M_Neutral_Run_Diamond_FL_B_Rfoot.uexp" 2053
"G:/Projets Unreal en cours/ICAN_Backrooms/Content/Characters/UEFN_Mannequin/Animations/Run/M_Neutral_Run_Box_LL_F_Lfoot.uasset" 2054
"G:/Projets Unreal en cours/ICAN_Backrooms/Content/Characters/UEFN_Mannequin/Animations/Run/M_Neutral_Run_Box_LL_F_Lfoot.uexp" 2055
"G:/Projets Unreal en cours/ICAN_Backrooms/Content/Characters/UEFN_Mannequin/Animations/Run/M_Neutral_Run_Hourglass_LL_FR_Lfoot.uasset" 2056
"G:/Projets Unreal en cours/ICAN_Backrooms/Content/Characters/UEFN_Mannequin/Animations/Run/M_Neutral_Run_Hourglass_LL_FR_Lfoot.uexp" 2057
"G:/Projets Unreal en cours/ICAN_Backrooms/Content/Characters/UEFN_Mannequin/Animations/Run/M_Neutral_Run_Hourglass_LR_FR_Lfoot.uasset" 2058
"G:/Projets Unreal en cours/ICAN_Backrooms/Content/Characters/UEFN_Mannequin/Animations/Run/M_Neutral_Run_Hourglass_LR_FR_Lfoot.uexp" 2059
"G:/Projets Unreal en cours/ICAN_Backrooms/Content/Characters/UEFN_Mannequin/Animations/Run/M_Neutral_Run_Prism_F_FL_Lfoot.uasset" 2060
"G:/Projets Unreal en cours/ICAN_Backrooms/Content/Characters/UEFN_Mannequin/Animations/Run/M_Neutral_Run_Prism_F_FL_Lfoot.uexp" 2061
"G:/Projets Unreal en cours/ICAN_Backrooms/Content/Characters/UEFN_Mannequin/Animations/Run/M_Neutral_Run_Diamond_BL_F_Lfoot.uasset" 2062
"G:/Projets Unreal en cours/ICAN_Backrooms/Content/Characters/UEFN_Mannequin/Animations/Run/M_Neutral_Run_Diamond_BL_F_Lfoot.uexp" 2063
"G:/Projets Unreal en cours/ICAN_Backrooms/Content/Characters/UEFN_Mannequin/Animations/Run/M_Neutral_Run_Hourglass_RR_FL_Lfoot.uasset" 2064
"G:/Projets Unreal en cours/ICAN_Backrooms/Content/Characters/UEFN_Mannequin/Animations/Run/M_Neutral_Run_Hourglass_RR_FL_Lfoot.uexp" 2065
"G:/Projets Unreal en cours/ICAN_Backrooms/Content/Characters/UEFN_Mannequin/Animations/Run/M_Neutral_Run_Hourglass_FR_LR_Lfoot.uasset" 2066
"G:/Projets Unreal en cours/ICAN_Backrooms/Content/Characters/UEFN_Mannequin/Animations/Run/M_Neutral_Run_Hourglass_FR_LR_Lfoot.uexp" 2067
"G:/Projets Unreal en cours/ICAN_Backrooms/Content/Characters/UEFN_Mannequin/Animations/Run/M_Neutral_Run_Diamond_BR_BL_Rfoot.uasset" 2068
"G:/Projets Unreal en cours/ICAN_Backrooms/Content/Characters/UEFN_Mannequin/Animations/Run/M_Neutral_Run_Diamond_BR_BL_Rfoot.uexp" 2069
"G:/Projets Unreal en cours/ICAN_Backrooms/Content/Characters/UEFN_Mannequin/Animations/Run/M_Neutral_Run_Hourglass_RL_FL_Lfoot.uasset" 2070
"G:/Projets Unreal en cours/ICAN_Backrooms/Content/Characters/UEFN_Mannequin/Animations/Run/M_Neutral_Run_Hourglass_RL_FL_Lfoot.uexp" 2071
"G:/Projets Unreal en cours/ICAN_Backrooms/Content/Characters/UEFN_Mannequin/Animations/Run/M_Neutral_Run_Box_LR_F_Lfoot.uasset" 2072
"G:/Projets Unreal en cours/ICAN_Backrooms/Content/Characters/UEFN_Mannequin/Animations/Run/M_Neutral_Run_Box_LR_F_Lfoot.uexp" 2073
"G:/Projets Unreal en cours/ICAN_Backrooms/Content/Characters/UEFN_Mannequin/Animations/Run/M_Neutral_Run_Pivot_LR_RR_Rfoot.uasset" 2074
"G:/Projets Unreal en cours/ICAN_Backrooms/Content/Characters/UEFN_Mannequin/Animations/Run/M_Neutral_Run_Pivot_LR_RR_Rfoot.uexp" 2075
"G:/Projets Unreal en cours/ICAN_Backrooms/Content/Characters/UEFN_Mannequin/Animations/Run/M_Neutral_Run_Pivot_LL_RL_Rfoot.uasset" 2076
"G:/Projets Unreal en cours/ICAN_Backrooms/Content/Characters/UEFN_Mannequin/Animations/Run/M_Neutral_Run_Pivot_LL_RL_Rfoot.uexp" 2077
"G:/Projets Unreal en cours/ICAN_Backrooms/Content/Characters/UEFN_Mannequin/Animations/Run/M_Neutral_Run_Pivot_BR_FL_Rfoot.uasset" 2078
"G:/Projets Unreal en cours/ICAN_Backrooms/Content/Characters/UEFN_Mannequin/Animations/Run/M_Neutral_Run_Pivot_BR_FL_Rfoot.uexp" 2079
"G:/Projets Unreal en cours/ICAN_Backrooms/Content/Characters/UEFN_Mannequin/Animations/Run/M_Neutral_Run_Hourglass_BL_RL_Rfoot.uasset" 2080
"G:/Projets Unreal en cours/ICAN_Backrooms/Content/Characters/UEFN_Mannequin/Animations/Run/M_Neutral_Run_Hourglass_BL_RL_Rfoot.uexp" 2081
"G:/Projets Unreal en cours/ICAN_Backrooms/Content/Characters/UEFN_Mannequin/Animations/Run/M_Neutral_Run_Hourglass_LL_FR_Rfoot.uasset" 2082
"G:/Projets Unreal en cours/ICAN_Backrooms/Content/Characters/UEFN_Mannequin/Animations/Run/M_Neutral_Run_Hourglass_LL_FR_Rfoot.uexp" 2083
"G:/Projets Unreal en cours/ICAN_Backrooms/Content/Characters/UEFN_Mannequin/Animations/Run/M_Neutral_Run_Hourglass_LR_BR_Rfoot.uasset" 2084
"G:/Projets Unreal en cours/ICAN_Backrooms/Content/Characters/UEFN_Mannequin/Animations/Run/M_Neutral_Run_Hourglass_LR_BR_Rfoot.uexp" 2085
"G:/Projets Unreal en cours/ICAN_Backrooms/Content/Characters/UEFN_Mannequin/Animations/Run/M_Neutral_Run_Box_RL_B_Lfoot.uasset" 2086
"G:/Projets Unreal en cours/ICAN_Backrooms/Content/Characters/UEFN_Mannequin/Animations/Run/M_Neutral_Run_Box_RL_B_Lfoot.uexp" 2087
"G:/Projets Unreal en cours/ICAN_Backrooms/Content/Characters/UEFN_Mannequin/Animations/Run/M_Neutral_Run_Box_LR_B_Rfoot.uasset" 2088
"G:/Projets Unreal en cours/ICAN_Backrooms/Content/Characters/UEFN_Mannequin/Animations/Run/M_Neutral_Run_Box_LR_B_Rfoot.uexp" 2089
"G:/Projets Unreal en cours/ICAN_Backrooms/Content/Characters/UEFN_Mannequin/Animations/Run/M_Neutral_Run_Box_F_LR_Lfoot.uasset" 2090
"G:/Projets Unreal en cours/ICAN_Backrooms/Content/Characters/UEFN_Mannequin/Animations/Run/M_Neutral_Run_Box_F_LR_Lfoot.uexp" 2091
"G:/Projets Unreal en cours/ICAN_Backrooms/Content/Characters/UEFN_Mannequin/Animations/Run/M_Neutral_Run_Pivot_F_B_Rfoot.uasset" 2092
"G:/Projets Unreal en cours/ICAN_Backrooms/Content/Characters/UEFN_Mannequin/Animations/Run/M_Neutral_Run_Pivot_F_B_Rfoot.uexp" 2093
"G:/Projets Unreal en cours/ICAN_Backrooms/Content/Characters/UEFN_Mannequin/Animations/Run/M_Neutral_Run_Turn_R_135_Rfoot.uasset" 2094
"G:/Projets Unreal en cours/ICAN_Backrooms/Content/Characters/UEFN_Mannequin/Animations/Run/M_Neutral_Run_Turn_R_135_Rfoot.uexp" 2095
"G:/Projets Unreal en cours/ICAN_Backrooms/Content/Characters/UEFN_Mannequin/Animations/Run/M_Neutral_Run_Box_B_LL_Rfoot.uasset" 2096
"G:/Projets Unreal en cours/ICAN_Backrooms/Content/Characters/UEFN_Mannequin/Animations/Run/M_Neutral_Run_Box_B_LL_Rfoot.uexp" 2097
"G:/Projets Unreal en cours/ICAN_Backrooms/Content/Characters/UEFN_Mannequin/Animations/Run/M_Neutral_Run_Box_F_RR_Rfoot.uasset" 2098
"G:/Projets Unreal en cours/ICAN_Backrooms/Content/Characters/UEFN_Mannequin/Animations/Run/M_Neutral_Run_Box_F_RR_Rfoot.uexp" 2099
"G:/Projets Unreal en cours/ICAN_Backrooms/Content/Characters/UEFN_Mannequin/Animations/Run/M_Neutral_Run_Pivot_FR_BL_Lfoot.uasset" 2100
"G:/Projets Unreal en cours/ICAN_Backrooms/Content/Characters/UEFN_Mannequin/Animations/Run/M_Neutral_Run_Pivot_FR_BL_Lfoot.uexp" 2101
"G:/Projets Unreal en cours/ICAN_Backrooms/Content/Characters/UEFN_Mannequin/Animations/Run/M_Neutral_Run_Turn_L_180_Rfoot.uasset" 2102
"G:/Projets Unreal en cours/ICAN_Backrooms/Content/Characters/UEFN_Mannequin/Animations/Run/M_Neutral_Run_Turn_L_180_Rfoot.uexp" 2103
"G:/Projets Unreal en cours/ICAN_Backrooms/Content/Characters/UEFN_Mannequin/Animations/Run/M_Neutral_Run_Prism_F_FR_Rfoot.uasset" 2104
"G:/Projets Unreal en cours/ICAN_Backrooms/Content/Characters/UEFN_Mannequin/Animations/Run/M_Neutral_Run_Prism_F_FR_Rfoot.uexp" 2105
"G:/Projets Unreal en cours/ICAN_Backrooms/Content/Characters/UEFN_Mannequin/Animations/Run/M_Neutral_Run_Hourglass_FR_LL_Rfoot.uasset" 2106
"G:/Projets Unreal en cours/ICAN_Backrooms/Content/Characters/UEFN_Mannequin/Animations/Run/M_Neutral_Run_Hourglass_FR_LL_Rfoot.uexp" 2107
"G:/Projets Unreal en cours/ICAN_Backrooms/Content/Characters/UEFN_Mannequin/Animations/Run/M_Neutral_Run_Box_RR_F_Rfoot.uasset" 2108
"G:/Projets Unreal en cours/ICAN_Backrooms/Content/Characters/UEFN_Mannequin/Animations/Run/M_Neutral_Run_Box_RR_F_Rfoot.uexp" 2109
"G:/Projets Unreal en cours/ICAN_Backrooms/Content/Characters/UEFN_Mannequin/Animations/Run/M_Neutral_Run_Diamond_BR_FR_Lfoot.uasset" 2110
"G:/Projets Unreal en cours/ICAN_Backrooms/Content/Characters/UEFN_Mannequin/Animations/Run/M_Neutral_Run_Diamond_BR_FR_Lfoot.uexp" 2111
"G:/Projets Unreal en cours/ICAN_Backrooms/Content/Characters/UEFN_Mannequin/Animations/Run/M_Neutral_Run_Diamond_BL_FL_Lfoot.uasset" 2112
"G:/Projets Unreal en cours/ICAN_Backrooms/Content/Characters/UEFN_Mannequin/Animations/Run/M_Neutral_Run_Diamond_BL_FL_Lfoot.uexp" 2113
"G:/Projets Unreal en cours/ICAN_Backrooms/Content/Characters/UEFN_Mannequin/Animations/Run/M_Neutral_Run_Hourglass_RL_BL_Lfoot.uasset" 2114
"G:/Projets Unreal en cours/ICAN_Backrooms/Content/Characters/UEFN_Mannequin/Animations/Run/M_Neutral_Run_Hourglass_RL_BL_Lfoot.uexp" 2115
"G:/Projets Unreal en cours/ICAN_Backrooms/Content/Characters/UEFN_Mannequin/Animations/Run/M_Neutral_Run_Diamond_B_FR_Rfoot.uasset" 2116
"G:/Projets Unreal en cours/ICAN_Backrooms/Content/Characters/UEFN_Mannequin/Animations/Run/M_Neutral_Run_Diamond_B_FR_Rfoot.uexp" 2117
"G:/Projets Unreal en cours/ICAN_Backrooms/Content/Characters/UEFN_Mannequin/Animations/Run/M_Neutral_Run_Box_B_RL_Lfoot.uasset" 2118
"G:/Projets Unreal en cours/ICAN_Backrooms/Content/Characters/UEFN_Mannequin/Animations/Run/M_Neutral_Run_Box_B_RL_Lfoot.uexp" 2119
"G:/Projets Unreal en cours/ICAN_Backrooms/Content/Characters/UEFN_Mannequin/Animations/Run/M_Neutral_Run_Diamond_BL_F_Rfoot.uasset" 2120
"G:/Projets Unreal en cours/ICAN_Backrooms/Content/Characters/UEFN_Mannequin/Animations/Run/M_Neutral_Run_Diamond_BL_F_Rfoot.uexp" 2121
"G:/Projets Unreal en cours/ICAN_Backrooms/Content/Characters/UEFN_Mannequin/Animations/Run/M_Neutral_Run_Diamond_B_FL_Lfoot.uasset" 2122
"G:/Projets Unreal en cours/ICAN_Backrooms/Content/Characters/UEFN_Mannequin/Animations/Run/M_Neutral_Run_Diamond_B_FL_Lfoot.uexp" 2123
"G:/Projets Unreal en cours/ICAN_Backrooms/Content/Characters/UEFN_Mannequin/Animations/Run/M_Neutral_Run_Hourglass_RL_FL_Rfoot.uasset" 2124
"G:/Projets Unreal en cours/ICAN_Backrooms/Content/Characters/UEFN_Mannequin/Animations/Run/M_Neutral_Run_Hourglass_RL_FL_Rfoot.uexp" 2125
"G:/Projets Unreal en cours/ICAN_Backrooms/Content/Characters/UEFN_Mannequin/Animations/Run/M_Neutral_Run_Hourglass_RR_BL_Rfoot.uasset" 2126
"G:/Projets Unreal en cours/ICAN_Backrooms/Content/Characters/UEFN_Mannequin/Animations/Run/M_Neutral_Run_Hourglass_RR_BL_Rfoot.uexp" 2127
"G:/Projets Unreal en cours/ICAN_Backrooms/Content/Characters/UEFN_Mannequin/Animations/Run/M_Neutral_Run_Turn_R_180_Rfoot.uasset" 2128
"G:/Projets Unreal en cours/ICAN_Backrooms/Content/Characters/UEFN_Mannequin/Animations/Run/M_Neutral_Run_Turn_R_180_Rfoot.uexp" 2129
"G:/Projets Unreal en cours/ICAN_Backrooms/Content/Characters/UEFN_Mannequin/Animations/Run/M_Neutral_Run_Box_RR_F_Lfoot.uasset" 2130
"G:/Projets Unreal en cours/ICAN_Backrooms/Content/Characters/UEFN_Mannequin/Animations/Run/M_Neutral_Run_Box_RR_F_Lfoot.uexp" 2131
"G:/Projets Unreal en cours/ICAN_Backrooms/Content/Characters/UEFN_Mannequin/Animations/Run/M_Neutral_Run_Turn_L_090_Lfoot.uasset" 2132
"G:/Projets Unreal en cours/ICAN_Backrooms/Content/Characters/UEFN_Mannequin/Animations/Run/M_Neutral_Run_Turn_L_090_Lfoot.uexp" 2133
"G:/Projets Unreal en cours/ICAN_Backrooms/Content/Characters/UEFN_Mannequin/Animations/Run/M_Neutral_Run_Pivot_BL_FR_Lfoot.uasset" 2134
"G:/Projets Unreal en cours/ICAN_Backrooms/Content/Characters/UEFN_Mannequin/Animations/Run/M_Neutral_Run_Pivot_BL_FR_Lfoot.uexp" 2135
"G:/Projets Unreal en cours/ICAN_Backrooms/Content/Characters/UEFN_Mannequin/Animations/Run/M_Neutral_Run_Pivot_FR_BL_Rfoot.uasset" 2136
"G:/Projets Unreal en cours/ICAN_Backrooms/Content/Characters/UEFN_Mannequin/Animations/Run/M_Neutral_Run_Pivot_FR_BL_Rfoot.uexp" 2137
"G:/Projets Unreal en cours/ICAN_Backrooms/Content/Characters/UEFN_Mannequin/Animations/Run/M_Neutral_Run_Diamond_BR_BL_Lfoot.uasset" 2138
"G:/Projets Unreal en cours/ICAN_Backrooms/Content/Characters/UEFN_Mannequin/Animations/Run/M_Neutral_Run_Diamond_BR_BL_Lfoot.uexp" 2139
"G:/Projets Unreal en cours/ICAN_Backrooms/Content/Characters/UEFN_Mannequin/Animations/Run/M_Neutral_Run_Box_LR_B_Lfoot.uasset" 2140
"G:/Projets Unreal en cours/ICAN_Backrooms/Content/Characters/UEFN_Mannequin/Animations/Run/M_Neutral_Run_Box_LR_B_Lfoot.uexp" 2141
"G:/Projets Unreal en cours/ICAN_Backrooms/Content/Characters/UEFN_Mannequin/Animations/Run/M_Neutral_Run_Diamond_F_BL_Rfoot.uasset" 2142
"G:/Projets Unreal en cours/ICAN_Backrooms/Content/Characters/UEFN_Mannequin/Animations/Run/M_Neutral_Run_Diamond_F_BL_Rfoot.uexp" 2143
"G:/Projets Unreal en cours/ICAN_Backrooms/Content/Characters/UEFN_Mannequin/Animations/Run/M_Neutral_Run_Diamond_BR_F_Rfoot.uasset" 2144
"G:/Projets Unreal en cours/ICAN_Backrooms/Content/Characters/UEFN_Mannequin/Animations/Run/M_Neutral_Run_Diamond_BR_F_Rfoot.uexp" 2145
"G:/Projets Unreal en cours/ICAN_Backrooms/Content/Characters/UEFN_Mannequin/Animations/MotionMatchingData/Databases/Dense/PSD_Dense_Stand_Run_Pivots.uasset" 2146
"G:/Projets Unreal en cours/ICAN_Backrooms/Content/Characters/UEFN_Mannequin/Animations/MotionMatchingData/Databases/Dense/PSD_Dense_Stand_Run_Pivots.uexp" 2147
"G:/Projets Unreal en cours/ICAN_Backrooms/Content/Characters/UEFN_Mannequin/Animations/Jump/M_Neutral_Jump_RL_Land_Stand_Light_Rfoot.uasset" 2148
"G:/Projets Unreal en cours/ICAN_Backrooms/Content/Characters/UEFN_Mannequin/Animations/Jump/M_Neutral_Jump_RL_Land_Stand_Light_Rfoot.uexp" 2149
"G:/Projets Unreal en cours/ICAN_Backrooms/Content/Characters/UEFN_Mannequin/Animations/Jump/M_Neutral_Jump_B_Land_Stand_Light_Rfoot.uasset" 2150
"G:/Projets Unreal en cours/ICAN_Backrooms/Content/Characters/UEFN_Mannequin/Animations/Jump/M_Neutral_Jump_B_Land_Stand_Light_Rfoot.uexp" 2151
"G:/Projets Unreal en cours/ICAN_Backrooms/Content/Characters/UEFN_Mannequin/Animations/MotionMatchingData/Schemas/PSS_Jump.uasset" 2152
"G:/Projets Unreal en cours/ICAN_Backrooms/Content/Characters/UEFN_Mannequin/Animations/MotionMatchingData/Schemas/PSS_Jump.uexp" 2153
"G:/Projets Unreal en cours/ICAN_Backrooms/Content/Characters/UEFN_Mannequin/Animations/Jump/M_Neutral_Jump_F_Land_Stand_Light_Lfoot.uasset" 2154
"G:/Projets Unreal en cours/ICAN_Backrooms/Content/Characters/UEFN_Mannequin/Animations/Jump/M_Neutral_Jump_F_Land_Stand_Light_Lfoot.uexp" 2155
"G:/Projets Unreal en cours/ICAN_Backrooms/Content/Characters/UEFN_Mannequin/Animations/Jump/M_Neutral_Jump_F_Land_Stand_Light_Rfoot.uasset" 2156
"G:/Projets Unreal en cours/ICAN_Backrooms/Content/Characters/UEFN_Mannequin/Animations/Jump/M_Neutral_Jump_F_Land_Stand_Light_Rfoot.uexp" 2157
"G:/Projets Unreal en cours/ICAN_Backrooms/Content/Characters/UEFN_Mannequin/Animations/Jump/M_Neutral_Jump_LL_Land_Stand_Light_Lfoot.uasset" 2158
"G:/Projets Unreal en cours/ICAN_Backrooms/Content/Characters/UEFN_Mannequin/Animations/Jump/M_Neutral_Jump_LL_Land_Stand_Light_Lfoot.uexp" 2159
"G:/Projets Unreal en cours/ICAN_Backrooms/Content/Characters/UEFN_Mannequin/Animations/Jump/M_Neutral_Jump_LL_Land_Stand_Light_Rfoot.uasset" 2160
"G:/Projets Unreal en cours/ICAN_Backrooms/Content/Characters/UEFN_Mannequin/Animations/Jump/M_Neutral_Jump_LL_Land_Stand_Light_Rfoot.uexp" 2161
"G:/Projets Unreal en cours/ICAN_Backrooms/Content/Characters/UEFN_Mannequin/Animations/MotionMatchingData/Databases/Dense/PSD_Dense_Stand_Idle_Lands_Light.uasset" 2162
"G:/Projets Unreal en cours/ICAN_Backrooms/Content/Characters/UEFN_Mannequin/Animations/MotionMatchingData/Databases/Dense/PSD_Dense_Stand_Idle_Lands_Light.uexp" 2163
"G:/Projets Unreal en cours/ICAN_Backrooms/Content/Characters/UEFN_Mannequin/Animations/Traversal/Vault/M_Neutral_Traversal_Vault_1_0_run_F_Lfoot.uasset" 2164
"G:/Projets Unreal en cours/ICAN_Backrooms/Content/Characters/UEFN_Mannequin/Animations/Traversal/Vault/M_Neutral_Traversal_Vault_1_0_run_F_Lfoot.uexp" 2165
"G:/Projets Unreal en cours/ICAN_Backrooms/Content/Characters/UEFN_Mannequin/Animations/Traversal/Vault/M_Neutral_Traversal_Vault_1_0_stand_F_Lfoot.uasset" 2166
"G:/Projets Unreal en cours/ICAN_Backrooms/Content/Characters/UEFN_Mannequin/Animations/Traversal/Vault/M_Neutral_Traversal_Vault_1_0_stand_F_Lfoot.uexp" 2167
"G:/Projets Unreal en cours/ICAN_Backrooms/Content/Characters/UEFN_Mannequin/Animations/MotionMatchingData/Databases/Dense/PSD_Dense_Jumps_FromTraversal.uasset" 2168
"G:/Projets Unreal en cours/ICAN_Backrooms/Content/Characters/UEFN_Mannequin/Animations/MotionMatchingData/Databases/Dense/PSD_Dense_Jumps_FromTraversal.uexp" 2169
"G:/Projets Unreal en cours/ICAN_Backrooms/Content/Characters/UEFN_Mannequin/Animations/Jump/M_Neutral_Jump_F_Land_Walk_Light_Rfoot.uasset" 2170
"G:/Projets Unreal en cours/ICAN_Backrooms/Content/Characters/UEFN_Mannequin/Animations/Jump/M_Neutral_Jump_F_Land_Walk_Light_Rfoot.uexp" 2171
"G:/Projets Unreal en cours/ICAN_Backrooms/Content/Characters/UEFN_Mannequin/Animations/Jump/M_Neutral_Jump_B_Land_Walk_Light.uasset" 2172
"G:/Projets Unreal en cours/ICAN_Backrooms/Content/Characters/UEFN_Mannequin/Animations/Jump/M_Neutral_Jump_B_Land_Walk_Light.uexp" 2173
"G:/Projets Unreal en cours/ICAN_Backrooms/Content/Characters/UEFN_Mannequin/Animations/Jump/M_Neutral_Jump_F_Land_Walk_Light_Lfoot.uasset" 2174
"G:/Projets Unreal en cours/ICAN_Backrooms/Content/Characters/UEFN_Mannequin/Animations/Jump/M_Neutral_Jump_F_Land_Walk_Light_Lfoot.uexp" 2175
"G:/Projets Unreal en cours/ICAN_Backrooms/Content/Characters/UEFN_Mannequin/Animations/Jump/M_Neutral_Jump_RL_Land_Walk_Light.uasset" 2176
"G:/Projets Unreal en cours/ICAN_Backrooms/Content/Characters/UEFN_Mannequin/Animations/Jump/M_Neutral_Jump_RL_Land_Walk_Light.uexp" 2177
"G:/Projets Unreal en cours/ICAN_Backrooms/Content/Characters/UEFN_Mannequin/Animations/MotionMatchingData/Databases/Dense/PSD_Dense_Stand_Walk_Lands_Light.uasset" 2178
"G:/Projets Unreal en cours/ICAN_Backrooms/Content/Characters/UEFN_Mannequin/Animations/MotionMatchingData/Databases/Dense/PSD_Dense_Stand_Walk_Lands_Light.uexp" 2179
"G:/Projets Unreal en cours/ICAN_Backrooms/Content/Characters/UEFN_Mannequin/Animations/Jump/M_Neutral_Jump_F_Start_Stand_Rfoot.uasset" 2180
"G:/Projets Unreal en cours/ICAN_Backrooms/Content/Characters/UEFN_Mannequin/Animations/Jump/M_Neutral_Jump_F_Start_Stand_Rfoot.uexp" 2181
"G:/Projets Unreal en cours/ICAN_Backrooms/Content/Characters/UEFN_Mannequin/Animations/Jump/M_Neutral_Jump_LL_Start_Lfoot.uasset" 2182
"G:/Projets Unreal en cours/ICAN_Backrooms/Content/Characters/UEFN_Mannequin/Animations/Jump/M_Neutral_Jump_LL_Start_Lfoot.uexp" 2183
"G:/Projets Unreal en cours/ICAN_Backrooms/Content/Characters/UEFN_Mannequin/Animations/Jump/M_Neutral_Jump_F_Start_Stand_Lfoot.uasset" 2184
"G:/Projets Unreal en cours/ICAN_Backrooms/Content/Characters/UEFN_Mannequin/Animations/Jump/M_Neutral_Jump_F_Start_Stand_Lfoot.uexp" 2185
"G:/Projets Unreal en cours/ICAN_Backrooms/Content/Characters/UEFN_Mannequin/Animations/Jump/M_Neutral_Jump_F_Land_Run_Heavy_Rfoot.uasset" 2186
"G:/Projets Unreal en cours/ICAN_Backrooms/Content/Characters/UEFN_Mannequin/Animations/Jump/M_Neutral_Jump_F_Land_Run_Heavy_Rfoot.uexp" 2187
"G:/Projets Unreal en cours/ICAN_Backrooms/Content/Characters/UEFN_Mannequin/Animations/Jump/M_Neutral_Jump_F_Off_Run_Rfoot.uasset" 2188
"G:/Projets Unreal en cours/ICAN_Backrooms/Content/Characters/UEFN_Mannequin/Animations/Jump/M_Neutral_Jump_F_Off_Run_Rfoot.uexp" 2189
"G:/Projets Unreal en cours/ICAN_Backrooms/Content/Characters/UEFN_Mannequin/Animations/Jump/M_Neutral_Jump_RL_Start_Lfoot.uasset" 2190
"G:/Projets Unreal en cours/ICAN_Backrooms/Content/Characters/UEFN_Mannequin/Animations/Jump/M_Neutral_Jump_RL_Start_Lfoot.uexp" 2191
"G:/Projets Unreal en cours/ICAN_Backrooms/Content/Characters/UEFN_Mannequin/Animations/Jump/M_Neutral_Jump_F_Off_Walk_Lfoot.uasset" 2192
"G:/Projets Unreal en cours/ICAN_Backrooms/Content/Characters/UEFN_Mannequin/Animations/Jump/M_Neutral_Jump_F_Off_Walk_Lfoot.uexp" 2193
"G:/Projets Unreal en cours/ICAN_Backrooms/Content/Characters/UEFN_Mannequin/Animations/Jump/M_Neutral_Jump_F_Land_Run_Heavy_Lfoot.uasset" 2194
"G:/Projets Unreal en cours/ICAN_Backrooms/Content/Characters/UEFN_Mannequin/Animations/Jump/M_Neutral_Jump_F_Land_Run_Heavy_Lfoot.uexp" 2195
"G:/Projets Unreal en cours/ICAN_Backrooms/Content/Characters/UEFN_Mannequin/Animations/Jump/M_Neutral_Jump_F_Off_Run_Lfoot.uasset" 2196
"G:/Projets Unreal en cours/ICAN_Backrooms/Content/Characters/UEFN_Mannequin/Animations/Jump/M_Neutral_Jump_F_Off_Run_Lfoot.uexp" 2197
"G:/Projets Unreal en cours/ICAN_Backrooms/Content/Characters/UEFN_Mannequin/Animations/Jump/M_Neutral_Jump_LL_Start_Rfoot.uasset" 2198
"G:/Projets Unreal en cours/ICAN_Backrooms/Content/Characters/UEFN_Mannequin/Animations/Jump/M_Neutral_Jump_LL_Start_Rfoot.uexp" 2199
"G:/Projets Unreal en cours/ICAN_Backrooms/Content/Characters/UEFN_Mannequin/Animations/Jump/M_Neutral_Jump_Loop_Fall.uasset" 2200
"G:/Projets Unreal en cours/ICAN_Backrooms/Content/Characters/UEFN_Mannequin/Animations/Jump/M_Neutral_Jump_Loop_Fall.uexp" 2201
"G:/Projets Unreal en cours/ICAN_Backrooms/Content/Characters/UEFN_Mannequin/Animations/Jump/M_Neutral_Jump_B_Start_Lfoot.uasset" 2202
"G:/Projets Unreal en cours/ICAN_Backrooms/Content/Characters/UEFN_Mannequin/Animations/Jump/M_Neutral_Jump_B_Start_Lfoot.uexp" 2203
"G:/Projets Unreal en cours/ICAN_Backrooms/Content/Characters/UEFN_Mannequin/Animations/Jump/M_Neutral_Jump_F_Start_Walk_Rfoot.uasset" 2204
"G:/Projets Unreal en cours/ICAN_Backrooms/Content/Characters/UEFN_Mannequin/Animations/Jump/M_Neutral_Jump_F_Start_Walk_Rfoot.uexp" 2205
"G:/Projets Unreal en cours/ICAN_Backrooms/Content/Characters/UEFN_Mannequin/Animations/Jump/M_Neutral_Jump_F_Land_Run_Light_Lfoot.uasset" 2206
"G:/Projets Unreal en cours/ICAN_Backrooms/Content/Characters/UEFN_Mannequin/Animations/Jump/M_Neutral_Jump_F_Land_Run_Light_Lfoot.uexp" 2207
"G:/Projets Unreal en cours/ICAN_Backrooms/Content/Characters/UEFN_Mannequin/Animations/Jump/M_Neutral_Jump_RL_Start_Rfoot.uasset" 2208
"G:/Projets Unreal en cours/ICAN_Backrooms/Content/Characters/UEFN_Mannequin/Animations/Jump/M_Neutral_Jump_RL_Start_Rfoot.uexp" 2209
"G:/Projets Unreal en cours/ICAN_Backrooms/Content/Characters/UEFN_Mannequin/Animations/Jump/M_Neutral_Jump_F_Land_Run_Light_Rfoot.uasset" 2210
"G:/Projets Unreal en cours/ICAN_Backrooms/Content/Characters/UEFN_Mannequin/Animations/Jump/M_Neutral_Jump_F_Land_Run_Light_Rfoot.uexp" 2211
"G:/Projets Unreal en cours/ICAN_Backrooms/Content/Characters/UEFN_Mannequin/Animations/Jump/M_Neutral_Jump_F_Start_Walk_Lfoot.uasset" 2212
"G:/Projets Unreal en cours/ICAN_Backrooms/Content/Characters/UEFN_Mannequin/Animations/Jump/M_Neutral_Jump_F_Start_Walk_Lfoot.uexp" 2213
"G:/Projets Unreal en cours/ICAN_Backrooms/Content/Characters/UEFN_Mannequin/Animations/Jump/M_Neutral_Jump_F_Start_Run_Rfoot.uasset" 2214
"G:/Projets Unreal en cours/ICAN_Backrooms/Content/Characters/UEFN_Mannequin/Animations/Jump/M_Neutral_Jump_F_Start_Run_Rfoot.uexp" 2215
"G:/Projets Unreal en cours/ICAN_Backrooms/Content/Characters/UEFN_Mannequin/Animations/Jump/M_Neutral_Jump_B_Start_Rfoot.uasset" 2216
"G:/Projets Unreal en cours/ICAN_Backrooms/Content/Characters/UEFN_Mannequin/Animations/Jump/M_Neutral_Jump_B_Start_Rfoot.uexp" 2217
"G:/Projets Unreal en cours/ICAN_Backrooms/Content/Characters/UEFN_Mannequin/Animations/Jump/M_Neutral_Jump_F_Off_Walk_Rfoot.uasset" 2218
"G:/Projets Unreal en cours/ICAN_Backrooms/Content/Characters/UEFN_Mannequin/Animations/Jump/M_Neutral_Jump_F_Off_Walk_Rfoot.uexp" 2219
"G:/Projets Unreal en cours/ICAN_Backrooms/Content/Characters/UEFN_Mannequin/Animations/Jump/M_Neutral_Jump_F_Start_Run_Lfoot.uasset" 2220
"G:/Projets Unreal en cours/ICAN_Backrooms/Content/Characters/UEFN_Mannequin/Animations/Jump/M_Neutral_Jump_F_Start_Run_Lfoot.uexp" 2221
"G:/Projets Unreal en cours/ICAN_Backrooms/Content/Characters/UEFN_Mannequin/Animations/MotionMatchingData/Databases/Dense/PSD_Dense_Jumps.uasset" 2222
"G:/Projets Unreal en cours/ICAN_Backrooms/Content/Characters/UEFN_Mannequin/Animations/MotionMatchingData/Databases/Dense/PSD_Dense_Jumps.uexp" 2223
"G:/Projets Unreal en cours/ICAN_Backrooms/Content/Characters/UEFN_Mannequin/Animations/MotionMatchingData/Schemas/PSS_Idle.uasset" 2224
"G:/Projets Unreal en cours/ICAN_Backrooms/Content/Characters/UEFN_Mannequin/Animations/MotionMatchingData/Schemas/PSS_Idle.uexp" 2225
"G:/Projets Unreal en cours/ICAN_Backrooms/Content/Characters/UEFN_Mannequin/Animations/MotionMatchingData/Databases/Dense/PSD_Dense_Crouch_Idles.uasset" 2226
"G:/Projets Unreal en cours/ICAN_Backrooms/Content/Characters/UEFN_Mannequin/Animations/MotionMatchingData/Databases/Dense/PSD_Dense_Crouch_Idles.uexp" 2227
"G:/Projets Unreal en cours/ICAN_Backrooms/Content/Characters/UEFN_Mannequin/Animations/Crouch/M_Neutral_Crouch_Start_LR_Lfoot.uasset" 2228
"G:/Projets Unreal en cours/ICAN_Backrooms/Content/Characters/UEFN_Mannequin/Animations/Crouch/M_Neutral_Crouch_Start_LR_Lfoot.uexp" 2229
"G:/Projets Unreal en cours/ICAN_Backrooms/Content/Characters/UEFN_Mannequin/Animations/Crouch/M_Neutral_Crouch_Start_BL_Lfoot.uasset" 2230
"G:/Projets Unreal en cours/ICAN_Backrooms/Content/Characters/UEFN_Mannequin/Animations/Crouch/M_Neutral_Crouch_Start_BL_Lfoot.uexp" 2231
"G:/Projets Unreal en cours/ICAN_Backrooms/Content/Characters/UEFN_Mannequin/Animations/Crouch/M_Neutral_Crouch_Start_F_Rfoot.uasset" 2232
"G:/Projets Unreal en cours/ICAN_Backrooms/Content/Characters/UEFN_Mannequin/Animations/Crouch/M_Neutral_Crouch_Start_F_Rfoot.uexp" 2233
"G:/Projets Unreal en cours/ICAN_Backrooms/Content/Characters/UEFN_Mannequin/Animations/Crouch/M_Neutral_Crouch_Reface_Start_B_L_090.uasset" 2234
"G:/Projets Unreal en cours/ICAN_Backrooms/Content/Characters/UEFN_Mannequin/Animations/Crouch/M_Neutral_Crouch_Reface_Start_B_L_090.uexp" 2235
"G:/Projets Unreal en cours/ICAN_Backrooms/Content/Characters/UEFN_Mannequin/Animations/Crouch/M_Neutral_Crouch_Reface_Start_B_R_180.uasset" 2236
"G:/Projets Unreal en cours/ICAN_Backrooms/Content/Characters/UEFN_Mannequin/Animations/Crouch/M_Neutral_Crouch_Reface_Start_B_R_180.uexp" 2237
"G:/Projets Unreal en cours/ICAN_Backrooms/Content/Characters/UEFN_Mannequin/Animations/Crouch/M_Neutral_Crouch_Start_LL_Lfoot.uasset" 2238
"G:/Projets Unreal en cours/ICAN_Backrooms/Content/Characters/UEFN_Mannequin/Animations/Crouch/M_Neutral_Crouch_Start_LL_Lfoot.uexp" 2239
"G:/Projets Unreal en cours/ICAN_Backrooms/Content/Characters/UEFN_Mannequin/Animations/Crouch/M_Neutral_Crouch_Reface_Start_F_L_090.uasset" 2240
"G:/Projets Unreal en cours/ICAN_Backrooms/Content/Characters/UEFN_Mannequin/Animations/Crouch/M_Neutral_Crouch_Reface_Start_F_L_090.uexp" 2241
"G:/Projets Unreal en cours/ICAN_Backrooms/Content/Characters/UEFN_Mannequin/Animations/Crouch/M_Neutral_Crouch_Start_B_Rfoot.uasset" 2242
"G:/Projets Unreal en cours/ICAN_Backrooms/Content/Characters/UEFN_Mannequin/Animations/Crouch/M_Neutral_Crouch_Start_B_Rfoot.uexp" 2243
"G:/Projets Unreal en cours/ICAN_Backrooms/Content/Characters/UEFN_Mannequin/Animations/Crouch/M_Neutral_Crouch_Start_F_Lfoot.uasset" 2244
"G:/Projets Unreal en cours/ICAN_Backrooms/Content/Characters/UEFN_Mannequin/Animations/Crouch/M_Neutral_Crouch_Start_F_Lfoot.uexp" 2245
"G:/Projets Unreal en cours/ICAN_Backrooms/Content/Characters/UEFN_Mannequin/Animations/Crouch/M_Neutral_Crouch_Start_FL_Rfoot.uasset" 2246
"G:/Projets Unreal en cours/ICAN_Backrooms/Content/Characters/UEFN_Mannequin/Animations/Crouch/M_Neutral_Crouch_Start_FL_Rfoot.uexp" 2247
"G:/Projets Unreal en cours/ICAN_Backrooms/Content/Characters/UEFN_Mannequin/Animations/Crouch/M_Neutral_Crouch_Start_LR_Rfoot.uasset" 2248
"G:/Projets Unreal en cours/ICAN_Backrooms/Content/Characters/UEFN_Mannequin/Animations/Crouch/M_Neutral_Crouch_Start_LR_Rfoot.uexp" 2249
"G:/Projets Unreal en cours/ICAN_Backrooms/Content/Characters/UEFN_Mannequin/Animations/Crouch/M_Neutral_Crouch_Reface_Start_B_L_180.uasset" 2250
"G:/Projets Unreal en cours/ICAN_Backrooms/Content/Characters/UEFN_Mannequin/Animations/Crouch/M_Neutral_Crouch_Reface_Start_B_L_180.uexp" 2251
"G:/Projets Unreal en cours/ICAN_Backrooms/Content/Characters/UEFN_Mannequin/Animations/Crouch/M_Neutral_Crouch_Reface_Start_F_R_180.uasset" 2252
"G:/Projets Unreal en cours/ICAN_Backrooms/Content/Characters/UEFN_Mannequin/Animations/Crouch/M_Neutral_Crouch_Reface_Start_F_R_180.uexp" 2253
"G:/Projets Unreal en cours/ICAN_Backrooms/Content/Characters/UEFN_Mannequin/Animations/Crouch/M_Neutral_Crouch_Reface_Start_B_R_090.uasset" 2254
"G:/Projets Unreal en cours/ICAN_Backrooms/Content/Characters/UEFN_Mannequin/Animations/Crouch/M_Neutral_Crouch_Reface_Start_B_R_090.uexp" 2255
"G:/Projets Unreal en cours/ICAN_Backrooms/Content/Characters/UEFN_Mannequin/Animations/Crouch/M_Neutral_Crouch_Reface_Start_F_R_090.uasset" 2256
"G:/Projets Unreal en cours/ICAN_Backrooms/Content/Characters/UEFN_Mannequin/Animations/Crouch/M_Neutral_Crouch_Reface_Start_F_R_090.uexp" 2257
"G:/Projets Unreal en cours/ICAN_Backrooms/Content/Characters/UEFN_Mannequin/Animations/Crouch/M_Neutral_Crouch_Start_RL_Rfoot.uasset" 2258
"G:/Projets Unreal en cours/ICAN_Backrooms/Content/Characters/UEFN_Mannequin/Animations/Crouch/M_Neutral_Crouch_Start_RL_Rfoot.uexp" 2259
"G:/Projets Unreal en cours/ICAN_Backrooms/Content/Characters/UEFN_Mannequin/Animations/Crouch/M_Neutral_Crouch_Start_B_Lfoot.uasset" 2260
"G:/Projets Unreal en cours/ICAN_Backrooms/Content/Characters/UEFN_Mannequin/Animations/Crouch/M_Neutral_Crouch_Start_B_Lfoot.uexp" 2261
"G:/Projets Unreal en cours/ICAN_Backrooms/Content/Characters/UEFN_Mannequin/Animations/Crouch/M_Neutral_Crouch_Start_FR_Rfoot.uasset" 2262
"G:/Projets Unreal en cours/ICAN_Backrooms/Content/Characters/UEFN_Mannequin/Animations/Crouch/M_Neutral_Crouch_Start_FR_Rfoot.uexp" 2263
"G:/Projets Unreal en cours/ICAN_Backrooms/Content/Characters/UEFN_Mannequin/Animations/Crouch/M_Neutral_Crouch_Start_FR_Lfoot.uasset" 2264
"G:/Projets Unreal en cours/ICAN_Backrooms/Content/Characters/UEFN_Mannequin/Animations/Crouch/M_Neutral_Crouch_Start_FR_Lfoot.uexp" 2265
"G:/Projets Unreal en cours/ICAN_Backrooms/Content/Characters/UEFN_Mannequin/Animations/Crouch/M_Neutral_Crouch_Start_RR_Lfoot.uasset" 2266
"G:/Projets Unreal en cours/ICAN_Backrooms/Content/Characters/UEFN_Mannequin/Animations/Crouch/M_Neutral_Crouch_Start_RR_Lfoot.uexp" 2267
"G:/Projets Unreal en cours/ICAN_Backrooms/Content/Characters/UEFN_Mannequin/Animations/Crouch/M_Neutral_Crouch_Start_FL_Lfoot.uasset" 2268
"G:/Projets Unreal en cours/ICAN_Backrooms/Content/Characters/UEFN_Mannequin/Animations/Crouch/M_Neutral_Crouch_Start_FL_Lfoot.uexp" 2269
"G:/Projets Unreal en cours/ICAN_Backrooms/Content/Characters/UEFN_Mannequin/Animations/Crouch/M_Neutral_Crouch_Start_LL_Rfoot.uasset" 2270
"G:/Projets Unreal en cours/ICAN_Backrooms/Content/Characters/UEFN_Mannequin/Animations/Crouch/M_Neutral_Crouch_Start_LL_Rfoot.uexp" 2271
"G:/Projets Unreal en cours/ICAN_Backrooms/Content/Characters/UEFN_Mannequin/Animations/Crouch/M_Neutral_Crouch_Start_RL_Lfoot.uasset" 2272
"G:/Projets Unreal en cours/ICAN_Backrooms/Content/Characters/UEFN_Mannequin/Animations/Crouch/M_Neutral_Crouch_Start_RL_Lfoot.uexp" 2273
"G:/Projets Unreal en cours/ICAN_Backrooms/Content/Characters/UEFN_Mannequin/Animations/Crouch/M_Neutral_Crouch_Start_BR_Rfoot.uasset" 2274
"G:/Projets Unreal en cours/ICAN_Backrooms/Content/Characters/UEFN_Mannequin/Animations/Crouch/M_Neutral_Crouch_Start_BR_Rfoot.uexp" 2275
"G:/Projets Unreal en cours/ICAN_Backrooms/Content/Characters/UEFN_Mannequin/Animations/Crouch/M_Neutral_Crouch_Start_BL_Rfoot.uasset" 2276
"G:/Projets Unreal en cours/ICAN_Backrooms/Content/Characters/UEFN_Mannequin/Animations/Crouch/M_Neutral_Crouch_Start_BL_Rfoot.uexp" 2277
"G:/Projets Unreal en cours/ICAN_Backrooms/Content/Characters/UEFN_Mannequin/Animations/Crouch/M_Neutral_Crouch_Reface_Start_F_L_180.uasset" 2278
"G:/Projets Unreal en cours/ICAN_Backrooms/Content/Characters/UEFN_Mannequin/Animations/Crouch/M_Neutral_Crouch_Reface_Start_F_L_180.uexp" 2279
"G:/Projets Unreal en cours/ICAN_Backrooms/Content/Characters/UEFN_Mannequin/Animations/Crouch/M_Neutral_Crouch_Start_BR_Lfoot.uasset" 2280
"G:/Projets Unreal en cours/ICAN_Backrooms/Content/Characters/UEFN_Mannequin/Animations/Crouch/M_Neutral_Crouch_Start_BR_Lfoot.uexp" 2281
"G:/Projets Unreal en cours/ICAN_Backrooms/Content/Characters/UEFN_Mannequin/Animations/Crouch/M_Neutral_Crouch_Start_RR_Rfoot.uasset" 2282
"G:/Projets Unreal en cours/ICAN_Backrooms/Content/Characters/UEFN_Mannequin/Animations/Crouch/M_Neutral_Crouch_Start_RR_Rfoot.uexp" 2283
"G:/Projets Unreal en cours/ICAN_Backrooms/Content/Characters/UEFN_Mannequin/Animations/MotionMatchingData/Databases/Dense/PSD_Dense_Crouch_Walk_Starts.uasset" 2284
"G:/Projets Unreal en cours/ICAN_Backrooms/Content/Characters/UEFN_Mannequin/Animations/MotionMatchingData/Databases/Dense/PSD_Dense_Crouch_Walk_Starts.uexp" 2285
"G:/Projets Unreal en cours/ICAN_Backrooms/Content/Characters/UEFN_Mannequin/Animations/Walk/M_Neutral_Walk_Reface_Start_F_R_090.uasset" 2286
"G:/Projets Unreal en cours/ICAN_Backrooms/Content/Characters/UEFN_Mannequin/Animations/Walk/M_Neutral_Walk_Reface_Start_F_R_090.uexp" 2287
"G:/Projets Unreal en cours/ICAN_Backrooms/Content/Characters/UEFN_Mannequin/Animations/Walk/M_Neutral_Walk_Reface_Start_B_R_090.uasset" 2288
"G:/Projets Unreal en cours/ICAN_Backrooms/Content/Characters/UEFN_Mannequin/Animations/Walk/M_Neutral_Walk_Reface_Start_B_R_090.uexp" 2289
"G:/Projets Unreal en cours/ICAN_Backrooms/Content/Characters/UEFN_Mannequin/Animations/Walk/M_Neutral_Walk_Reface_Start_B_L_090.uasset" 2290
"G:/Projets Unreal en cours/ICAN_Backrooms/Content/Characters/UEFN_Mannequin/Animations/Walk/M_Neutral_Walk_Reface_Start_B_L_090.uexp" 2291
"G:/Projets Unreal en cours/ICAN_Backrooms/Content/Characters/UEFN_Mannequin/Animations/Walk/M_Neutral_Walk_Reface_Start_B_L_180.uasset" 2292
"G:/Projets Unreal en cours/ICAN_Backrooms/Content/Characters/UEFN_Mannequin/Animations/Walk/M_Neutral_Walk_Reface_Start_B_L_180.uexp" 2293
"G:/Projets Unreal en cours/ICAN_Backrooms/Content/Characters/UEFN_Mannequin/Animations/Walk/M_Neutral_Walk_Reface_Start_F_L_180.uasset" 2294
"G:/Projets Unreal en cours/ICAN_Backrooms/Content/Characters/UEFN_Mannequin/Animations/Walk/M_Neutral_Walk_Reface_Start_F_L_180.uexp" 2295
"G:/Projets Unreal en cours/ICAN_Backrooms/Content/Characters/UEFN_Mannequin/Animations/Walk/M_Neutral_Walk_Reface_Start_F_R_180.uasset" 2296
"G:/Projets Unreal en cours/ICAN_Backrooms/Content/Characters/UEFN_Mannequin/Animations/Walk/M_Neutral_Walk_Reface_Start_F_R_180.uexp" 2297
"G:/Projets Unreal en cours/ICAN_Backrooms/Content/Characters/UEFN_Mannequin/Animations/Walk/M_Neutral_Walk_Reface_Start_B_R_180.uasset" 2298
"G:/Projets Unreal en cours/ICAN_Backrooms/Content/Characters/UEFN_Mannequin/Animations/Walk/M_Neutral_Walk_Reface_Start_B_R_180.uexp" 2299
"G:/Projets Unreal en cours/ICAN_Backrooms/Content/Characters/UEFN_Mannequin/Animations/Walk/M_Neutral_Walk_Reface_Start_F_L_090.uasset" 2300
"G:/Projets Unreal en cours/ICAN_Backrooms/Content/Characters/UEFN_Mannequin/Animations/Walk/M_Neutral_Walk_Reface_Start_F_L_090.uexp" 2301
"G:/Projets Unreal en cours/ICAN_Backrooms/Content/Characters/UEFN_Mannequin/Animations/MotionMatchingData/Databases/Dense/PSD_Dense_Stand_Walk_SpinTransition.uasset" 2302
"G:/Projets Unreal en cours/ICAN_Backrooms/Content/Characters/UEFN_Mannequin/Animations/MotionMatchingData/Databases/Dense/PSD_Dense_Stand_Walk_SpinTransition.uexp" 2303
"G:/Projets Unreal en cours/ICAN_Backrooms/Content/Characters/UEFN_Mannequin/Animations/Idle/M_Neutral_Stand_Turn_135_R.uasset" 2304
"G:/Projets Unreal en cours/ICAN_Backrooms/Content/Characters/UEFN_Mannequin/Animations/Idle/M_Neutral_Stand_Turn_135_R.uexp" 2305
"G:/Projets Unreal en cours/ICAN_Backrooms/Content/Characters/UEFN_Mannequin/Animations/Idle/M_Neutral_Stand_Turn_045_L.uasset" 2306
"G:/Projets Unreal en cours/ICAN_Backrooms/Content/Characters/UEFN_Mannequin/Animations/Idle/M_Neutral_Stand_Turn_045_L.uexp" 2307
"G:/Projets Unreal en cours/ICAN_Backrooms/Content/Characters/UEFN_Mannequin/Animations/Idle/M_Neutral_Stand_Turn_090_L.uasset" 2308
"G:/Projets Unreal en cours/ICAN_Backrooms/Content/Characters/UEFN_Mannequin/Animations/Idle/M_Neutral_Stand_Turn_090_L.uexp" 2309
"G:/Projets Unreal en cours/ICAN_Backrooms/Content/Characters/UEFN_Mannequin/Animations/Idle/M_Neutral_Stand_Turn_135_L.uasset" 2310
"G:/Projets Unreal en cours/ICAN_Backrooms/Content/Characters/UEFN_Mannequin/Animations/Idle/M_Neutral_Stand_Turn_135_L.uexp" 2311
"G:/Projets Unreal en cours/ICAN_Backrooms/Content/Characters/UEFN_Mannequin/Animations/Idle/M_Neutral_Stand_Turn_180_L.uasset" 2312
"G:/Projets Unreal en cours/ICAN_Backrooms/Content/Characters/UEFN_Mannequin/Animations/Idle/M_Neutral_Stand_Turn_180_L.uexp" 2313
"G:/Projets Unreal en cours/ICAN_Backrooms/Content/Characters/UEFN_Mannequin/Animations/Idle/M_Neutral_Stand_Turn_180_R.uasset" 2314
"G:/Projets Unreal en cours/ICAN_Backrooms/Content/Characters/UEFN_Mannequin/Animations/Idle/M_Neutral_Stand_Turn_180_R.uexp" 2315
"G:/Projets Unreal en cours/ICAN_Backrooms/Content/Characters/UEFN_Mannequin/Animations/Idle/M_Neutral_Stand_Turn_090_R.uasset" 2316
"G:/Projets Unreal en cours/ICAN_Backrooms/Content/Characters/UEFN_Mannequin/Animations/Idle/M_Neutral_Stand_Turn_090_R.uexp" 2317
"G:/Projets Unreal en cours/ICAN_Backrooms/Content/Characters/UEFN_Mannequin/Animations/Idle/M_Neutral_Stand_Turn_045_R.uasset" 2318
"G:/Projets Unreal en cours/ICAN_Backrooms/Content/Characters/UEFN_Mannequin/Animations/Idle/M_Neutral_Stand_Turn_045_R.uexp" 2319
"G:/Projets Unreal en cours/ICAN_Backrooms/Content/Characters/UEFN_Mannequin/Animations/MotionMatchingData/Databases/Dense/PSD_Dense_Stand_TurnInPlace.uasset" 2320
"G:/Projets Unreal en cours/ICAN_Backrooms/Content/Characters/UEFN_Mannequin/Animations/MotionMatchingData/Databases/Dense/PSD_Dense_Stand_TurnInPlace.uexp" 2321
"G:/Projets Unreal en cours/ICAN_Backrooms/Content/Characters/UEFN_Mannequin/Animations/Traversal/Hurdle/M_Neutral_Traversal_Hurdle_1_0_run_F_Lfoot.uasset" 2322
"G:/Projets Unreal en cours/ICAN_Backrooms/Content/Characters/UEFN_Mannequin/Animations/Traversal/Hurdle/M_Neutral_Traversal_Hurdle_1_0_run_F_Lfoot.uexp" 2323
"G:/Projets Unreal en cours/ICAN_Backrooms/Content/Characters/UEFN_Mannequin/Animations/Traversal/Hurdle/M_Neutral_Traversal_Hurdle_1_0_run_F_Rfoot.uasset" 2324
"G:/Projets Unreal en cours/ICAN_Backrooms/Content/Characters/UEFN_Mannequin/Animations/Traversal/Hurdle/M_Neutral_Traversal_Hurdle_1_0_run_F_Rfoot.uexp" 2325
"G:/Projets Unreal en cours/ICAN_Backrooms/Content/Characters/UEFN_Mannequin/Animations/Traversal/Mantle/M_Neutral_Traversal_Mantle_1_0_run_F_Rfoot.uasset" 2326
"G:/Projets Unreal en cours/ICAN_Backrooms/Content/Characters/UEFN_Mannequin/Animations/Traversal/Mantle/M_Neutral_Traversal_Mantle_1_0_run_F_Rfoot.uexp" 2327
"G:/Projets Unreal en cours/ICAN_Backrooms/Content/Characters/UEFN_Mannequin/Animations/Traversal/Hurdle/M_Neutral_Traversal_Hurdle_1_0_run_F_V2_Lfoot.uasset" 2328
"G:/Projets Unreal en cours/ICAN_Backrooms/Content/Characters/UEFN_Mannequin/Animations/Traversal/Hurdle/M_Neutral_Traversal_Hurdle_1_0_run_F_V2_Lfoot.uexp" 2329
"G:/Projets Unreal en cours/ICAN_Backrooms/Content/Characters/UEFN_Mannequin/Animations/MotionMatchingData/Databases/Dense/PSD_Dense_Stand_Run_FromTraversal.uasset" 2330
"G:/Projets Unreal en cours/ICAN_Backrooms/Content/Characters/UEFN_Mannequin/Animations/MotionMatchingData/Databases/Dense/PSD_Dense_Stand_Run_FromTraversal.uexp" 2331
"G:/Projets Unreal en cours/ICAN_Backrooms/Content/Characters/UEFN_Mannequin/Animations/Crouch/M_Neutral_Crouch_Stop_BL_Lfoot.uasset" 2332
"G:/Projets Unreal en cours/ICAN_Backrooms/Content/Characters/UEFN_Mannequin/Animations/Crouch/M_Neutral_Crouch_Stop_BL_Lfoot.uexp" 2333
"G:/Projets Unreal en cours/ICAN_Backrooms/Content/Characters/UEFN_Mannequin/Animations/Crouch/M_Neutral_Crouch_Stop_F_Rfoot.uasset" 2334
"G:/Projets Unreal en cours/ICAN_Backrooms/Content/Characters/UEFN_Mannequin/Animations/Crouch/M_Neutral_Crouch_Stop_F_Rfoot.uexp" 2335
"G:/Projets Unreal en cours/ICAN_Backrooms/Content/Characters/UEFN_Mannequin/Animations/Crouch/M_Neutral_Crouch_Stop_RR_Rfoot.uasset" 2336
"G:/Projets Unreal en cours/ICAN_Backrooms/Content/Characters/UEFN_Mannequin/Animations/Crouch/M_Neutral_Crouch_Stop_RR_Rfoot.uexp" 2337
"G:/Projets Unreal en cours/ICAN_Backrooms/Content/Characters/UEFN_Mannequin/Animations/Crouch/M_Neutral_Crouch_Stop_BR_Rfoot.uasset" 2338
"G:/Projets Unreal en cours/ICAN_Backrooms/Content/Characters/UEFN_Mannequin/Animations/Crouch/M_Neutral_Crouch_Stop_BR_Rfoot.uexp" 2339
"G:/Projets Unreal en cours/ICAN_Backrooms/Content/Characters/UEFN_Mannequin/Animations/Crouch/M_Neutral_Crouch_Stop_FL_Rfoot.uasset" 2340
"G:/Projets Unreal en cours/ICAN_Backrooms/Content/Characters/UEFN_Mannequin/Animations/Crouch/M_Neutral_Crouch_Stop_FL_Rfoot.uexp" 2341
"G:/Projets Unreal en cours/ICAN_Backrooms/Content/Characters/UEFN_Mannequin/Animations/Crouch/M_Neutral_Crouch_Stop_FR_Lfoot.uasset" 2342
"G:/Projets Unreal en cours/ICAN_Backrooms/Content/Characters/UEFN_Mannequin/Animations/Crouch/M_Neutral_Crouch_Stop_FR_Lfoot.uexp" 2343
"G:/Projets Unreal en cours/ICAN_Backrooms/Content/Characters/UEFN_Mannequin/Animations/Crouch/M_Neutral_Crouch_Stop_LL_Rfoot.uasset" 2344
"G:/Projets Unreal en cours/ICAN_Backrooms/Content/Characters/UEFN_Mannequin/Animations/Crouch/M_Neutral_Crouch_Stop_LL_Rfoot.uexp" 2345
"G:/Projets Unreal en cours/ICAN_Backrooms/Content/Characters/UEFN_Mannequin/Animations/Crouch/M_Neutral_Crouch_Stop_LL_Lfoot.uasset" 2346
"G:/Projets Unreal en cours/ICAN_Backrooms/Content/Characters/UEFN_Mannequin/Animations/Crouch/M_Neutral_Crouch_Stop_LL_Lfoot.uexp" 2347
"G:/Projets Unreal en cours/ICAN_Backrooms/Content/Characters/UEFN_Mannequin/Animations/Crouch/M_Neutral_Crouch_Stop_LR_Lfoot.uasset" 2348
"G:/Projets Unreal en cours/ICAN_Backrooms/Content/Characters/UEFN_Mannequin/Animations/Crouch/M_Neutral_Crouch_Stop_LR_Lfoot.uexp" 2349
"G:/Projets Unreal en cours/ICAN_Backrooms/Content/Characters/UEFN_Mannequin/Animations/Crouch/M_Neutral_Crouch_Stop_F_Lfoot.uasset" 2350
"G:/Projets Unreal en cours/ICAN_Backrooms/Content/Characters/UEFN_Mannequin/Animations/Crouch/M_Neutral_Crouch_Stop_F_Lfoot.uexp" 2351
"G:/Projets Unreal en cours/ICAN_Backrooms/Content/Characters/UEFN_Mannequin/Animations/Crouch/M_Neutral_Crouch_Stop_RL_Lfoot.uasset" 2352
"G:/Projets Unreal en cours/ICAN_Backrooms/Content/Characters/UEFN_Mannequin/Animations/Crouch/M_Neutral_Crouch_Stop_RL_Lfoot.uexp" 2353
"G:/Projets Unreal en cours/ICAN_Backrooms/Content/Characters/UEFN_Mannequin/Animations/Crouch/M_Neutral_Crouch_Stop_FR_Rtfoot.uasset" 2354
"G:/Projets Unreal en cours/ICAN_Backrooms/Content/Characters/UEFN_Mannequin/Animations/Crouch/M_Neutral_Crouch_Stop_FR_Rtfoot.uexp" 2355
"G:/Projets Unreal en cours/ICAN_Backrooms/Content/Characters/UEFN_Mannequin/Animations/Crouch/M_Neutral_Crouch_Stop_FL_Lfoot.uasset" 2356
"G:/Projets Unreal en cours/ICAN_Backrooms/Content/Characters/UEFN_Mannequin/Animations/Crouch/M_Neutral_Crouch_Stop_FL_Lfoot.uexp" 2357
"G:/Projets Unreal en cours/ICAN_Backrooms/Content/Characters/UEFN_Mannequin/Animations/Crouch/M_Neutral_Crouch_Stop_BR_Lfoot.uasset" 2358
"G:/Projets Unreal en cours/ICAN_Backrooms/Content/Characters/UEFN_Mannequin/Animations/Crouch/M_Neutral_Crouch_Stop_BR_Lfoot.uexp" 2359
"G:/Projets Unreal en cours/ICAN_Backrooms/Content/Characters/UEFN_Mannequin/Animations/Crouch/M_Neutral_Crouch_Stop_B_Rfoot.uasset" 2360
"G:/Projets Unreal en cours/ICAN_Backrooms/Content/Characters/UEFN_Mannequin/Animations/Crouch/M_Neutral_Crouch_Stop_B_Rfoot.uexp" 2361
"G:/Projets Unreal en cours/ICAN_Backrooms/Content/Characters/UEFN_Mannequin/Animations/Crouch/M_Neutral_Crouch_Stop_RL_Rfoot.uasset" 2362
"G:/Projets Unreal en cours/ICAN_Backrooms/Content/Characters/UEFN_Mannequin/Animations/Crouch/M_Neutral_Crouch_Stop_RL_Rfoot.uexp" 2363
"G:/Projets Unreal en cours/ICAN_Backrooms/Content/Characters/UEFN_Mannequin/Animations/Crouch/M_Neutral_Crouch_Stop_BL_Rfoot.uasset" 2364
"G:/Projets Unreal en cours/ICAN_Backrooms/Content/Characters/UEFN_Mannequin/Animations/Crouch/M_Neutral_Crouch_Stop_BL_Rfoot.uexp" 2365
"G:/Projets Unreal en cours/ICAN_Backrooms/Content/Characters/UEFN_Mannequin/Animations/Crouch/M_Neutral_Crouch_Stop_RR_Lfoot.uasset" 2366
"G:/Projets Unreal en cours/ICAN_Backrooms/Content/Characters/UEFN_Mannequin/Animations/Crouch/M_Neutral_Crouch_Stop_RR_Lfoot.uexp" 2367
"G:/Projets Unreal en cours/ICAN_Backrooms/Content/Characters/UEFN_Mannequin/Animations/MotionMatchingData/Databases/Dense/PSD_Dense_Crouch_Walk_Stops.uasset" 2368
"G:/Projets Unreal en cours/ICAN_Backrooms/Content/Characters/UEFN_Mannequin/Animations/MotionMatchingData/Databases/Dense/PSD_Dense_Crouch_Walk_Stops.uexp" 2369
"G:/Projets Unreal en cours/ICAN_Backrooms/Content/Characters/UEFN_Mannequin/Animations/Sprint/M_Neutral_Sprint_Diamond_FR_FL_Lfoot.uasset" 2370
"G:/Projets Unreal en cours/ICAN_Backrooms/Content/Characters/UEFN_Mannequin/Animations/Sprint/M_Neutral_Sprint_Diamond_FR_FL_Lfoot.uexp" 2371
"G:/Projets Unreal en cours/ICAN_Backrooms/Content/Characters/UEFN_Mannequin/Animations/Sprint/M_Neutral_Sprint_Turn_L_090_Rfoot.uasset" 2372
"G:/Projets Unreal en cours/ICAN_Backrooms/Content/Characters/UEFN_Mannequin/Animations/Sprint/M_Neutral_Sprint_Turn_L_090_Rfoot.uexp" 2373
"G:/Projets Unreal en cours/ICAN_Backrooms/Content/Characters/UEFN_Mannequin/Animations/Sprint/M_Neutral_Sprint_Turn_R_180_Rfoot.uasset" 2374
"G:/Projets Unreal en cours/ICAN_Backrooms/Content/Characters/UEFN_Mannequin/Animations/Sprint/M_Neutral_Sprint_Turn_R_180_Rfoot.uexp" 2375
"G:/Projets Unreal en cours/ICAN_Backrooms/Content/Characters/UEFN_Mannequin/Animations/Sprint/M_Neutral_Sprint_Turn_R_180_Lfoot.uasset" 2376
"G:/Projets Unreal en cours/ICAN_Backrooms/Content/Characters/UEFN_Mannequin/Animations/Sprint/M_Neutral_Sprint_Turn_R_180_Lfoot.uexp" 2377
"G:/Projets Unreal en cours/ICAN_Backrooms/Content/Characters/UEFN_Mannequin/Animations/Sprint/M_Neutral_Sprint_Turn_L_090_Lfoot.uasset" 2378
"G:/Projets Unreal en cours/ICAN_Backrooms/Content/Characters/UEFN_Mannequin/Animations/Sprint/M_Neutral_Sprint_Turn_L_090_Lfoot.uexp" 2379
"G:/Projets Unreal en cours/ICAN_Backrooms/Content/Characters/UEFN_Mannequin/Animations/Sprint/M_Neutral_Sprint_Turn_R_090_Lfoot.uasset" 2380
"G:/Projets Unreal en cours/ICAN_Backrooms/Content/Characters/UEFN_Mannequin/Animations/Sprint/M_Neutral_Sprint_Turn_R_090_Lfoot.uexp" 2381
"G:/Projets Unreal en cours/ICAN_Backrooms/Content/Characters/UEFN_Mannequin/Animations/Sprint/M_Neutral_Sprint_Diamond_FL_FR_Lfoot.uasset" 2382
"G:/Projets Unreal en cours/ICAN_Backrooms/Content/Characters/UEFN_Mannequin/Animations/Sprint/M_Neutral_Sprint_Diamond_FL_FR_Lfoot.uexp" 2383
"G:/Projets Unreal en cours/ICAN_Backrooms/Content/Characters/UEFN_Mannequin/Animations/Sprint/M_Neutral_Sprint_Turn_R_090_Rfoot.uasset" 2384
"G:/Projets Unreal en cours/ICAN_Backrooms/Content/Characters/UEFN_Mannequin/Animations/Sprint/M_Neutral_Sprint_Turn_R_090_Rfoot.uexp" 2385
"G:/Projets Unreal en cours/ICAN_Backrooms/Content/Characters/UEFN_Mannequin/Animations/Sprint/M_Neutral_Sprint_Turn_L_180_Lfoot.uasset" 2386
"G:/Projets Unreal en cours/ICAN_Backrooms/Content/Characters/UEFN_Mannequin/Animations/Sprint/M_Neutral_Sprint_Turn_L_180_Lfoot.uexp" 2387
"G:/Projets Unreal en cours/ICAN_Backrooms/Content/Characters/UEFN_Mannequin/Animations/Sprint/M_Neutral_Sprint_Diamond_FL_FR_Rfoot.uasset" 2388
"G:/Projets Unreal en cours/ICAN_Backrooms/Content/Characters/UEFN_Mannequin/Animations/Sprint/M_Neutral_Sprint_Diamond_FL_FR_Rfoot.uexp" 2389
"G:/Projets Unreal en cours/ICAN_Backrooms/Content/Characters/UEFN_Mannequin/Animations/Sprint/M_Neutral_Sprint_Diamond_FR_FL_Rfoot.uasset" 2390
"G:/Projets Unreal en cours/ICAN_Backrooms/Content/Characters/UEFN_Mannequin/Animations/Sprint/M_Neutral_Sprint_Diamond_FR_FL_Rfoot.uexp" 2391
"G:/Projets Unreal en cours/ICAN_Backrooms/Content/Characters/UEFN_Mannequin/Animations/MotionMatchingData/Databases/Dense/PSD_Dense_Stand_Sprint_Pivots.uasset" 2392
"G:/Projets Unreal en cours/ICAN_Backrooms/Content/Characters/UEFN_Mannequin/Animations/MotionMatchingData/Databases/Dense/PSD_Dense_Stand_Sprint_Pivots.uexp" 2393
"G:/Projets Unreal en cours/ICAN_Backrooms/Content/Characters/UEFN_Mannequin/Animations/Sprint/M_Neutral_Sprint_Stop_FL_Rfoot.uasset" 2394
"G:/Projets Unreal en cours/ICAN_Backrooms/Content/Characters/UEFN_Mannequin/Animations/Sprint/M_Neutral_Sprint_Stop_FL_Rfoot.uexp" 2395
"G:/Projets Unreal en cours/ICAN_Backrooms/Content/Characters/UEFN_Mannequin/Animations/MotionMatchingData/Schemas/PSS_Stop.uasset" 2396
"G:/Projets Unreal en cours/ICAN_Backrooms/Content/Characters/UEFN_Mannequin/Animations/MotionMatchingData/Schemas/PSS_Stop.uexp" 2397
"G:/Projets Unreal en cours/ICAN_Backrooms/Content/Characters/UEFN_Mannequin/Animations/Sprint/M_Neutral_Sprint_Stop_F_Rfoot.uasset" 2398
"G:/Projets Unreal en cours/ICAN_Backrooms/Content/Characters/UEFN_Mannequin/Animations/Sprint/M_Neutral_Sprint_Stop_F_Rfoot.uexp" 2399
"G:/Projets Unreal en cours/ICAN_Backrooms/Content/Characters/UEFN_Mannequin/Animations/Sprint/M_Neutral_Sprint_Stop_FL_Lfoot.uasset" 2400
"G:/Projets Unreal en cours/ICAN_Backrooms/Content/Characters/UEFN_Mannequin/Animations/Sprint/M_Neutral_Sprint_Stop_FL_Lfoot.uexp" 2401
"G:/Projets Unreal en cours/ICAN_Backrooms/Content/Characters/UEFN_Mannequin/Animations/Sprint/M_Neutral_Sprint_Stop_FR_Lfoot.uasset" 2402
"G:/Projets Unreal en cours/ICAN_Backrooms/Content/Characters/UEFN_Mannequin/Animations/Sprint/M_Neutral_Sprint_Stop_FR_Lfoot.uexp" 2403
"G:/Projets Unreal en cours/ICAN_Backrooms/Content/Characters/UEFN_Mannequin/Animations/Sprint/M_Neutral_Sprint_Stop_FR_Rfoot.uasset" 2404
"G:/Projets Unreal en cours/ICAN_Backrooms/Content/Characters/UEFN_Mannequin/Animations/Sprint/M_Neutral_Sprint_Stop_FR_Rfoot.uexp" 2405
"G:/Projets Unreal en cours/ICAN_Backrooms/Content/Characters/UEFN_Mannequin/Animations/Sprint/M_Neutral_Sprint_Stop_F_Lfoot.uasset" 2406
"G:/Projets Unreal en cours/ICAN_Backrooms/Content/Characters/UEFN_Mannequin/Animations/Sprint/M_Neutral_Sprint_Stop_F_Lfoot.uexp" 2407
"G:/Projets Unreal en cours/ICAN_Backrooms/Content/Characters/UEFN_Mannequin/Animations/MotionMatchingData/Databases/Dense/PSD_Dense_Stand_Sprint_Stops.uasset" 2408
"G:/Projets Unreal en cours/ICAN_Backrooms/Content/Characters/UEFN_Mannequin/Animations/MotionMatchingData/Databases/Dense/PSD_Dense_Stand_Sprint_Stops.uexp" 2409
"G:/Projets Unreal en cours/ICAN_Backrooms/Content/Characters/UEFN_Mannequin/Animations/Crouch/M_Neutral_Crouch_Diamond_FR_BR_Rfoot.uasset" 2410
"G:/Projets Unreal en cours/ICAN_Backrooms/Content/Characters/UEFN_Mannequin/Animations/Crouch/M_Neutral_Crouch_Diamond_FR_BR_Rfoot.uexp" 2411
"G:/Projets Unreal en cours/ICAN_Backrooms/Content/Characters/UEFN_Mannequin/Animations/Crouch/M_Neutral_Crouch_Diamond_FR_B_Lfoot.uasset" 2412
"G:/Projets Unreal en cours/ICAN_Backrooms/Content/Characters/UEFN_Mannequin/Animations/Crouch/M_Neutral_Crouch_Diamond_FR_B_Lfoot.uexp" 2413
"G:/Projets Unreal en cours/ICAN_Backrooms/Content/Characters/UEFN_Mannequin/Animations/Crouch/M_Neutral_Crouch_Hourglass_RR_FL_Lfoot.uasset" 2414
"G:/Projets Unreal en cours/ICAN_Backrooms/Content/Characters/UEFN_Mannequin/Animations/Crouch/M_Neutral_Crouch_Hourglass_RR_FL_Lfoot.uexp" 2415
"G:/Projets Unreal en cours/ICAN_Backrooms/Content/Characters/UEFN_Mannequin/Animations/Crouch/M_Neutral_Crouch_Hourglass_RL_FL_Lfoot.uasset" 2416
"G:/Projets Unreal en cours/ICAN_Backrooms/Content/Characters/UEFN_Mannequin/Animations/Crouch/M_Neutral_Crouch_Hourglass_RL_FL_Lfoot.uexp" 2417
"G:/Projets Unreal en cours/ICAN_Backrooms/Content/Characters/UEFN_Mannequin/Animations/Crouch/M_Neutral_Crouch_Pivot_FR_BL_Lfoot.uasset" 2418
"G:/Projets Unreal en cours/ICAN_Backrooms/Content/Characters/UEFN_Mannequin/Animations/Crouch/M_Neutral_Crouch_Pivot_FR_BL_Lfoot.uexp" 2419
"G:/Projets Unreal en cours/ICAN_Backrooms/Content/Characters/UEFN_Mannequin/Animations/Crouch/M_Neutral_Crouch_Hourglass_LL_FR_Lfoot.uasset" 2420
"G:/Projets Unreal en cours/ICAN_Backrooms/Content/Characters/UEFN_Mannequin/Animations/Crouch/M_Neutral_Crouch_Hourglass_LL_FR_Lfoot.uexp" 2421
"G:/Projets Unreal en cours/ICAN_Backrooms/Content/Characters/UEFN_Mannequin/Animations/Crouch/M_Neutral_Crouch_Pivot_FL_BR_Lfoot.uasset" 2422
"G:/Projets Unreal en cours/ICAN_Backrooms/Content/Characters/UEFN_Mannequin/Animations/Crouch/M_Neutral_Crouch_Pivot_FL_BR_Lfoot.uexp" 2423
"G:/Projets Unreal en cours/ICAN_Backrooms/Content/Characters/UEFN_Mannequin/Animations/Crouch/M_Neutral_Crouch_Diamond_FR_FL_Rfoot.uasset" 2424
"G:/Projets Unreal en cours/ICAN_Backrooms/Content/Characters/UEFN_Mannequin/Animations/Crouch/M_Neutral_Crouch_Diamond_FR_FL_Rfoot.uexp" 2425
"G:/Projets Unreal en cours/ICAN_Backrooms/Content/Characters/UEFN_Mannequin/Animations/Crouch/M_Neutral_Crouch_Hourglass_BL_RR_Lfoot.uasset" 2426
"G:/Projets Unreal en cours/ICAN_Backrooms/Content/Characters/UEFN_Mannequin/Animations/Crouch/M_Neutral_Crouch_Hourglass_BL_RR_Lfoot.uexp" 2427
"G:/Projets Unreal en cours/ICAN_Backrooms/Content/Characters/UEFN_Mannequin/Animations/Crouch/M_Neutral_Crouch_Hourglass_FL_RL_Lfoot.uasset" 2428
"G:/Projets Unreal en cours/ICAN_Backrooms/Content/Characters/UEFN_Mannequin/Animations/Crouch/M_Neutral_Crouch_Hourglass_FL_RL_Lfoot.uexp" 2429
"G:/Projets Unreal en cours/ICAN_Backrooms/Content/Characters/UEFN_Mannequin/Animations/Crouch/M_Neutral_Crouch_Diamond_BL_BR_Rfoot.uasset" 2430
"G:/Projets Unreal en cours/ICAN_Backrooms/Content/Characters/UEFN_Mannequin/Animations/Crouch/M_Neutral_Crouch_Diamond_BL_BR_Rfoot.uexp" 2431
"G:/Projets Unreal en cours/ICAN_Backrooms/Content/Characters/UEFN_Mannequin/Animations/Crouch/M_Neutral_Crouch_Turn_R_045_Rfoot.uasset" 2432
"G:/Projets Unreal en cours/ICAN_Backrooms/Content/Characters/UEFN_Mannequin/Animations/Crouch/M_Neutral_Crouch_Turn_R_045_Rfoot.uexp" 2433
"G:/Projets Unreal en cours/ICAN_Backrooms/Content/Characters/UEFN_Mannequin/Animations/Crouch/M_Neutral_Crouch_Box_F_LR_Rfoot.uasset" 2434
"G:/Projets Unreal en cours/ICAN_Backrooms/Content/Characters/UEFN_Mannequin/Animations/Crouch/M_Neutral_Crouch_Box_F_LR_Rfoot.uexp" 2435
"G:/Projets Unreal en cours/ICAN_Backrooms/Content/Characters/UEFN_Mannequin/Animations/Crouch/M_Neutral_Crouch_Diamond_BL_FL_Rfoot.uasset" 2436
"G:/Projets Unreal en cours/ICAN_Backrooms/Content/Characters/UEFN_Mannequin/Animations/Crouch/M_Neutral_Crouch_Diamond_BL_FL_Rfoot.uexp" 2437
"G:/Projets Unreal en cours/ICAN_Backrooms/Content/Characters/UEFN_Mannequin/Animations/Crouch/M_Neutral_Crouch_Hourglass_LR_BR_Lfoot.uasset" 2438
"G:/Projets Unreal en cours/ICAN_Backrooms/Content/Characters/UEFN_Mannequin/Animations/Crouch/M_Neutral_Crouch_Hourglass_LR_BR_Lfoot.uexp" 2439
"G:/Projets Unreal en cours/ICAN_Backrooms/Content/Characters/UEFN_Mannequin/Animations/Crouch/M_Neutral_Crouch_Box_B_RR_Lfoot.uasset" 2440
"G:/Projets Unreal en cours/ICAN_Backrooms/Content/Characters/UEFN_Mannequin/Animations/Crouch/M_Neutral_Crouch_Box_B_RR_Lfoot.uexp" 2441
"G:/Projets Unreal en cours/ICAN_Backrooms/Content/Characters/UEFN_Mannequin/Animations/Crouch/M_Neutral_Crouch_Box_B_RL_Lfoot.uasset" 2442
"G:/Projets Unreal en cours/ICAN_Backrooms/Content/Characters/UEFN_Mannequin/Animations/Crouch/M_Neutral_Crouch_Box_B_RL_Lfoot.uexp" 2443
"G:/Projets Unreal en cours/ICAN_Backrooms/Content/Characters/UEFN_Mannequin/Animations/Crouch/M_Neutral_Crouch_Hourglass_BR_LL_Rfoot.uasset" 2444
"G:/Projets Unreal en cours/ICAN_Backrooms/Content/Characters/UEFN_Mannequin/Animations/Crouch/M_Neutral_Crouch_Hourglass_BR_LL_Rfoot.uexp" 2445
"G:/Projets Unreal en cours/ICAN_Backrooms/Content/Characters/UEFN_Mannequin/Animations/Crouch/M_Neutral_Crouch_Pivot_B_F_Lfoot.uasset" 2446
"G:/Projets Unreal en cours/ICAN_Backrooms/Content/Characters/UEFN_Mannequin/Animations/Crouch/M_Neutral_Crouch_Pivot_B_F_Lfoot.uexp" 2447
"G:/Projets Unreal en cours/ICAN_Backrooms/Content/Characters/UEFN_Mannequin/Animations/Crouch/M_Neutral_Crouch_Pivot_LL_RL_Lfoot.uasset" 2448
"G:/Projets Unreal en cours/ICAN_Backrooms/Content/Characters/UEFN_Mannequin/Animations/Crouch/M_Neutral_Crouch_Pivot_LL_RL_Lfoot.uexp" 2449
"G:/Projets Unreal en cours/ICAN_Backrooms/Content/Characters/UEFN_Mannequin/Animations/Crouch/M_Neutral_Crouch_Turn_L_090_Lfoot.uasset" 2450
"G:/Projets Unreal en cours/ICAN_Backrooms/Content/Characters/UEFN_Mannequin/Animations/Crouch/M_Neutral_Crouch_Turn_L_090_Lfoot.uexp" 2451
"G:/Projets Unreal en cours/ICAN_Backrooms/Content/Characters/UEFN_Mannequin/Animations/Crouch/M_Neutral_Crouch_Box_LL_B_Rfoot.uasset" 2452
"G:/Projets Unreal en cours/ICAN_Backrooms/Content/Characters/UEFN_Mannequin/Animations/Crouch/M_Neutral_Crouch_Box_LL_B_Rfoot.uexp" 2453
"G:/Projets Unreal en cours/ICAN_Backrooms/Content/Characters/UEFN_Mannequin/Animations/Crouch/M_Neutral_Crouch_Diamond_F_BR_Rfoot.uasset" 2454
"G:/Projets Unreal en cours/ICAN_Backrooms/Content/Characters/UEFN_Mannequin/Animations/Crouch/M_Neutral_Crouch_Diamond_F_BR_Rfoot.uexp" 2455
"G:/Projets Unreal en cours/ICAN_Backrooms/Content/Characters/UEFN_Mannequin/Animations/Crouch/M_Neutral_Crouch_Diamond_FL_B_Lfoot.uasset" 2456
"G:/Projets Unreal en cours/ICAN_Backrooms/Content/Characters/UEFN_Mannequin/Animations/Crouch/M_Neutral_Crouch_Diamond_FL_B_Lfoot.uexp" 2457
"G:/Projets Unreal en cours/ICAN_Backrooms/Content/Characters/UEFN_Mannequin/Animations/Crouch/M_Neutral_Crouch_Box_F_RR_Lfoot.uasset" 2458
"G:/Projets Unreal en cours/ICAN_Backrooms/Content/Characters/UEFN_Mannequin/Animations/Crouch/M_Neutral_Crouch_Box_F_RR_Lfoot.uexp" 2459
"G:/Projets Unreal en cours/ICAN_Backrooms/Content/Characters/UEFN_Mannequin/Animations/Crouch/M_Neutral_Crouch_Hourglass_LR_FR_Lfoot.uasset" 2460
"G:/Projets Unreal en cours/ICAN_Backrooms/Content/Characters/UEFN_Mannequin/Animations/Crouch/M_Neutral_Crouch_Hourglass_LR_FR_Lfoot.uexp" 2461
"G:/Projets Unreal en cours/ICAN_Backrooms/Content/Characters/UEFN_Mannequin/Animations/Crouch/M_Neutral_Crouch_Turn_R_180_Rfoot.uasset" 2462
"G:/Projets Unreal en cours/ICAN_Backrooms/Content/Characters/UEFN_Mannequin/Animations/Crouch/M_Neutral_Crouch_Turn_R_180_Rfoot.uexp" 2463
"G:/Projets Unreal en cours/ICAN_Backrooms/Content/Characters/UEFN_Mannequin/Animations/Crouch/M_Neutral_Crouch_Turn_R_045_Lfoot.uasset" 2464
"G:/Projets Unreal en cours/ICAN_Backrooms/Content/Characters/UEFN_Mannequin/Animations/Crouch/M_Neutral_Crouch_Turn_R_045_Lfoot.uexp" 2465
"G:/Projets Unreal en cours/ICAN_Backrooms/Content/Characters/UEFN_Mannequin/Animations/Crouch/M_Neutral_Crouch_Diamond_BR_F_Rfoot.uasset" 2466
"G:/Projets Unreal en cours/ICAN_Backrooms/Content/Characters/UEFN_Mannequin/Animations/Crouch/M_Neutral_Crouch_Diamond_BR_F_Rfoot.uexp" 2467
"G:/Projets Unreal en cours/ICAN_Backrooms/Content/Characters/UEFN_Mannequin/Animations/Crouch/M_Neutral_Crouch_Diamond_B_FR_Rfoot.uasset" 2468
"G:/Projets Unreal en cours/ICAN_Backrooms/Content/Characters/UEFN_Mannequin/Animations/Crouch/M_Neutral_Crouch_Diamond_B_FR_Rfoot.uexp" 2469
"G:/Projets Unreal en cours/ICAN_Backrooms/Content/Characters/UEFN_Mannequin/Animations/Crouch/M_Neutral_Crouch_Diamond_FR_B_Rfoot.uasset" 2470
"G:/Projets Unreal en cours/ICAN_Backrooms/Content/Characters/UEFN_Mannequin/Animations/Crouch/M_Neutral_Crouch_Diamond_FR_B_Rfoot.uexp" 2471
"G:/Projets Unreal en cours/ICAN_Backrooms/Content/Characters/UEFN_Mannequin/Animations/Crouch/M_Neutral_Crouch_Box_F_LL_Rfoot.uasset" 2472
"G:/Projets Unreal en cours/ICAN_Backrooms/Content/Characters/UEFN_Mannequin/Animations/Crouch/M_Neutral_Crouch_Box_F_LL_Rfoot.uexp" 2473
"G:/Projets Unreal en cours/ICAN_Backrooms/Content/Characters/UEFN_Mannequin/Animations/Crouch/M_Neutral_Crouch_Box_B_LR_Rfoot.uasset" 2474
"G:/Projets Unreal en cours/ICAN_Backrooms/Content/Characters/UEFN_Mannequin/Animations/Crouch/M_Neutral_Crouch_Box_B_LR_Rfoot.uexp" 2475
"G:/Projets Unreal en cours/ICAN_Backrooms/Content/Characters/UEFN_Mannequin/Animations/Crouch/M_Neutral_Crouch_Hourglass_RR_BL_Rfoot.uasset" 2476
"G:/Projets Unreal en cours/ICAN_Backrooms/Content/Characters/UEFN_Mannequin/Animations/Crouch/M_Neutral_Crouch_Hourglass_RR_BL_Rfoot.uexp" 2477
"G:/Projets Unreal en cours/ICAN_Backrooms/Content/Characters/UEFN_Mannequin/Animations/Crouch/M_Neutral_Crouch_Diamond_BR_FR_Lfoot.uasset" 2478
"G:/Projets Unreal en cours/ICAN_Backrooms/Content/Characters/UEFN_Mannequin/Animations/Crouch/M_Neutral_Crouch_Diamond_BR_FR_Lfoot.uexp" 2479
"G:/Projets Unreal en cours/ICAN_Backrooms/Content/Characters/UEFN_Mannequin/Animations/Crouch/M_Neutral_Crouch_Diamond_B_FL_Lfoot.uasset" 2480
"G:/Projets Unreal en cours/ICAN_Backrooms/Content/Characters/UEFN_Mannequin/Animations/Crouch/M_Neutral_Crouch_Diamond_B_FL_Lfoot.uexp" 2481
"G:/Projets Unreal en cours/ICAN_Backrooms/Content/Characters/UEFN_Mannequin/Animations/Crouch/M_Neutral_Crouch_Box_B_RL_Rfoot.uasset" 2482
"G:/Projets Unreal en cours/ICAN_Backrooms/Content/Characters/UEFN_Mannequin/Animations/Crouch/M_Neutral_Crouch_Box_B_RL_Rfoot.uexp" 2483
"G:/Projets Unreal en cours/ICAN_Backrooms/Content/Characters/UEFN_Mannequin/Animations/Crouch/M_Neutral_Crouch_Hourglass_RL_BL_Lfoot.uasset" 2484
"G:/Projets Unreal en cours/ICAN_Backrooms/Content/Characters/UEFN_Mannequin/Animations/Crouch/M_Neutral_Crouch_Hourglass_RL_BL_Lfoot.uexp" 2485
"G:/Projets Unreal en cours/ICAN_Backrooms/Content/Characters/UEFN_Mannequin/Animations/Crouch/M_Neutral_Crouch_Hourglass_LR_BR_Rfoot.uasset" 2486
"G:/Projets Unreal en cours/ICAN_Backrooms/Content/Characters/UEFN_Mannequin/Animations/Crouch/M_Neutral_Crouch_Hourglass_LR_BR_Rfoot.uexp" 2487
"G:/Projets Unreal en cours/ICAN_Backrooms/Content/Characters/UEFN_Mannequin/Animations/Crouch/M_Neutral_Crouch_Pivot_FR_BL_Rfoot.uasset" 2488
"G:/Projets Unreal en cours/ICAN_Backrooms/Content/Characters/UEFN_Mannequin/Animations/Crouch/M_Neutral_Crouch_Pivot_FR_BL_Rfoot.uexp" 2489
"G:/Projets Unreal en cours/ICAN_Backrooms/Content/Characters/UEFN_Mannequin/Animations/Crouch/M_Neutral_Crouch_Hourglass_FR_LR_Rfoot.uasset" 2490
"G:/Projets Unreal en cours/ICAN_Backrooms/Content/Characters/UEFN_Mannequin/Animations/Crouch/M_Neutral_Crouch_Hourglass_FR_LR_Rfoot.uexp" 2491
"G:/Projets Unreal en cours/ICAN_Backrooms/Content/Characters/UEFN_Mannequin/Animations/Crouch/M_Neutral_Crouch_Box_RR_F_Lfoot.uasset" 2492
"G:/Projets Unreal en cours/ICAN_Backrooms/Content/Characters/UEFN_Mannequin/Animations/Crouch/M_Neutral_Crouch_Box_RR_F_Lfoot.uexp" 2493
"G:/Projets Unreal en cours/ICAN_Backrooms/Content/Characters/UEFN_Mannequin/Animations/Crouch/M_Neutral_Crouch_Hourglass_BL_RL_Lfoot.uasset" 2494
"G:/Projets Unreal en cours/ICAN_Backrooms/Content/Characters/UEFN_Mannequin/Animations/Crouch/M_Neutral_Crouch_Hourglass_BL_RL_Lfoot.uexp" 2495
"G:/Projets Unreal en cours/ICAN_Backrooms/Content/Characters/UEFN_Mannequin/Animations/Crouch/M_Neutral_Crouch_Box_F_LL_Lfoot.uasset" 2496
"G:/Projets Unreal en cours/ICAN_Backrooms/Content/Characters/UEFN_Mannequin/Animations/Crouch/M_Neutral_Crouch_Box_F_LL_Lfoot.uexp" 2497
"G:/Projets Unreal en cours/ICAN_Backrooms/Content/Characters/UEFN_Mannequin/Animations/Crouch/M_Neutral_Crouch_Hourglass_BR_LL_Lfoot.uasset" 2498
"G:/Projets Unreal en cours/ICAN_Backrooms/Content/Characters/UEFN_Mannequin/Animations/Crouch/M_Neutral_Crouch_Hourglass_BR_LL_Lfoot.uexp" 2499
"G:/Projets Unreal en cours/ICAN_Backrooms/Content/Characters/UEFN_Mannequin/Animations/Crouch/M_Neutral_Crouch_Diamond_BL_FL_Lfoot.uasset" 2500
"G:/Projets Unreal en cours/ICAN_Backrooms/Content/Characters/UEFN_Mannequin/Animations/Crouch/M_Neutral_Crouch_Diamond_BL_FL_Lfoot.uexp" 2501
"G:/Projets Unreal en cours/ICAN_Backrooms/Content/Characters/UEFN_Mannequin/Animations/Crouch/M_Neutral_Crouch_Hourglass_RL_FL_Rfoot.uasset" 2502
"G:/Projets Unreal en cours/ICAN_Backrooms/Content/Characters/UEFN_Mannequin/Animations/Crouch/M_Neutral_Crouch_Hourglass_RL_FL_Rfoot.uexp" 2503
"G:/Projets Unreal en cours/ICAN_Backrooms/Content/Characters/UEFN_Mannequin/Animations/Crouch/M_Neutral_Crouch_Box_LL_B_Lfoot.uasset" 2504
"G:/Projets Unreal en cours/ICAN_Backrooms/Content/Characters/UEFN_Mannequin/Animations/Crouch/M_Neutral_Crouch_Box_LL_B_Lfoot.uexp" 2505
"G:/Projets Unreal en cours/ICAN_Backrooms/Content/Characters/UEFN_Mannequin/Animations/Crouch/M_Neutral_Crouch_Box_LL_F_Lfoot.uasset" 2506
"G:/Projets Unreal en cours/ICAN_Backrooms/Content/Characters/UEFN_Mannequin/Animations/Crouch/M_Neutral_Crouch_Box_LL_F_Lfoot.uexp" 2507
"G:/Projets Unreal en cours/ICAN_Backrooms/Content/Characters/UEFN_Mannequin/Animations/Crouch/M_Neutral_Crouch_Hourglass_RR_FL_Rfoot.uasset" 2508
"G:/Projets Unreal en cours/ICAN_Backrooms/Content/Characters/UEFN_Mannequin/Animations/Crouch/M_Neutral_Crouch_Hourglass_RR_FL_Rfoot.uexp" 2509
"G:/Projets Unreal en cours/ICAN_Backrooms/Content/Characters/UEFN_Mannequin/Animations/Crouch/M_Neutral_Crouch_Hourglass_FL_RL_Rfoot.uasset" 2510
"G:/Projets Unreal en cours/ICAN_Backrooms/Content/Characters/UEFN_Mannequin/Animations/Crouch/M_Neutral_Crouch_Hourglass_FL_RL_Rfoot.uexp" 2511
"G:/Projets Unreal en cours/ICAN_Backrooms/Content/Characters/UEFN_Mannequin/Animations/Crouch/M_Neutral_Crouch_Hourglass_FL_RR_Rfoot.uasset" 2512
"G:/Projets Unreal en cours/ICAN_Backrooms/Content/Characters/UEFN_Mannequin/Animations/Crouch/M_Neutral_Crouch_Hourglass_FL_RR_Rfoot.uexp" 2513
"G:/Projets Unreal en cours/ICAN_Backrooms/Content/Characters/UEFN_Mannequin/Animations/Crouch/M_Neutral_Crouch_Diamond_BL_F_Lfoot.uasset" 2514
"G:/Projets Unreal en cours/ICAN_Backrooms/Content/Characters/UEFN_Mannequin/Animations/Crouch/M_Neutral_Crouch_Diamond_BL_F_Lfoot.uexp" 2515
"G:/Projets Unreal en cours/ICAN_Backrooms/Content/Characters/UEFN_Mannequin/Animations/Crouch/M_Neutral_Crouch_Diamond_B_FR_Lfoot.uasset" 2516
"G:/Projets Unreal en cours/ICAN_Backrooms/Content/Characters/UEFN_Mannequin/Animations/Crouch/M_Neutral_Crouch_Diamond_B_FR_Lfoot.uexp" 2517
"G:/Projets Unreal en cours/ICAN_Backrooms/Content/Characters/UEFN_Mannequin/Animations/Crouch/M_Neutral_Crouch_Diamond_BR_F_Lfoot.uasset" 2518
"G:/Projets Unreal en cours/ICAN_Backrooms/Content/Characters/UEFN_Mannequin/Animations/Crouch/M_Neutral_Crouch_Diamond_BR_F_Lfoot.uexp" 2519
"G:/Projets Unreal en cours/ICAN_Backrooms/Content/Characters/UEFN_Mannequin/Animations/Crouch/M_Neutral_Crouch_Turn_L_135_Lfoot.uasset" 2520
"G:/Projets Unreal en cours/ICAN_Backrooms/Content/Characters/UEFN_Mannequin/Animations/Crouch/M_Neutral_Crouch_Turn_L_135_Lfoot.uexp" 2521
"G:/Projets Unreal en cours/ICAN_Backrooms/Content/Characters/UEFN_Mannequin/Animations/Crouch/M_Neutral_Crouch_Diamond_BL_BR_Lfoot.uasset" 2522
"G:/Projets Unreal en cours/ICAN_Backrooms/Content/Characters/UEFN_Mannequin/Animations/Crouch/M_Neutral_Crouch_Diamond_BL_BR_Lfoot.uexp" 2523
"G:/Projets Unreal en cours/ICAN_Backrooms/Content/Characters/UEFN_Mannequin/Animations/Crouch/M_Neutral_Crouch_Hourglass_FR_LL_Lfoot.uasset" 2524
"G:/Projets Unreal en cours/ICAN_Backrooms/Content/Characters/UEFN_Mannequin/Animations/Crouch/M_Neutral_Crouch_Hourglass_FR_LL_Lfoot.uexp" 2525
"G:/Projets Unreal en cours/ICAN_Backrooms/Content/Characters/UEFN_Mannequin/Animations/Crouch/M_Neutral_Crouch_Hourglass_LL_BR_Lfoot.uasset" 2526
"G:/Projets Unreal en cours/ICAN_Backrooms/Content/Characters/UEFN_Mannequin/Animations/Crouch/M_Neutral_Crouch_Hourglass_LL_BR_Lfoot.uexp" 2527
"G:/Projets Unreal en cours/ICAN_Backrooms/Content/Characters/UEFN_Mannequin/Animations/Crouch/M_Neutral_Crouch_Pivot_F_B_Lfoot.uasset" 2528
"G:/Projets Unreal en cours/ICAN_Backrooms/Content/Characters/UEFN_Mannequin/Animations/Crouch/M_Neutral_Crouch_Pivot_F_B_Lfoot.uexp" 2529
"G:/Projets Unreal en cours/ICAN_Backrooms/Content/Characters/UEFN_Mannequin/Animations/Crouch/M_Neutral_Crouch_Box_B_LL_Rfoot.uasset" 2530
"G:/Projets Unreal en cours/ICAN_Backrooms/Content/Characters/UEFN_Mannequin/Animations/Crouch/M_Neutral_Crouch_Box_B_LL_Rfoot.uexp" 2531
"G:/Projets Unreal en cours/ICAN_Backrooms/Content/Characters/UEFN_Mannequin/Animations/Crouch/M_Neutral_Crouch_Turn_R_135_Rfoot.uasset" 2532
"G:/Projets Unreal en cours/ICAN_Backrooms/Content/Characters/UEFN_Mannequin/Animations/Crouch/M_Neutral_Crouch_Turn_R_135_Rfoot.uexp" 2533
"G:/Projets Unreal en cours/ICAN_Backrooms/Content/Characters/UEFN_Mannequin/Animations/Crouch/M_Neutral_Crouch_Box_F_RR_Rfoot.uasset" 2534
"G:/Projets Unreal en cours/ICAN_Backrooms/Content/Characters/UEFN_Mannequin/Animations/Crouch/M_Neutral_Crouch_Box_F_RR_Rfoot.uexp" 2535
"G:/Projets Unreal en cours/ICAN_Backrooms/Content/Characters/UEFN_Mannequin/Animations/Crouch/M_Neutral_Crouch_Hourglass_BL_RR_Rfoot.uasset" 2536
"G:/Projets Unreal en cours/ICAN_Backrooms/Content/Characters/UEFN_Mannequin/Animations/Crouch/M_Neutral_Crouch_Hourglass_BL_RR_Rfoot.uexp" 2537
"G:/Projets Unreal en cours/ICAN_Backrooms/Content/Characters/UEFN_Mannequin/Animations/Crouch/M_Neutral_Crouch_Diamond_B_FL_Rfoot.uasset" 2538
"G:/Projets Unreal en cours/ICAN_Backrooms/Content/Characters/UEFN_Mannequin/Animations/Crouch/M_Neutral_Crouch_Diamond_B_FL_Rfoot.uexp" 2539
"G:/Projets Unreal en cours/ICAN_Backrooms/Content/Characters/UEFN_Mannequin/Animations/Crouch/M_Neutral_Crouch_Box_F_LR_Lfoot.uasset" 2540
"G:/Projets Unreal en cours/ICAN_Backrooms/Content/Characters/UEFN_Mannequin/Animations/Crouch/M_Neutral_Crouch_Box_F_LR_Lfoot.uexp" 2541
"G:/Projets Unreal en cours/ICAN_Backrooms/Content/Characters/UEFN_Mannequin/Animations/Crouch/M_Neutral_Crouch_Turn_L_135_Rfoot.uasset" 2542
"G:/Projets Unreal en cours/ICAN_Backrooms/Content/Characters/UEFN_Mannequin/Animations/Crouch/M_Neutral_Crouch_Turn_L_135_Rfoot.uexp" 2543
"G:/Projets Unreal en cours/ICAN_Backrooms/Content/Characters/UEFN_Mannequin/Animations/Crouch/M_Neutral_Crouch_Diamond_FL_BL_Lfoot.uasset" 2544
"G:/Projets Unreal en cours/ICAN_Backrooms/Content/Characters/UEFN_Mannequin/Animations/Crouch/M_Neutral_Crouch_Diamond_FL_BL_Lfoot.uexp" 2545
"G:/Projets Unreal en cours/ICAN_Backrooms/Content/Characters/UEFN_Mannequin/Animations/Crouch/M_Neutral_Crouch_Turn_L_090_Rfoot.uasset" 2546
"G:/Projets Unreal en cours/ICAN_Backrooms/Content/Characters/UEFN_Mannequin/Animations/Crouch/M_Neutral_Crouch_Turn_L_090_Rfoot.uexp" 2547
"G:/Projets Unreal en cours/ICAN_Backrooms/Content/Characters/UEFN_Mannequin/Animations/Crouch/M_Neutral_Crouch_Diamond_BR_BL_Rfoot.uasset" 2548
"G:/Projets Unreal en cours/ICAN_Backrooms/Content/Characters/UEFN_Mannequin/Animations/Crouch/M_Neutral_Crouch_Diamond_BR_BL_Rfoot.uexp" 2549
"G:/Projets Unreal en cours/ICAN_Backrooms/Content/Characters/UEFN_Mannequin/Animations/Crouch/M_Neutral_Crouch_Diamond_FR_BR_Lfoot.uasset" 2550
"G:/Projets Unreal en cours/ICAN_Backrooms/Content/Characters/UEFN_Mannequin/Animations/Crouch/M_Neutral_Crouch_Diamond_FR_BR_Lfoot.uexp" 2551
"G:/Projets Unreal en cours/ICAN_Backrooms/Content/Characters/UEFN_Mannequin/Animations/Crouch/M_Neutral_Crouch_Hourglass_LR_FR_Rfoot.uasset" 2552
"G:/Projets Unreal en cours/ICAN_Backrooms/Content/Characters/UEFN_Mannequin/Animations/Crouch/M_Neutral_Crouch_Hourglass_LR_FR_Rfoot.uexp" 2553
"G:/Projets Unreal en cours/ICAN_Backrooms/Content/Characters/UEFN_Mannequin/Animations/Crouch/M_Neutral_Crouch_Pivot_FL_BR_Rfoot.uasset" 2554
"G:/Projets Unreal en cours/ICAN_Backrooms/Content/Characters/UEFN_Mannequin/Animations/Crouch/M_Neutral_Crouch_Pivot_FL_BR_Rfoot.uexp" 2555
"G:/Projets Unreal en cours/ICAN_Backrooms/Content/Characters/UEFN_Mannequin/Animations/Crouch/M_Neutral_Crouch_Pivot_BL_FR_Rfoot.uasset" 2556
"G:/Projets Unreal en cours/ICAN_Backrooms/Content/Characters/UEFN_Mannequin/Animations/Crouch/M_Neutral_Crouch_Pivot_BL_FR_Rfoot.uexp" 2557
"G:/Projets Unreal en cours/ICAN_Backrooms/Content/Characters/UEFN_Mannequin/Animations/Crouch/M_Neutral_Crouch_Hourglass_RL_BL_Rfoot.uasset" 2558
"G:/Projets Unreal en cours/ICAN_Backrooms/Content/Characters/UEFN_Mannequin/Animations/Crouch/M_Neutral_Crouch_Hourglass_RL_BL_Rfoot.uexp" 2559
"G:/Projets Unreal en cours/ICAN_Backrooms/Content/Characters/UEFN_Mannequin/Animations/Crouch/M_Neutral_Crouch_Pivot_RL_LL_Lfoot.uasset" 2560
"G:/Projets Unreal en cours/ICAN_Backrooms/Content/Characters/UEFN_Mannequin/Animations/Crouch/M_Neutral_Crouch_Pivot_RL_LL_Lfoot.uexp" 2561
"G:/Projets Unreal en cours/ICAN_Backrooms/Content/Characters/UEFN_Mannequin/Animations/Crouch/M_Neutral_Crouch_Hourglass_FR_LL_Rfoot.uasset" 2562
"G:/Projets Unreal en cours/ICAN_Backrooms/Content/Characters/UEFN_Mannequin/Animations/Crouch/M_Neutral_Crouch_Hourglass_FR_LL_Rfoot.uexp" 2563
"G:/Projets Unreal en cours/ICAN_Backrooms/Content/Characters/UEFN_Mannequin/Animations/Crouch/M_Neutral_Crouch_Diamond_BR_BL_Lfoot.uasset" 2564
"G:/Projets Unreal en cours/ICAN_Backrooms/Content/Characters/UEFN_Mannequin/Animations/Crouch/M_Neutral_Crouch_Diamond_BR_BL_Lfoot.uexp" 2565
"G:/Projets Unreal en cours/ICAN_Backrooms/Content/Characters/UEFN_Mannequin/Animations/Crouch/M_Neutral_Crouch_Diamond_BR_FR_Rfoot.uasset" 2566
"G:/Projets Unreal en cours/ICAN_Backrooms/Content/Characters/UEFN_Mannequin/Animations/Crouch/M_Neutral_Crouch_Diamond_BR_FR_Rfoot.uexp" 2567
"G:/Projets Unreal en cours/ICAN_Backrooms/Content/Characters/UEFN_Mannequin/Animations/Crouch/M_Neutral_Crouch_Diamond_FL_FR_Rfoot.uasset" 2568
"G:/Projets Unreal en cours/ICAN_Backrooms/Content/Characters/UEFN_Mannequin/Animations/Crouch/M_Neutral_Crouch_Diamond_FL_FR_Rfoot.uexp" 2569
"G:/Projets Unreal en cours/ICAN_Backrooms/Content/Characters/UEFN_Mannequin/Animations/Crouch/M_Neutral_Crouch_Box_LR_B_Rfoot.uasset" 2570
"G:/Projets Unreal en cours/ICAN_Backrooms/Content/Characters/UEFN_Mannequin/Animations/Crouch/M_Neutral_Crouch_Box_LR_B_Rfoot.uexp" 2571
"G:/Projets Unreal en cours/ICAN_Backrooms/Content/Characters/UEFN_Mannequin/Animations/Crouch/M_Neutral_Crouch_Pivot_F_B_Rfoot.uasset" 2572
"G:/Projets Unreal en cours/ICAN_Backrooms/Content/Characters/UEFN_Mannequin/Animations/Crouch/M_Neutral_Crouch_Pivot_F_B_Rfoot.uexp" 2573
"G:/Projets Unreal en cours/ICAN_Backrooms/Content/Characters/UEFN_Mannequin/Animations/Crouch/M_Neutral_Crouch_Box_LR_F_Rfoot.uasset" 2574
"G:/Projets Unreal en cours/ICAN_Backrooms/Content/Characters/UEFN_Mannequin/Animations/Crouch/M_Neutral_Crouch_Box_LR_F_Rfoot.uexp" 2575
"G:/Projets Unreal en cours/ICAN_Backrooms/Content/Characters/UEFN_Mannequin/Animations/Crouch/M_Neutral_Crouch_Box_B_RR_Rfoot.uasset" 2576
"G:/Projets Unreal en cours/ICAN_Backrooms/Content/Characters/UEFN_Mannequin/Animations/Crouch/M_Neutral_Crouch_Box_B_RR_Rfoot.uexp" 2577
"G:/Projets Unreal en cours/ICAN_Backrooms/Content/Characters/UEFN_Mannequin/Animations/Crouch/M_Neutral_Crouch_Diamond_F_BL_Lfoot.uasset" 2578
"G:/Projets Unreal en cours/ICAN_Backrooms/Content/Characters/UEFN_Mannequin/Animations/Crouch/M_Neutral_Crouch_Diamond_F_BL_Lfoot.uexp" 2579
"G:/Projets Unreal en cours/ICAN_Backrooms/Content/Characters/UEFN_Mannequin/Animations/Crouch/M_Neutral_Crouch_Hourglass_BL_RL_Rfoot.uasset" 2580
"G:/Projets Unreal en cours/ICAN_Backrooms/Content/Characters/UEFN_Mannequin/Animations/Crouch/M_Neutral_Crouch_Hourglass_BL_RL_Rfoot.uexp" 2581
"G:/Projets Unreal en cours/ICAN_Backrooms/Content/Characters/UEFN_Mannequin/Animations/Crouch/M_Neutral_Crouch_Pivot_LR_RR_Rfoot.uasset" 2582
"G:/Projets Unreal en cours/ICAN_Backrooms/Content/Characters/UEFN_Mannequin/Animations/Crouch/M_Neutral_Crouch_Pivot_LR_RR_Rfoot.uexp" 2583
"G:/Projets Unreal en cours/ICAN_Backrooms/Content/Characters/UEFN_Mannequin/Animations/Crouch/M_Neutral_Crouch_Box_RR_F_Rfoot.uasset" 2584
"G:/Projets Unreal en cours/ICAN_Backrooms/Content/Characters/UEFN_Mannequin/Animations/Crouch/M_Neutral_Crouch_Box_RR_F_Rfoot.uexp" 2585
"G:/Projets Unreal en cours/ICAN_Backrooms/Content/Characters/UEFN_Mannequin/Animations/Crouch/M_Neutral_Crouch_Turn_L_045_Lfoot.uasset" 2586
"G:/Projets Unreal en cours/ICAN_Backrooms/Content/Characters/UEFN_Mannequin/Animations/Crouch/M_Neutral_Crouch_Turn_L_045_Lfoot.uexp" 2587
"G:/Projets Unreal en cours/ICAN_Backrooms/Content/Characters/UEFN_Mannequin/Animations/Crouch/M_Neutral_Crouch_Turn_R_090_Lfoot.uasset" 2588
"G:/Projets Unreal en cours/ICAN_Backrooms/Content/Characters/UEFN_Mannequin/Animations/Crouch/M_Neutral_Crouch_Turn_R_090_Lfoot.uexp" 2589
"G:/Projets Unreal en cours/ICAN_Backrooms/Content/Characters/UEFN_Mannequin/Animations/Crouch/M_Neutral_Crouch_Box_LL_F_Rfoot.uasset" 2590
"G:/Projets Unreal en cours/ICAN_Backrooms/Content/Characters/UEFN_Mannequin/Animations/Crouch/M_Neutral_Crouch_Box_LL_F_Rfoot.uexp" 2591
"G:/Projets Unreal en cours/ICAN_Backrooms/Content/Characters/UEFN_Mannequin/Animations/Crouch/M_Neutral_Crouch_Hourglass_LL_FR_Rfoot.uasset" 2592
"G:/Projets Unreal en cours/ICAN_Backrooms/Content/Characters/UEFN_Mannequin/Animations/Crouch/M_Neutral_Crouch_Hourglass_LL_FR_Rfoot.uexp" 2593
"G:/Projets Unreal en cours/ICAN_Backrooms/Content/Characters/UEFN_Mannequin/Animations/Crouch/M_Neutral_Crouch_Turn_R_135_Lfoot.uasset" 2594
"G:/Projets Unreal en cours/ICAN_Backrooms/Content/Characters/UEFN_Mannequin/Animations/Crouch/M_Neutral_Crouch_Turn_R_135_Lfoot.uexp" 2595
"G:/Projets Unreal en cours/ICAN_Backrooms/Content/Characters/UEFN_Mannequin/Animations/Crouch/M_Neutral_Crouch_Diamond_F_BR_Lfoot.uasset" 2596
"G:/Projets Unreal en cours/ICAN_Backrooms/Content/Characters/UEFN_Mannequin/Animations/Crouch/M_Neutral_Crouch_Diamond_F_BR_Lfoot.uexp" 2597
"G:/Projets Unreal en cours/ICAN_Backrooms/Content/Characters/UEFN_Mannequin/Animations/Crouch/M_Neutral_Crouch_Turn_R_090_Rfoot.uasset" 2598
"G:/Projets Unreal en cours/ICAN_Backrooms/Content/Characters/UEFN_Mannequin/Animations/Crouch/M_Neutral_Crouch_Turn_R_090_Rfoot.uexp" 2599
"G:/Projets Unreal en cours/ICAN_Backrooms/Content/Characters/UEFN_Mannequin/Animations/Crouch/M_Neutral_Crouch_Turn_L_045_Rfoot.uasset" 2600
"G:/Projets Unreal en cours/ICAN_Backrooms/Content/Characters/UEFN_Mannequin/Animations/Crouch/M_Neutral_Crouch_Turn_L_045_Rfoot.uexp" 2601
"G:/Projets Unreal en cours/ICAN_Backrooms/Content/Characters/UEFN_Mannequin/Animations/Crouch/M_Neutral_Crouch_Pivot_BR_FL_Lfoot.uasset" 2602
"G:/Projets Unreal en cours/ICAN_Backrooms/Content/Characters/UEFN_Mannequin/Animations/Crouch/M_Neutral_Crouch_Pivot_BR_FL_Lfoot.uexp" 2603
"G:/Projets Unreal en cours/ICAN_Backrooms/Content/Characters/UEFN_Mannequin/Animations/Crouch/M_Neutral_Crouch_Box_LR_B_Lfoot.uasset" 2604
"G:/Projets Unreal en cours/ICAN_Backrooms/Content/Characters/UEFN_Mannequin/Animations/Crouch/M_Neutral_Crouch_Box_LR_B_Lfoot.uexp" 2605
"G:/Projets Unreal en cours/ICAN_Backrooms/Content/Characters/UEFN_Mannequin/Animations/Crouch/M_Neutral_Crouch_Hourglass_BR_LR_Lfoot.uasset" 2606
"G:/Projets Unreal en cours/ICAN_Backrooms/Content/Characters/UEFN_Mannequin/Animations/Crouch/M_Neutral_Crouch_Hourglass_BR_LR_Lfoot.uexp" 2607
"G:/Projets Unreal en cours/ICAN_Backrooms/Content/Characters/UEFN_Mannequin/Animations/Crouch/M_Neutral_Crouch_Hourglass_FR_LR_Lfoot.uasset" 2608
"G:/Projets Unreal en cours/ICAN_Backrooms/Content/Characters/UEFN_Mannequin/Animations/Crouch/M_Neutral_Crouch_Hourglass_FR_LR_Lfoot.uexp" 2609
"G:/Projets Unreal en cours/ICAN_Backrooms/Content/Characters/UEFN_Mannequin/Animations/Crouch/M_Neutral_Crouch_Diamond_FR_FL_Lfoot.uasset" 2610
"G:/Projets Unreal en cours/ICAN_Backrooms/Content/Characters/UEFN_Mannequin/Animations/Crouch/M_Neutral_Crouch_Diamond_FR_FL_Lfoot.uexp" 2611
"G:/Projets Unreal en cours/ICAN_Backrooms/Content/Characters/UEFN_Mannequin/Animations/Crouch/M_Neutral_Crouch_Hourglass_LL_BR_Rfoot.uasset" 2612
"G:/Projets Unreal en cours/ICAN_Backrooms/Content/Characters/UEFN_Mannequin/Animations/Crouch/M_Neutral_Crouch_Hourglass_LL_BR_Rfoot.uexp" 2613
"G:/Projets Unreal en cours/ICAN_Backrooms/Content/Characters/UEFN_Mannequin/Animations/Crouch/M_Neutral_Crouch_Box_RL_B_Lfoot.uasset" 2614
"G:/Projets Unreal en cours/ICAN_Backrooms/Content/Characters/UEFN_Mannequin/Animations/Crouch/M_Neutral_Crouch_Box_RL_B_Lfoot.uexp" 2615
"G:/Projets Unreal en cours/ICAN_Backrooms/Content/Characters/UEFN_Mannequin/Animations/Crouch/M_Neutral_Crouch_Turn_L_180_Rfoot.uasset" 2616
"G:/Projets Unreal en cours/ICAN_Backrooms/Content/Characters/UEFN_Mannequin/Animations/Crouch/M_Neutral_Crouch_Turn_L_180_Rfoot.uexp" 2617
"G:/Projets Unreal en cours/ICAN_Backrooms/Content/Characters/UEFN_Mannequin/Animations/Crouch/M_Neutral_Crouch_Box_F_RL_Rfoot.uasset" 2618
"G:/Projets Unreal en cours/ICAN_Backrooms/Content/Characters/UEFN_Mannequin/Animations/Crouch/M_Neutral_Crouch_Box_F_RL_Rfoot.uexp" 2619
"G:/Projets Unreal en cours/ICAN_Backrooms/Content/Characters/UEFN_Mannequin/Animations/Crouch/M_Neutral_Crouch_Hourglass_RR_BL_Lfoot.uasset" 2620
"G:/Projets Unreal en cours/ICAN_Backrooms/Content/Characters/UEFN_Mannequin/Animations/Crouch/M_Neutral_Crouch_Hourglass_RR_BL_Lfoot.uexp" 2621
"G:/Projets Unreal en cours/ICAN_Backrooms/Content/Characters/UEFN_Mannequin/Animations/Crouch/M_Neutral_Crouch_Diamond_F_BL_Rfoot.uasset" 2622
"G:/Projets Unreal en cours/ICAN_Backrooms/Content/Characters/UEFN_Mannequin/Animations/Crouch/M_Neutral_Crouch_Diamond_F_BL_Rfoot.uexp" 2623
"G:/Projets Unreal en cours/ICAN_Backrooms/Content/Characters/UEFN_Mannequin/Animations/Crouch/M_Neutral_Crouch_Diamond_BL_F_Rfoot.uasset" 2624
"G:/Projets Unreal en cours/ICAN_Backrooms/Content/Characters/UEFN_Mannequin/Animations/Crouch/M_Neutral_Crouch_Diamond_BL_F_Rfoot.uexp" 2625
"G:/Projets Unreal en cours/ICAN_Backrooms/Content/Characters/UEFN_Mannequin/Animations/Crouch/M_Neutral_Crouch_Box_RL_F_Rfoot.uasset" 2626
"G:/Projets Unreal en cours/ICAN_Backrooms/Content/Characters/UEFN_Mannequin/Animations/Crouch/M_Neutral_Crouch_Box_RL_F_Rfoot.uexp" 2627
"G:/Projets Unreal en cours/ICAN_Backrooms/Content/Characters/UEFN_Mannequin/Animations/Crouch/M_Neutral_Crouch_Box_F_RL_Lfoot.uasset" 2628
"G:/Projets Unreal en cours/ICAN_Backrooms/Content/Characters/UEFN_Mannequin/Animations/Crouch/M_Neutral_Crouch_Box_F_RL_Lfoot.uexp" 2629
"G:/Projets Unreal en cours/ICAN_Backrooms/Content/Characters/UEFN_Mannequin/Animations/Crouch/M_Neutral_Crouch_Diamond_FL_B_Rfoot.uasset" 2630
"G:/Projets Unreal en cours/ICAN_Backrooms/Content/Characters/UEFN_Mannequin/Animations/Crouch/M_Neutral_Crouch_Diamond_FL_B_Rfoot.uexp" 2631
"G:/Projets Unreal en cours/ICAN_Backrooms/Content/Characters/UEFN_Mannequin/Animations/Crouch/M_Neutral_Crouch_Pivot_BL_FR_Lfoot.uasset" 2632
"G:/Projets Unreal en cours/ICAN_Backrooms/Content/Characters/UEFN_Mannequin/Animations/Crouch/M_Neutral_Crouch_Pivot_BL_FR_Lfoot.uexp" 2633
"G:/Projets Unreal en cours/ICAN_Backrooms/Content/Characters/UEFN_Mannequin/Animations/Crouch/M_Neutral_Crouch_Pivot_BR_FL_Rfoot.uasset" 2634
"G:/Projets Unreal en cours/ICAN_Backrooms/Content/Characters/UEFN_Mannequin/Animations/Crouch/M_Neutral_Crouch_Pivot_BR_FL_Rfoot.uexp" 2635
"G:/Projets Unreal en cours/ICAN_Backrooms/Content/Characters/UEFN_Mannequin/Animations/Crouch/M_Neutral_Crouch_Diamond_FL_FR_Lfoot.uasset" 2636
"G:/Projets Unreal en cours/ICAN_Backrooms/Content/Characters/UEFN_Mannequin/Animations/Crouch/M_Neutral_Crouch_Diamond_FL_FR_Lfoot.uexp" 2637
"G:/Projets Unreal en cours/ICAN_Backrooms/Content/Characters/UEFN_Mannequin/Animations/Crouch/M_Neutral_Crouch_Hourglass_FL_RR_Lfoot.uasset" 2638
"G:/Projets Unreal en cours/ICAN_Backrooms/Content/Characters/UEFN_Mannequin/Animations/Crouch/M_Neutral_Crouch_Hourglass_FL_RR_Lfoot.uexp" 2639
"G:/Projets Unreal en cours/ICAN_Backrooms/Content/Characters/UEFN_Mannequin/Animations/Crouch/M_Neutral_Crouch_Diamond_FL_BL_Rfoot.uasset" 2640
"G:/Projets Unreal en cours/ICAN_Backrooms/Content/Characters/UEFN_Mannequin/Animations/Crouch/M_Neutral_Crouch_Diamond_FL_BL_Rfoot.uexp" 2641
"G:/Projets Unreal en cours/ICAN_Backrooms/Content/Characters/UEFN_Mannequin/Animations/Crouch/M_Neutral_Crouch_Box_RR_B_Rfoot.uasset" 2642
"G:/Projets Unreal en cours/ICAN_Backrooms/Content/Characters/UEFN_Mannequin/Animations/Crouch/M_Neutral_Crouch_Box_RR_B_Rfoot.uexp" 2643
"G:/Projets Unreal en cours/ICAN_Backrooms/Content/Characters/UEFN_Mannequin/Animations/MotionMatchingData/Databases/Dense/PSD_Dense_Crouch_Walk_Pivots.uasset" 2644
"G:/Projets Unreal en cours/ICAN_Backrooms/Content/Characters/UEFN_Mannequin/Animations/MotionMatchingData/Databases/Dense/PSD_Dense_Crouch_Walk_Pivots.uexp" 2645
"G:/Projets Unreal en cours/ICAN_Backrooms/Content/Characters/UEFN_Mannequin/Animations/Jump/M_Neutral_Jump_F_Land_Sprint_Light_Rfoot.uasset" 2646
"G:/Projets Unreal en cours/ICAN_Backrooms/Content/Characters/UEFN_Mannequin/Animations/Jump/M_Neutral_Jump_F_Land_Sprint_Light_Rfoot.uexp" 2647
"G:/Projets Unreal en cours/ICAN_Backrooms/Content/Characters/UEFN_Mannequin/Animations/Jump/M_Neutral_Jump_F_Land_Sprint_Light_Lfoot.uasset" 2648
"G:/Projets Unreal en cours/ICAN_Backrooms/Content/Characters/UEFN_Mannequin/Animations/Jump/M_Neutral_Jump_F_Land_Sprint_Light_Lfoot.uexp" 2649
"G:/Projets Unreal en cours/ICAN_Backrooms/Content/Characters/UEFN_Mannequin/Animations/MotionMatchingData/Databases/Dense/PSD_Dense_Stand_Sprint_Lands_Light.uasset" 2650
"G:/Projets Unreal en cours/ICAN_Backrooms/Content/Characters/UEFN_Mannequin/Animations/MotionMatchingData/Databases/Dense/PSD_Dense_Stand_Sprint_Lands_Light.uexp" 2651
"G:/Projets Unreal en cours/ICAN_Backrooms/Content/Characters/UEFN_Mannequin/Animations/Walk/M_Neutral_Walk_Shuffle_F_RFF_to_LFF_Lfoot.uasset" 2652
"G:/Projets Unreal en cours/ICAN_Backrooms/Content/Characters/UEFN_Mannequin/Animations/Walk/M_Neutral_Walk_Shuffle_F_RFF_to_LFF_Lfoot.uexp" 2653
"G:/Projets Unreal en cours/ICAN_Backrooms/Content/Characters/UEFN_Mannequin/Animations/Crouch/M_Neutral_Crouch_Loop_LL.uasset" 2654
"G:/Projets Unreal en cours/ICAN_Backrooms/Content/Characters/UEFN_Mannequin/Animations/Crouch/M_Neutral_Crouch_Loop_LL.uexp" 2655
"G:/Projets Unreal en cours/ICAN_Backrooms/Content/Characters/UEFN_Mannequin/Animations/Walk/M_Neutral_Walk_Shuffle_RR_to_RL_Lfoot.uasset" 2656
"G:/Projets Unreal en cours/ICAN_Backrooms/Content/Characters/UEFN_Mannequin/Animations/Walk/M_Neutral_Walk_Shuffle_RR_to_RL_Lfoot.uexp" 2657
"G:/Projets Unreal en cours/ICAN_Backrooms/Content/Characters/UEFN_Mannequin/Animations/Crouch/M_Neutral_Crouch_Shuffle_RR_to_RL_Lfoot.uasset" 2658
"G:/Projets Unreal en cours/ICAN_Backrooms/Content/Characters/UEFN_Mannequin/Animations/Crouch/M_Neutral_Crouch_Shuffle_RR_to_RL_Lfoot.uexp" 2659
"G:/Projets Unreal en cours/ICAN_Backrooms/Content/Characters/UEFN_Mannequin/Animations/Walk/M_Neutral_Walk_Loop_LL.uasset" 2660
"G:/Projets Unreal en cours/ICAN_Backrooms/Content/Characters/UEFN_Mannequin/Animations/Walk/M_Neutral_Walk_Loop_LL.uexp" 2661
"G:/Projets Unreal en cours/ICAN_Backrooms/Content/Characters/UEFN_Mannequin/Animations/Walk/M_Neutral_Walk_Shuffle_F_RFF_to_LFF_Rfoot.uasset" 2662
"G:/Projets Unreal en cours/ICAN_Backrooms/Content/Characters/UEFN_Mannequin/Animations/Walk/M_Neutral_Walk_Shuffle_F_RFF_to_LFF_Rfoot.uexp" 2663
"G:/Projets Unreal en cours/ICAN_Backrooms/Content/Characters/UEFN_Mannequin/Animations/Run/M_Neutral_Run_Shuffle_LR_to_LL_Lfoot.uasset" 2664
"G:/Projets Unreal en cours/ICAN_Backrooms/Content/Characters/UEFN_Mannequin/Animations/Run/M_Neutral_Run_Shuffle_LR_to_LL_Lfoot.uexp" 2665
"G:/Projets Unreal en cours/ICAN_Backrooms/Content/Characters/UEFN_Mannequin/Animations/Walk/M_Neutral_Walk_Loop_RR_offset.uasset" 2666
"G:/Projets Unreal en cours/ICAN_Backrooms/Content/Characters/UEFN_Mannequin/Animations/Walk/M_Neutral_Walk_Loop_RR_offset.uexp" 2667
"G:/Projets Unreal en cours/ICAN_Backrooms/Content/Characters/UEFN_Mannequin/Animations/Crouch/M_Neutral_Crouch_Shuffle_LR_to_LL_Rfoot.uasset" 2668
"G:/Projets Unreal en cours/ICAN_Backrooms/Content/Characters/UEFN_Mannequin/Animations/Crouch/M_Neutral_Crouch_Shuffle_LR_to_LL_Rfoot.uexp" 2669
"G:/Projets Unreal en cours/ICAN_Backrooms/Content/Characters/UEFN_Mannequin/Animations/Run/M_Neutral_Run_Loop_LR.uasset" 2670
"G:/Projets Unreal en cours/ICAN_Backrooms/Content/Characters/UEFN_Mannequin/Animations/Run/M_Neutral_Run_Loop_LR.uexp" 2671
"G:/Projets Unreal en cours/ICAN_Backrooms/Content/Characters/UEFN_Mannequin/Animations/Crouch/M_Neutral_Crouch_Shuffle_LR_to_LL_Lfoot.uasset" 2672
"G:/Projets Unreal en cours/ICAN_Backrooms/Content/Characters/UEFN_Mannequin/Animations/Crouch/M_Neutral_Crouch_Shuffle_LR_to_LL_Lfoot.uexp" 2673
"G:/Projets Unreal en cours/ICAN_Backrooms/Content/Characters/UEFN_Mannequin/Animations/Crouch/M_Neutral_Crouch_Loop_B.uasset" 2674
"G:/Projets Unreal en cours/ICAN_Backrooms/Content/Characters/UEFN_Mannequin/Animations/Crouch/M_Neutral_Crouch_Loop_B.uexp" 2675
"G:/Projets Unreal en cours/ICAN_Backrooms/Content/Characters/UEFN_Mannequin/Animations/Run/M_Neutral_Run_Shuffle_RR_to_RL_Lfoot.uasset" 2676
"G:/Projets Unreal en cours/ICAN_Backrooms/Content/Characters/UEFN_Mannequin/Animations/Run/M_Neutral_Run_Shuffle_RR_to_RL_Lfoot.uexp" 2677
"G:/Projets Unreal en cours/ICAN_Backrooms/Content/Characters/UEFN_Mannequin/Animations/Walk/M_Neutral_Walk_Loop_LR.uasset" 2678
"G:/Projets Unreal en cours/ICAN_Backrooms/Content/Characters/UEFN_Mannequin/Animations/Walk/M_Neutral_Walk_Loop_LR.uexp" 2679
"G:/Projets Unreal en cours/ICAN_Backrooms/Content/Characters/UEFN_Mannequin/Animations/Run/M_Neutral_Run_Loop_LL.uasset" 2680
"G:/Projets Unreal en cours/ICAN_Backrooms/Content/Characters/UEFN_Mannequin/Animations/Run/M_Neutral_Run_Loop_LL.uexp" 2681
"G:/Projets Unreal en cours/ICAN_Backrooms/Content/Characters/UEFN_Mannequin/Animations/Crouch/M_Neutral_Crouch_Shuffle_RR_to_RL_Rfoot.uasset" 2682
"G:/Projets Unreal en cours/ICAN_Backrooms/Content/Characters/UEFN_Mannequin/Animations/Crouch/M_Neutral_Crouch_Shuffle_RR_to_RL_Rfoot.uexp" 2683
"G:/Projets Unreal en cours/ICAN_Backrooms/Content/Characters/UEFN_Mannequin/Animations/Crouch/M_Neutral_Crouch_Loop_RR.uasset" 2684
"G:/Projets Unreal en cours/ICAN_Backrooms/Content/Characters/UEFN_Mannequin/Animations/Crouch/M_Neutral_Crouch_Loop_RR.uexp" 2685
"G:/Projets Unreal en cours/ICAN_Backrooms/Content/Characters/UEFN_Mannequin/Animations/ExperimentalStateMachineData/PSS_SM_LocoLoops.uasset" 2686
"G:/Projets Unreal en cours/ICAN_Backrooms/Content/Characters/UEFN_Mannequin/Animations/ExperimentalStateMachineData/PSS_SM_LocoLoops.uexp" 2687
"G:/Projets Unreal en cours/ICAN_Backrooms/Content/Characters/UEFN_Mannequin/Animations/Walk/M_Neutral_Walk_Loop_F.uasset" 2688
"G:/Projets Unreal en cours/ICAN_Backrooms/Content/Characters/UEFN_Mannequin/Animations/Walk/M_Neutral_Walk_Loop_F.uexp" 2689
"G:/Projets Unreal en cours/ICAN_Backrooms/Content/Characters/UEFN_Mannequin/Animations/Walk/M_Neutral_Walk_Shuffle_LR_to_LL_Rfoot.uasset" 2690
"G:/Projets Unreal en cours/ICAN_Backrooms/Content/Characters/UEFN_Mannequin/Animations/Walk/M_Neutral_Walk_Shuffle_LR_to_LL_Rfoot.uexp" 2691
"G:/Projets Unreal en cours/ICAN_Backrooms/Content/Characters/UEFN_Mannequin/Animations/Run/M_Neutral_Run_Loop_B.uasset" 2692
"G:/Projets Unreal en cours/ICAN_Backrooms/Content/Characters/UEFN_Mannequin/Animations/Run/M_Neutral_Run_Loop_B.uexp" 2693
"G:/Projets Unreal en cours/ICAN_Backrooms/Content/Characters/UEFN_Mannequin/Animations/Run/M_Neutral_Run_Loop_RL.uasset" 2694
"G:/Projets Unreal en cours/ICAN_Backrooms/Content/Characters/UEFN_Mannequin/Animations/Run/M_Neutral_Run_Loop_RL.uexp" 2695
"G:/Projets Unreal en cours/ICAN_Backrooms/Content/Characters/UEFN_Mannequin/Animations/Walk/M_Neutral_Walk_Loop_B.uasset" 2696
"G:/Projets Unreal en cours/ICAN_Backrooms/Content/Characters/UEFN_Mannequin/Animations/Walk/M_Neutral_Walk_Loop_B.uexp" 2697
"G:/Projets Unreal en cours/ICAN_Backrooms/Content/Characters/UEFN_Mannequin/Animations/Walk/M_Neutral_Walk_Loop_LR_offset.uasset" 2698
"G:/Projets Unreal en cours/ICAN_Backrooms/Content/Characters/UEFN_Mannequin/Animations/Walk/M_Neutral_Walk_Loop_LR_offset.uexp" 2699
"G:/Projets Unreal en cours/ICAN_Backrooms/Content/Characters/UEFN_Mannequin/Animations/Run/M_Neutral_Run_Loop_RR.uasset" 2700
"G:/Projets Unreal en cours/ICAN_Backrooms/Content/Characters/UEFN_Mannequin/Animations/Run/M_Neutral_Run_Loop_RR.uexp" 2701
"G:/Projets Unreal en cours/ICAN_Backrooms/Content/Characters/UEFN_Mannequin/Animations/Crouch/M_Neutral_Crouch_Loop_RL.uasset" 2702
"G:/Projets Unreal en cours/ICAN_Backrooms/Content/Characters/UEFN_Mannequin/Animations/Crouch/M_Neutral_Crouch_Loop_RL.uexp" 2703
"G:/Projets Unreal en cours/ICAN_Backrooms/Content/Characters/UEFN_Mannequin/Animations/Run/M_Neutral_Run_Shuffle_LR_to_LL_Rfoot.uasset" 2704
"G:/Projets Unreal en cours/ICAN_Backrooms/Content/Characters/UEFN_Mannequin/Animations/Run/M_Neutral_Run_Shuffle_LR_to_LL_Rfoot.uexp" 2705
"G:/Projets Unreal en cours/ICAN_Backrooms/Content/Characters/UEFN_Mannequin/Animations/Run/M_Neutral_Run_Loop_F.uasset" 2706
"G:/Projets Unreal en cours/ICAN_Backrooms/Content/Characters/UEFN_Mannequin/Animations/Run/M_Neutral_Run_Loop_F.uexp" 2707
"G:/Projets Unreal en cours/ICAN_Backrooms/Content/Characters/UEFN_Mannequin/Animations/Walk/M_Neutral_Walk_Loop_RR.uasset" 2708
"G:/Projets Unreal en cours/ICAN_Backrooms/Content/Characters/UEFN_Mannequin/Animations/Walk/M_Neutral_Walk_Loop_RR.uexp" 2709
"G:/Projets Unreal en cours/ICAN_Backrooms/Content/Characters/UEFN_Mannequin/Animations/Walk/M_Neutral_Walk_Shuffle_LR_to_LL_Lfoot.uasset" 2710
"G:/Projets Unreal en cours/ICAN_Backrooms/Content/Characters/UEFN_Mannequin/Animations/Walk/M_Neutral_Walk_Shuffle_LR_to_LL_Lfoot.uexp" 2711
"G:/Projets Unreal en cours/ICAN_Backrooms/Content/Characters/UEFN_Mannequin/Animations/Crouch/M_Neutral_Crouch_Loop_LR.uasset" 2712
"G:/Projets Unreal en cours/ICAN_Backrooms/Content/Characters/UEFN_Mannequin/Animations/Crouch/M_Neutral_Crouch_Loop_LR.uexp" 2713
"G:/Projets Unreal en cours/ICAN_Backrooms/Content/Characters/UEFN_Mannequin/Animations/Walk/M_Neutral_Walk_Loop_RL.uasset" 2714
"G:/Projets Unreal en cours/ICAN_Backrooms/Content/Characters/UEFN_Mannequin/Animations/Walk/M_Neutral_Walk_Loop_RL.uexp" 2715
"G:/Projets Unreal en cours/ICAN_Backrooms/Content/Characters/UEFN_Mannequin/Animations/Crouch/M_Neutral_Crouch_Loop_F.uasset" 2716
"G:/Projets Unreal en cours/ICAN_Backrooms/Content/Characters/UEFN_Mannequin/Animations/Crouch/M_Neutral_Crouch_Loop_F.uexp" 2717
"G:/Projets Unreal en cours/ICAN_Backrooms/Content/Characters/UEFN_Mannequin/Animations/Run/M_Neutral_Run_Shuffle_RR_to_RL_Rfoot.uasset" 2718
"G:/Projets Unreal en cours/ICAN_Backrooms/Content/Characters/UEFN_Mannequin/Animations/Run/M_Neutral_Run_Shuffle_RR_to_RL_Rfoot.uexp" 2719
"G:/Projets Unreal en cours/ICAN_Backrooms/Content/Characters/UEFN_Mannequin/Animations/Walk/M_Neutral_Walk_Shuffle_RR_to_RL_Rfoot.uasset" 2720
"G:/Projets Unreal en cours/ICAN_Backrooms/Content/Characters/UEFN_Mannequin/Animations/Walk/M_Neutral_Walk_Shuffle_RR_to_RL_Rfoot.uexp" 2721
"G:/Projets Unreal en cours/ICAN_Backrooms/Content/Characters/UEFN_Mannequin/Animations/ExperimentalStateMachineData/PSD_SM_LocoLoops.uasset" 2722
"G:/Projets Unreal en cours/ICAN_Backrooms/Content/Characters/UEFN_Mannequin/Animations/ExperimentalStateMachineData/PSD_SM_LocoLoops.uexp" 2723
"G:/Projets Unreal en cours/ICAN_Backrooms/Content/Characters/UEFN_Mannequin/Animations/Sprint/M_Neutral_Sprint_Loop_F.uasset" 2724
"G:/Projets Unreal en cours/ICAN_Backrooms/Content/Characters/UEFN_Mannequin/Animations/Sprint/M_Neutral_Sprint_Loop_F.uexp" 2725
"G:/Projets Unreal en cours/ICAN_Backrooms/Content/Characters/UEFN_Mannequin/Animations/Sprint/M_Neutral_Sprint_Loop_FL.uasset" 2726
"G:/Projets Unreal en cours/ICAN_Backrooms/Content/Characters/UEFN_Mannequin/Animations/Sprint/M_Neutral_Sprint_Loop_FL.uexp" 2727
"G:/Projets Unreal en cours/ICAN_Backrooms/Content/Characters/UEFN_Mannequin/Animations/Sprint/M_Neutral_Sprint_Loop_FR.uasset" 2728
"G:/Projets Unreal en cours/ICAN_Backrooms/Content/Characters/UEFN_Mannequin/Animations/Sprint/M_Neutral_Sprint_Loop_FR.uexp" 2729
"G:/Projets Unreal en cours/ICAN_Backrooms/Content/Characters/UEFN_Mannequin/Animations/Sprint/M_Neutral_Transition_Run_to_Sprint_Lfoot.uasset" 2730
"G:/Projets Unreal en cours/ICAN_Backrooms/Content/Characters/UEFN_Mannequin/Animations/Sprint/M_Neutral_Transition_Run_to_Sprint_Lfoot.uexp" 2731
"G:/Projets Unreal en cours/ICAN_Backrooms/Content/Characters/UEFN_Mannequin/Animations/Sprint/M_Neutral_Transition_Run_to_Sprint_Rfoot.uasset" 2732
"G:/Projets Unreal en cours/ICAN_Backrooms/Content/Characters/UEFN_Mannequin/Animations/Sprint/M_Neutral_Transition_Run_to_Sprint_Rfoot.uexp" 2733
"G:/Projets Unreal en cours/ICAN_Backrooms/Content/Characters/UEFN_Mannequin/Animations/Sprint/M_Neutral_Transition_Walk_to_Sprint_Rfoot.uasset" 2734
"G:/Projets Unreal en cours/ICAN_Backrooms/Content/Characters/UEFN_Mannequin/Animations/Sprint/M_Neutral_Transition_Walk_to_Sprint_Rfoot.uexp" 2735
"G:/Projets Unreal en cours/ICAN_Backrooms/Content/Characters/UEFN_Mannequin/Animations/Sprint/M_Neutral_Transition_Walk_to_Sprint_Lfoot.uasset" 2736
"G:/Projets Unreal en cours/ICAN_Backrooms/Content/Characters/UEFN_Mannequin/Animations/Sprint/M_Neutral_Transition_Walk_to_Sprint_Lfoot.uexp" 2737
"G:/Projets Unreal en cours/ICAN_Backrooms/Content/Characters/UEFN_Mannequin/Animations/MotionMatchingData/Databases/Dense/PSD_Dense_Stand_Sprint_Loops.uasset" 2738
"G:/Projets Unreal en cours/ICAN_Backrooms/Content/Characters/UEFN_Mannequin/Animations/MotionMatchingData/Databases/Dense/PSD_Dense_Stand_Sprint_Loops.uexp" 2739
"G:/Projets Unreal en cours/ICAN_Backrooms/Content/Characters/UEFN_Mannequin/Animations/Jump/M_Neutral_Jump_F_Land_Sprint_Heavy_Rfoot.uasset" 2740
"G:/Projets Unreal en cours/ICAN_Backrooms/Content/Characters/UEFN_Mannequin/Animations/Jump/M_Neutral_Jump_F_Land_Sprint_Heavy_Rfoot.uexp" 2741
"G:/Projets Unreal en cours/ICAN_Backrooms/Content/Characters/UEFN_Mannequin/Animations/Jump/M_Neutral_Jump_F_Land_Sprint_Heavy_Lfoot.uasset" 2742
"G:/Projets Unreal en cours/ICAN_Backrooms/Content/Characters/UEFN_Mannequin/Animations/Jump/M_Neutral_Jump_F_Land_Sprint_Heavy_Lfoot.uexp" 2743
"G:/Projets Unreal en cours/ICAN_Backrooms/Content/Characters/UEFN_Mannequin/Animations/MotionMatchingData/Databases/Dense/PSD_Dense_Stand_Sprint_Lands_Heavy.uasset" 2744
"G:/Projets Unreal en cours/ICAN_Backrooms/Content/Characters/UEFN_Mannequin/Animations/MotionMatchingData/Databases/Dense/PSD_Dense_Stand_Sprint_Lands_Heavy.uexp" 2745
"G:/Projets Unreal en cours/ICAN_Backrooms/Content/Characters/UEFN_Mannequin/Animations/Run/M_Neutral_Run_Stop_FR_Lfoot.uasset" 2746
"G:/Projets Unreal en cours/ICAN_Backrooms/Content/Characters/UEFN_Mannequin/Animations/Run/M_Neutral_Run_Stop_FR_Lfoot.uexp" 2747
"G:/Projets Unreal en cours/ICAN_Backrooms/Content/Characters/UEFN_Mannequin/Animations/Run/M_Neutral_Run_Stop_BL_Rfoot.uasset" 2748
"G:/Projets Unreal en cours/ICAN_Backrooms/Content/Characters/UEFN_Mannequin/Animations/Run/M_Neutral_Run_Stop_BL_Rfoot.uexp" 2749
"G:/Projets Unreal en cours/ICAN_Backrooms/Content/Characters/UEFN_Mannequin/Animations/Run/M_Neutral_Run_Stop_RR_Lfoot.uasset" 2750
"G:/Projets Unreal en cours/ICAN_Backrooms/Content/Characters/UEFN_Mannequin/Animations/Run/M_Neutral_Run_Stop_RR_Lfoot.uexp" 2751
"G:/Projets Unreal en cours/ICAN_Backrooms/Content/Characters/UEFN_Mannequin/Animations/Run/M_Neutral_Run_Stop_RL_Rfoot.uasset" 2752
"G:/Projets Unreal en cours/ICAN_Backrooms/Content/Characters/UEFN_Mannequin/Animations/Run/M_Neutral_Run_Stop_RL_Rfoot.uexp" 2753
"G:/Projets Unreal en cours/ICAN_Backrooms/Content/Characters/UEFN_Mannequin/Animations/Run/M_Neutral_Run_Stop_RL_Lfoot.uasset" 2754
"G:/Projets Unreal en cours/ICAN_Backrooms/Content/Characters/UEFN_Mannequin/Animations/Run/M_Neutral_Run_Stop_RL_Lfoot.uexp" 2755
"G:/Projets Unreal en cours/ICAN_Backrooms/Content/Characters/UEFN_Mannequin/Animations/Run/M_Neutral_Run_Stop_B_Rfoot.uasset" 2756
"G:/Projets Unreal en cours/ICAN_Backrooms/Content/Characters/UEFN_Mannequin/Animations/Run/M_Neutral_Run_Stop_B_Rfoot.uexp" 2757
"G:/Projets Unreal en cours/ICAN_Backrooms/Content/Characters/UEFN_Mannequin/Animations/Run/M_Neutral_Run_Stop_RR_Rfoot.uasset" 2758
"G:/Projets Unreal en cours/ICAN_Backrooms/Content/Characters/UEFN_Mannequin/Animations/Run/M_Neutral_Run_Stop_RR_Rfoot.uexp" 2759
"G:/Projets Unreal en cours/ICAN_Backrooms/Content/Characters/UEFN_Mannequin/Animations/Run/M_Neutral_Run_Stop_BL_Lfoot.uasset" 2760
"G:/Projets Unreal en cours/ICAN_Backrooms/Content/Characters/UEFN_Mannequin/Animations/Run/M_Neutral_Run_Stop_BL_Lfoot.uexp" 2761
"G:/Projets Unreal en cours/ICAN_Backrooms/Content/Characters/UEFN_Mannequin/Animations/Run/M_Neutral_Run_Stop_BR_Rfoot.uasset" 2762
"G:/Projets Unreal en cours/ICAN_Backrooms/Content/Characters/UEFN_Mannequin/Animations/Run/M_Neutral_Run_Stop_BR_Rfoot.uexp" 2763
"G:/Projets Unreal en cours/ICAN_Backrooms/Content/Characters/UEFN_Mannequin/Animations/Run/M_Neutral_Run_Stop_BR_Lfoot.uasset" 2764
"G:/Projets Unreal en cours/ICAN_Backrooms/Content/Characters/UEFN_Mannequin/Animations/Run/M_Neutral_Run_Stop_BR_Lfoot.uexp" 2765
"G:/Projets Unreal en cours/ICAN_Backrooms/Content/Characters/UEFN_Mannequin/Animations/Run/M_Neutral_Run_Stop_LL_Rfoot.uasset" 2766
"G:/Projets Unreal en cours/ICAN_Backrooms/Content/Characters/UEFN_Mannequin/Animations/Run/M_Neutral_Run_Stop_LL_Rfoot.uexp" 2767
"G:/Projets Unreal en cours/ICAN_Backrooms/Content/Characters/UEFN_Mannequin/Animations/Run/M_Neutral_Run_Stop_LR_Lfoot.uasset" 2768
"G:/Projets Unreal en cours/ICAN_Backrooms/Content/Characters/UEFN_Mannequin/Animations/Run/M_Neutral_Run_Stop_LR_Lfoot.uexp" 2769
"G:/Projets Unreal en cours/ICAN_Backrooms/Content/Characters/UEFN_Mannequin/Animations/Run/M_Neutral_Run_Stop_LR_Rfoot.uasset" 2770
"G:/Projets Unreal en cours/ICAN_Backrooms/Content/Characters/UEFN_Mannequin/Animations/Run/M_Neutral_Run_Stop_LR_Rfoot.uexp" 2771
"G:/Projets Unreal en cours/ICAN_Backrooms/Content/Characters/UEFN_Mannequin/Animations/Run/M_Neutral_Run_Stop_FL_Rfoot.uasset" 2772
"G:/Projets Unreal en cours/ICAN_Backrooms/Content/Characters/UEFN_Mannequin/Animations/Run/M_Neutral_Run_Stop_FL_Rfoot.uexp" 2773
"G:/Projets Unreal en cours/ICAN_Backrooms/Content/Characters/UEFN_Mannequin/Animations/Run/M_Neutral_Run_Stop_FR_Rfoot.uasset" 2774
"G:/Projets Unreal en cours/ICAN_Backrooms/Content/Characters/UEFN_Mannequin/Animations/Run/M_Neutral_Run_Stop_FR_Rfoot.uexp" 2775
"G:/Projets Unreal en cours/ICAN_Backrooms/Content/Characters/UEFN_Mannequin/Animations/Run/M_Neutral_Run_Stop_FL_Lfoot.uasset" 2776
"G:/Projets Unreal en cours/ICAN_Backrooms/Content/Characters/UEFN_Mannequin/Animations/Run/M_Neutral_Run_Stop_FL_Lfoot.uexp" 2777
"G:/Projets Unreal en cours/ICAN_Backrooms/Content/Characters/UEFN_Mannequin/Animations/MotionMatchingData/Databases/Dense/PSD_Dense_Stand_Run_Stops.uasset" 2778
"G:/Projets Unreal en cours/ICAN_Backrooms/Content/Characters/UEFN_Mannequin/Animations/MotionMatchingData/Databases/Dense/PSD_Dense_Stand_Run_Stops.uexp" 2779
"G:/Projets Unreal en cours/ICAN_Backrooms/Content/Characters/UEFN_Mannequin/Animations/Crouch/M_Neutral_Crouch_Idle_Turn_090_L.uasset" 2780
"G:/Projets Unreal en cours/ICAN_Backrooms/Content/Characters/UEFN_Mannequin/Animations/Crouch/M_Neutral_Crouch_Idle_Turn_090_L.uexp" 2781
"G:/Projets Unreal en cours/ICAN_Backrooms/Content/Characters/UEFN_Mannequin/Animations/Crouch/M_Neutral_Crouch_Idle_Turn_045_R.uasset" 2782
"G:/Projets Unreal en cours/ICAN_Backrooms/Content/Characters/UEFN_Mannequin/Animations/Crouch/M_Neutral_Crouch_Idle_Turn_045_R.uexp" 2783
"G:/Projets Unreal en cours/ICAN_Backrooms/Content/Characters/UEFN_Mannequin/Animations/Crouch/M_Neutral_Crouch_Idle_Turn_180_L.uasset" 2784
"G:/Projets Unreal en cours/ICAN_Backrooms/Content/Characters/UEFN_Mannequin/Animations/Crouch/M_Neutral_Crouch_Idle_Turn_180_L.uexp" 2785
"G:/Projets Unreal en cours/ICAN_Backrooms/Content/Characters/UEFN_Mannequin/Animations/Crouch/M_Neutral_Crouch_Idle_Turn_135_R.uasset" 2786
"G:/Projets Unreal en cours/ICAN_Backrooms/Content/Characters/UEFN_Mannequin/Animations/Crouch/M_Neutral_Crouch_Idle_Turn_135_R.uexp" 2787
"G:/Projets Unreal en cours/ICAN_Backrooms/Content/Characters/UEFN_Mannequin/Animations/Crouch/M_Neutral_Crouch_Idle_Turn_045_L.uasset" 2788
"G:/Projets Unreal en cours/ICAN_Backrooms/Content/Characters/UEFN_Mannequin/Animations/Crouch/M_Neutral_Crouch_Idle_Turn_045_L.uexp" 2789
"G:/Projets Unreal en cours/ICAN_Backrooms/Content/Characters/UEFN_Mannequin/Animations/Crouch/M_Neutral_Crouch_Idle_Turn_090_R.uasset" 2790
"G:/Projets Unreal en cours/ICAN_Backrooms/Content/Characters/UEFN_Mannequin/Animations/Crouch/M_Neutral_Crouch_Idle_Turn_090_R.uexp" 2791
"G:/Projets Unreal en cours/ICAN_Backrooms/Content/Characters/UEFN_Mannequin/Animations/Crouch/M_Neutral_Crouch_Idle_Turn_135_L.uasset" 2792
"G:/Projets Unreal en cours/ICAN_Backrooms/Content/Characters/UEFN_Mannequin/Animations/Crouch/M_Neutral_Crouch_Idle_Turn_135_L.uexp" 2793
"G:/Projets Unreal en cours/ICAN_Backrooms/Content/Characters/UEFN_Mannequin/Animations/Crouch/M_Neutral_Crouch_Idle_Turn_180_R.uasset" 2794
"G:/Projets Unreal en cours/ICAN_Backrooms/Content/Characters/UEFN_Mannequin/Animations/Crouch/M_Neutral_Crouch_Idle_Turn_180_R.uexp" 2795
"G:/Projets Unreal en cours/ICAN_Backrooms/Content/Characters/UEFN_Mannequin/Animations/MotionMatchingData/Databases/Dense/PSD_Dense_Crouch_TurnInPlace.uasset" 2796
"G:/Projets Unreal en cours/ICAN_Backrooms/Content/Characters/UEFN_Mannequin/Animations/MotionMatchingData/Databases/Dense/PSD_Dense_Crouch_TurnInPlace.uexp" 2797
"G:/Projets Unreal en cours/ICAN_Backrooms/Content/Characters/UEFN_Mannequin/Animations/Jump/M_Neutral_Jump_LL_Land_Stand_Heavy_Lfoot.uasset" 2798
"G:/Projets Unreal en cours/ICAN_Backrooms/Content/Characters/UEFN_Mannequin/Animations/Jump/M_Neutral_Jump_LL_Land_Stand_Heavy_Lfoot.uexp" 2799
"G:/Projets Unreal en cours/ICAN_Backrooms/Content/Characters/UEFN_Mannequin/Animations/Jump/M_Neutral_Jump_B_Land_Stand_Heavy_Rfoot.uasset" 2800
"G:/Projets Unreal en cours/ICAN_Backrooms/Content/Characters/UEFN_Mannequin/Animations/Jump/M_Neutral_Jump_B_Land_Stand_Heavy_Rfoot.uexp" 2801
"G:/Projets Unreal en cours/ICAN_Backrooms/Content/Characters/UEFN_Mannequin/Animations/Jump/M_Neutral_Jump_B_Land_Stand_Heavy_Lfoot.uasset" 2802
"G:/Projets Unreal en cours/ICAN_Backrooms/Content/Characters/UEFN_Mannequin/Animations/Jump/M_Neutral_Jump_B_Land_Stand_Heavy_Lfoot.uexp" 2803
"G:/Projets Unreal en cours/ICAN_Backrooms/Content/Characters/UEFN_Mannequin/Animations/Jump/M_Neutral_Jump_F_Land_Stand_Heavy_Lfoot.uasset" 2804
"G:/Projets Unreal en cours/ICAN_Backrooms/Content/Characters/UEFN_Mannequin/Animations/Jump/M_Neutral_Jump_F_Land_Stand_Heavy_Lfoot.uexp" 2805
"G:/Projets Unreal en cours/ICAN_Backrooms/Content/Characters/UEFN_Mannequin/Animations/Jump/M_Neutral_Jump_LL_Land_Stand_Heavy_Rfoot.uasset" 2806
"G:/Projets Unreal en cours/ICAN_Backrooms/Content/Characters/UEFN_Mannequin/Animations/Jump/M_Neutral_Jump_LL_Land_Stand_Heavy_Rfoot.uexp" 2807
"G:/Projets Unreal en cours/ICAN_Backrooms/Content/Characters/UEFN_Mannequin/Animations/Jump/M_Neutral_Jump_RL_Land_Stand_Heavy_Lfoot.uasset" 2808
"G:/Projets Unreal en cours/ICAN_Backrooms/Content/Characters/UEFN_Mannequin/Animations/Jump/M_Neutral_Jump_RL_Land_Stand_Heavy_Lfoot.uexp" 2809
"G:/Projets Unreal en cours/ICAN_Backrooms/Content/Characters/UEFN_Mannequin/Animations/Jump/M_Neutral_Jump_RL_Land_Stand_Heavy_Rfoot.uasset" 2810
"G:/Projets Unreal en cours/ICAN_Backrooms/Content/Characters/UEFN_Mannequin/Animations/Jump/M_Neutral_Jump_RL_Land_Stand_Heavy_Rfoot.uexp" 2811
"G:/Projets Unreal en cours/ICAN_Backrooms/Content/Characters/UEFN_Mannequin/Animations/MotionMatchingData/Databases/Dense/PSD_Dense_Stand_Idle_Lands_Heavy.uasset" 2812
"G:/Projets Unreal en cours/ICAN_Backrooms/Content/Characters/UEFN_Mannequin/Animations/MotionMatchingData/Databases/Dense/PSD_Dense_Stand_Idle_Lands_Heavy.uexp" 2813
"G:/Projets Unreal en cours/ICAN_Backrooms/Content/Characters/UEFN_Mannequin/Animations/Jump/M_Neutral_Jump_B_Land_Walk_Heavy.uasset" 2814
"G:/Projets Unreal en cours/ICAN_Backrooms/Content/Characters/UEFN_Mannequin/Animations/Jump/M_Neutral_Jump_B_Land_Walk_Heavy.uexp" 2815
"G:/Projets Unreal en cours/ICAN_Backrooms/Content/Characters/UEFN_Mannequin/Animations/Jump/M_Neutral_Jump_RL_Land_Walk_Heavy.uasset" 2816
"G:/Projets Unreal en cours/ICAN_Backrooms/Content/Characters/UEFN_Mannequin/Animations/Jump/M_Neutral_Jump_RL_Land_Walk_Heavy.uexp" 2817
"G:/Projets Unreal en cours/ICAN_Backrooms/Content/Characters/UEFN_Mannequin/Animations/Jump/M_Neutral_Jump_F_Land_Walk_Heavy_Lfoot.uasset" 2818
"G:/Projets Unreal en cours/ICAN_Backrooms/Content/Characters/UEFN_Mannequin/Animations/Jump/M_Neutral_Jump_F_Land_Walk_Heavy_Lfoot.uexp" 2819
"G:/Projets Unreal en cours/ICAN_Backrooms/Content/Characters/UEFN_Mannequin/Animations/MotionMatchingData/Databases/Dense/PSD_Dense_Stand_Walk_Lands_Heavy.uasset" 2820
"G:/Projets Unreal en cours/ICAN_Backrooms/Content/Characters/UEFN_Mannequin/Animations/MotionMatchingData/Databases/Dense/PSD_Dense_Stand_Walk_Lands_Heavy.uexp" 2821
"G:/Projets Unreal en cours/ICAN_Backrooms/Content/Characters/UEFN_Mannequin/Animations/Walk/M_Neutral_Walk_Start_FL_Rfoot.uasset" 2822
"G:/Projets Unreal en cours/ICAN_Backrooms/Content/Characters/UEFN_Mannequin/Animations/Walk/M_Neutral_Walk_Start_FL_Rfoot.uexp" 2823
"G:/Projets Unreal en cours/ICAN_Backrooms/Content/Characters/UEFN_Mannequin/Animations/Walk/M_Neutral_Walk_Start_FR_Lfoot.uasset" 2824
"G:/Projets Unreal en cours/ICAN_Backrooms/Content/Characters/UEFN_Mannequin/Animations/Walk/M_Neutral_Walk_Start_FR_Lfoot.uexp" 2825
"G:/Projets Unreal en cours/ICAN_Backrooms/Content/Characters/UEFN_Mannequin/Animations/Walk/M_Neutral_Walk_Start_BL_Rfoot.uasset" 2826
"G:/Projets Unreal en cours/ICAN_Backrooms/Content/Characters/UEFN_Mannequin/Animations/Walk/M_Neutral_Walk_Start_BL_Rfoot.uexp" 2827
"G:/Projets Unreal en cours/ICAN_Backrooms/Content/Characters/UEFN_Mannequin/Animations/Walk/M_Neutral_Walk_Start_FL_Lfoot.uasset" 2828
"G:/Projets Unreal en cours/ICAN_Backrooms/Content/Characters/UEFN_Mannequin/Animations/Walk/M_Neutral_Walk_Start_FL_Lfoot.uexp" 2829
"G:/Projets Unreal en cours/ICAN_Backrooms/Content/Characters/UEFN_Mannequin/Animations/Walk/M_Neutral_Walk_Start_B_Rfoot.uasset" 2830
"G:/Projets Unreal en cours/ICAN_Backrooms/Content/Characters/UEFN_Mannequin/Animations/Walk/M_Neutral_Walk_Start_B_Rfoot.uexp" 2831
"G:/Projets Unreal en cours/ICAN_Backrooms/Content/Characters/UEFN_Mannequin/Animations/Walk/M_Neutral_Walk_Start_RL_Rfoot.uasset" 2832
"G:/Projets Unreal en cours/ICAN_Backrooms/Content/Characters/UEFN_Mannequin/Animations/Walk/M_Neutral_Walk_Start_RL_Rfoot.uexp" 2833
"G:/Projets Unreal en cours/ICAN_Backrooms/Content/Characters/UEFN_Mannequin/Animations/Walk/M_Neutral_Walk_Start_BR_Lfoot.uasset" 2834
"G:/Projets Unreal en cours/ICAN_Backrooms/Content/Characters/UEFN_Mannequin/Animations/Walk/M_Neutral_Walk_Start_BR_Lfoot.uexp" 2835
"G:/Projets Unreal en cours/ICAN_Backrooms/Content/Characters/UEFN_Mannequin/Animations/Walk/M_Neutral_Walk_Start_BL_Lfoot.uasset" 2836
"G:/Projets Unreal en cours/ICAN_Backrooms/Content/Characters/UEFN_Mannequin/Animations/Walk/M_Neutral_Walk_Start_BL_Lfoot.uexp" 2837
"G:/Projets Unreal en cours/ICAN_Backrooms/Content/Characters/UEFN_Mannequin/Animations/Walk/M_Neutral_Walk_Start_B_Lfoot.uasset" 2838
"G:/Projets Unreal en cours/ICAN_Backrooms/Content/Characters/UEFN_Mannequin/Animations/Walk/M_Neutral_Walk_Start_B_Lfoot.uexp" 2839
"G:/Projets Unreal en cours/ICAN_Backrooms/Content/Characters/UEFN_Mannequin/Animations/Walk/M_Neutral_Walk_Start_BR_Rfoot.uasset" 2840
"G:/Projets Unreal en cours/ICAN_Backrooms/Content/Characters/UEFN_Mannequin/Animations/Walk/M_Neutral_Walk_Start_BR_Rfoot.uexp" 2841
"G:/Projets Unreal en cours/ICAN_Backrooms/Content/Characters/UEFN_Mannequin/Animations/Walk/M_Neutral_Walk_Start_FR_Rfoot.uasset" 2842
"G:/Projets Unreal en cours/ICAN_Backrooms/Content/Characters/UEFN_Mannequin/Animations/Walk/M_Neutral_Walk_Start_FR_Rfoot.uexp" 2843
"G:/Projets Unreal en cours/ICAN_Backrooms/Content/Characters/UEFN_Mannequin/Animations/Walk/M_Neutral_Walk_Start_F_Lfoot.uasset" 2844
"G:/Projets Unreal en cours/ICAN_Backrooms/Content/Characters/UEFN_Mannequin/Animations/Walk/M_Neutral_Walk_Start_F_Lfoot.uexp" 2845
"G:/Projets Unreal en cours/ICAN_Backrooms/Content/Characters/UEFN_Mannequin/Animations/Walk/M_Neutral_Walk_Start_LL_Lfoot.uasset" 2846
"G:/Projets Unreal en cours/ICAN_Backrooms/Content/Characters/UEFN_Mannequin/Animations/Walk/M_Neutral_Walk_Start_LL_Lfoot.uexp" 2847
"../../../Engine/Plugins/Animation/ACLPlugin/Content/ACLAnimCurveCompressionSettings.uasset" 2848
"../../../Engine/Plugins/Animation/ACLPlugin/Content/ACLAnimCurveCompressionSettings.uexp" 2849
"G:/Projets Unreal en cours/ICAN_Backrooms/Content/Characters/UEFN_Mannequin/Animations/Walk/M_Neutral_Walk_Start_F_Rfoot.uasset" 2850
"G:/Projets Unreal en cours/ICAN_Backrooms/Content/Characters/UEFN_Mannequin/Animations/Walk/M_Neutral_Walk_Start_F_Rfoot.uexp" 2851
"G:/Projets Unreal en cours/ICAN_Backrooms/Content/Characters/UEFN_Mannequin/Animations/Walk/M_Neutral_Walk_Start_LR_Lfoot.uasset" 2852
"G:/Projets Unreal en cours/ICAN_Backrooms/Content/Characters/UEFN_Mannequin/Animations/Walk/M_Neutral_Walk_Start_LR_Lfoot.uexp" 2853
"G:/Projets Unreal en cours/ICAN_Backrooms/Content/Characters/UEFN_Mannequin/Animations/Walk/M_Neutral_Walk_Start_LR_Rfoot.uasset" 2854
"G:/Projets Unreal en cours/ICAN_Backrooms/Content/Characters/UEFN_Mannequin/Animations/Walk/M_Neutral_Walk_Start_LR_Rfoot.uexp" 2855
"G:/Projets Unreal en cours/ICAN_Backrooms/Content/Characters/UEFN_Mannequin/Animations/Walk/M_Neutral_Walk_Start_RR_Lfoot.uasset" 2856
"G:/Projets Unreal en cours/ICAN_Backrooms/Content/Characters/UEFN_Mannequin/Animations/Walk/M_Neutral_Walk_Start_RR_Lfoot.uexp" 2857
"G:/Projets Unreal en cours/ICAN_Backrooms/Content/Characters/UEFN_Mannequin/Animations/MotionMatchingData/Databases/Dense/PSD_Dense_Stand_Walk_Starts.uasset" 2858
"G:/Projets Unreal en cours/ICAN_Backrooms/Content/Characters/UEFN_Mannequin/Animations/MotionMatchingData/Databases/Dense/PSD_Dense_Stand_Walk_Starts.uexp" 2859
"G:/Projets Unreal en cours/ICAN_Backrooms/Content/Characters/UEFN_Mannequin/Animations/Run/M_Neutral_Run_Loop_F_R_20.uasset" 2860
"G:/Projets Unreal en cours/ICAN_Backrooms/Content/Characters/UEFN_Mannequin/Animations/Run/M_Neutral_Run_Loop_F_R_20.uexp" 2861
"G:/Projets Unreal en cours/ICAN_Backrooms/Content/Characters/UEFN_Mannequin/Animations/Run/M_Neutral_Transition_Walk_to_Run_Rfoot.uasset" 2862
"G:/Projets Unreal en cours/ICAN_Backrooms/Content/Characters/UEFN_Mannequin/Animations/Run/M_Neutral_Transition_Walk_to_Run_Rfoot.uexp" 2863
"G:/Projets Unreal en cours/ICAN_Backrooms/Content/Characters/UEFN_Mannequin/Animations/Run/M_Neutral_Run_Loop_BR.uasset" 2864
"G:/Projets Unreal en cours/ICAN_Backrooms/Content/Characters/UEFN_Mannequin/Animations/Run/M_Neutral_Run_Loop_BR.uexp" 2865
"G:/Projets Unreal en cours/ICAN_Backrooms/Content/Characters/UEFN_Mannequin/Animations/Run/M_Neutral_Run_Loop_BL.uasset" 2866
"G:/Projets Unreal en cours/ICAN_Backrooms/Content/Characters/UEFN_Mannequin/Animations/Run/M_Neutral_Run_Loop_BL.uexp" 2867
"G:/Projets Unreal en cours/ICAN_Backrooms/Content/Characters/UEFN_Mannequin/Animations/Run/M_Neutral_Transition_Sprint_to_Run_Lfoot.uasset" 2868
"G:/Projets Unreal en cours/ICAN_Backrooms/Content/Characters/UEFN_Mannequin/Animations/Run/M_Neutral_Transition_Sprint_to_Run_Lfoot.uexp" 2869
"G:/Projets Unreal en cours/ICAN_Backrooms/Content/Characters/UEFN_Mannequin/Animations/Run/M_Neutral_Run_Loop_F_L_20.uasset" 2870
"G:/Projets Unreal en cours/ICAN_Backrooms/Content/Characters/UEFN_Mannequin/Animations/Run/M_Neutral_Run_Loop_F_L_20.uexp" 2871
"G:/Projets Unreal en cours/ICAN_Backrooms/Content/Characters/UEFN_Mannequin/Animations/Run/M_Neutral_Run_Loop_LR_offset.uasset" 2872
"G:/Projets Unreal en cours/ICAN_Backrooms/Content/Characters/UEFN_Mannequin/Animations/Run/M_Neutral_Run_Loop_LR_offset.uexp" 2873
"G:/Projets Unreal en cours/ICAN_Backrooms/Content/Characters/UEFN_Mannequin/Animations/Run/M_Neutral_Transition_Walk_to_Run_Lfoot.uasset" 2874
"G:/Projets Unreal en cours/ICAN_Backrooms/Content/Characters/UEFN_Mannequin/Animations/Run/M_Neutral_Transition_Walk_to_Run_Lfoot.uexp" 2875
"G:/Projets Unreal en cours/ICAN_Backrooms/Content/Characters/UEFN_Mannequin/Animations/Run/M_Neutral_Run_Loop_FL.uasset" 2876
"G:/Projets Unreal en cours/ICAN_Backrooms/Content/Characters/UEFN_Mannequin/Animations/Run/M_Neutral_Run_Loop_FL.uexp" 2877
"G:/Projets Unreal en cours/ICAN_Backrooms/Content/Characters/UEFN_Mannequin/Animations/Run/M_Neutral_Run_Loop_FR.uasset" 2878
"G:/Projets Unreal en cours/ICAN_Backrooms/Content/Characters/UEFN_Mannequin/Animations/Run/M_Neutral_Run_Loop_FR.uexp" 2879
"G:/Projets Unreal en cours/ICAN_Backrooms/Content/Characters/UEFN_Mannequin/Animations/Run/M_Neutral_Run_Loop_RR_offset.uasset" 2880
"G:/Projets Unreal en cours/ICAN_Backrooms/Content/Characters/UEFN_Mannequin/Animations/Run/M_Neutral_Run_Loop_RR_offset.uexp" 2881
"G:/Projets Unreal en cours/ICAN_Backrooms/Content/Characters/UEFN_Mannequin/Animations/Run/M_Neutral_Transition_Sprint_to_Run_Rfoot.uasset" 2882
"G:/Projets Unreal en cours/ICAN_Backrooms/Content/Characters/UEFN_Mannequin/Animations/Run/M_Neutral_Transition_Sprint_to_Run_Rfoot.uexp" 2883
"G:/Projets Unreal en cours/ICAN_Backrooms/Content/Characters/UEFN_Mannequin/Animations/MotionMatchingData/Databases/Dense/PSD_Dense_Stand_Run_Loops.uasset" 2884
"G:/Projets Unreal en cours/ICAN_Backrooms/Content/Characters/UEFN_Mannequin/Animations/MotionMatchingData/Databases/Dense/PSD_Dense_Stand_Run_Loops.uexp" 2885
"G:/Projets Unreal en cours/ICAN_Backrooms/Content/Characters/UEFN_Mannequin/Animations/MotionMatchingData/Databases/Dense/PSD_Dense_Stand_Idles.uasset" 2886
"G:/Projets Unreal en cours/ICAN_Backrooms/Content/Characters/UEFN_Mannequin/Animations/MotionMatchingData/Databases/Dense/PSD_Dense_Stand_Idles.uexp" 2887
"G:/Projets Unreal en cours/ICAN_Backrooms/Content/Characters/UEFN_Mannequin/Animations/Walk/M_Neutral_Walk_Hourglass_FR_LR_Rfoot.uasset" 2888
"G:/Projets Unreal en cours/ICAN_Backrooms/Content/Characters/UEFN_Mannequin/Animations/Walk/M_Neutral_Walk_Hourglass_FR_LR_Rfoot.uexp" 2889
"G:/Projets Unreal en cours/ICAN_Backrooms/Content/Characters/UEFN_Mannequin/Animations/Walk/M_Neutral_Walk_Hourglass_LR_BR_Rfoot.uasset" 2890
"G:/Projets Unreal en cours/ICAN_Backrooms/Content/Characters/UEFN_Mannequin/Animations/Walk/M_Neutral_Walk_Hourglass_LR_BR_Rfoot.uexp" 2891
"G:/Projets Unreal en cours/ICAN_Backrooms/Content/Characters/UEFN_Mannequin/Animations/Walk/M_Neutral_Walk_Diamond_BL_FL_Lfoot.uasset" 2892
"G:/Projets Unreal en cours/ICAN_Backrooms/Content/Characters/UEFN_Mannequin/Animations/Walk/M_Neutral_Walk_Diamond_BL_FL_Lfoot.uexp" 2893
"G:/Projets Unreal en cours/ICAN_Backrooms/Content/Characters/UEFN_Mannequin/Animations/Walk/M_Neutral_Walk_Prism_F_FR_Rfoot.uasset" 2894
"G:/Projets Unreal en cours/ICAN_Backrooms/Content/Characters/UEFN_Mannequin/Animations/Walk/M_Neutral_Walk_Prism_F_FR_Rfoot.uexp" 2895
"G:/Projets Unreal en cours/ICAN_Backrooms/Content/Characters/UEFN_Mannequin/Animations/Walk/M_Neutral_Walk_Hourglass_BR_LL_Rfoot.uasset" 2896
"G:/Projets Unreal en cours/ICAN_Backrooms/Content/Characters/UEFN_Mannequin/Animations/Walk/M_Neutral_Walk_Hourglass_BR_LL_Rfoot.uexp" 2897
"G:/Projets Unreal en cours/ICAN_Backrooms/Content/Characters/UEFN_Mannequin/Animations/Walk/M_Neutral_Walk_Diamond_BR_FR_Rfoot.uasset" 2898
"G:/Projets Unreal en cours/ICAN_Backrooms/Content/Characters/UEFN_Mannequin/Animations/Walk/M_Neutral_Walk_Diamond_BR_FR_Rfoot.uexp" 2899
"G:/Projets Unreal en cours/ICAN_Backrooms/Content/Characters/UEFN_Mannequin/Animations/Walk/M_Neutral_Walk_Diamond_FL_BL_Rfoot.uasset" 2900
"G:/Projets Unreal en cours/ICAN_Backrooms/Content/Characters/UEFN_Mannequin/Animations/Walk/M_Neutral_Walk_Diamond_FL_BL_Rfoot.uexp" 2901
"G:/Projets Unreal en cours/ICAN_Backrooms/Content/Characters/UEFN_Mannequin/Animations/Walk/M_Neutral_Walk_Hourglass_LL_FR_Lfoot.uasset" 2902
"G:/Projets Unreal en cours/ICAN_Backrooms/Content/Characters/UEFN_Mannequin/Animations/Walk/M_Neutral_Walk_Hourglass_LL_FR_Lfoot.uexp" 2903
"G:/Projets Unreal en cours/ICAN_Backrooms/Content/Characters/UEFN_Mannequin/Animations/Walk/M_Neutral_Walk_Diamond_F_BL_Lfoot.uasset" 2904
"G:/Projets Unreal en cours/ICAN_Backrooms/Content/Characters/UEFN_Mannequin/Animations/Walk/M_Neutral_Walk_Diamond_F_BL_Lfoot.uexp" 2905
"G:/Projets Unreal en cours/ICAN_Backrooms/Content/Characters/UEFN_Mannequin/Animations/Walk/M_Neutral_Walk_Diamond_BR_F_Rfoot.uasset" 2906
"G:/Projets Unreal en cours/ICAN_Backrooms/Content/Characters/UEFN_Mannequin/Animations/Walk/M_Neutral_Walk_Diamond_BR_F_Rfoot.uexp" 2907
"G:/Projets Unreal en cours/ICAN_Backrooms/Content/Characters/UEFN_Mannequin/Animations/Walk/M_Neutral_Walk_Hourglass_BL_RR_Lfoot.uasset" 2908
"G:/Projets Unreal en cours/ICAN_Backrooms/Content/Characters/UEFN_Mannequin/Animations/Walk/M_Neutral_Walk_Hourglass_BL_RR_Lfoot.uexp" 2909
"G:/Projets Unreal en cours/ICAN_Backrooms/Content/Characters/UEFN_Mannequin/Animations/Walk/M_Neutral_Walk_Hourglass_LL_BR_Rfoot.uasset" 2910
"G:/Projets Unreal en cours/ICAN_Backrooms/Content/Characters/UEFN_Mannequin/Animations/Walk/M_Neutral_Walk_Hourglass_LL_BR_Rfoot.uexp" 2911
"G:/Projets Unreal en cours/ICAN_Backrooms/Content/Characters/UEFN_Mannequin/Animations/Walk/M_Neutral_Walk_Hourglass_BR_LL_Lfoot.uasset" 2912
"G:/Projets Unreal en cours/ICAN_Backrooms/Content/Characters/UEFN_Mannequin/Animations/Walk/M_Neutral_Walk_Hourglass_BR_LL_Lfoot.uexp" 2913
"G:/Projets Unreal en cours/ICAN_Backrooms/Content/Characters/UEFN_Mannequin/Animations/Walk/M_Neutral_Walk_Hourglass_LR_FR_Rfoot.uasset" 2914
"G:/Projets Unreal en cours/ICAN_Backrooms/Content/Characters/UEFN_Mannequin/Animations/Walk/M_Neutral_Walk_Hourglass_LR_FR_Rfoot.uexp" 2915
"G:/Projets Unreal en cours/ICAN_Backrooms/Content/Characters/UEFN_Mannequin/Animations/Walk/M_Neutral_Walk_Pivot_BR_FL_Rfoot.uasset" 2916
"G:/Projets Unreal en cours/ICAN_Backrooms/Content/Characters/UEFN_Mannequin/Animations/Walk/M_Neutral_Walk_Pivot_BR_FL_Rfoot.uexp" 2917
"G:/Projets Unreal en cours/ICAN_Backrooms/Content/Characters/UEFN_Mannequin/Animations/Walk/M_Neutral_Walk_Diamond_B_FL_Rfoot.uasset" 2918
"G:/Projets Unreal en cours/ICAN_Backrooms/Content/Characters/UEFN_Mannequin/Animations/Walk/M_Neutral_Walk_Diamond_B_FL_Rfoot.uexp" 2919
"G:/Projets Unreal en cours/ICAN_Backrooms/Content/Characters/UEFN_Mannequin/Animations/Walk/M_Neutral_Walk_Hourglass_RL_FL_Rfoot.uasset" 2920
"G:/Projets Unreal en cours/ICAN_Backrooms/Content/Characters/UEFN_Mannequin/Animations/Walk/M_Neutral_Walk_Hourglass_RL_FL_Rfoot.uexp" 2921
"G:/Projets Unreal en cours/ICAN_Backrooms/Content/Characters/UEFN_Mannequin/Animations/Walk/M_Neutral_Walk_Hourglass_LL_FR_Rfoot.uasset" 2922
"G:/Projets Unreal en cours/ICAN_Backrooms/Content/Characters/UEFN_Mannequin/Animations/Walk/M_Neutral_Walk_Hourglass_LL_FR_Rfoot.uexp" 2923
"G:/Projets Unreal en cours/ICAN_Backrooms/Content/Characters/UEFN_Mannequin/Animations/Walk/M_Neutral_Walk_Box_LL_B_Rfoot.uasset" 2924
"G:/Projets Unreal en cours/ICAN_Backrooms/Content/Characters/UEFN_Mannequin/Animations/Walk/M_Neutral_Walk_Box_LL_B_Rfoot.uexp" 2925
"G:/Projets Unreal en cours/ICAN_Backrooms/Content/Characters/UEFN_Mannequin/Animations/Walk/M_Neutral_Walk_Diamond_BL_F_Lfoot.uasset" 2926
"G:/Projets Unreal en cours/ICAN_Backrooms/Content/Characters/UEFN_Mannequin/Animations/Walk/M_Neutral_Walk_Diamond_BL_F_Lfoot.uexp" 2927
"G:/Projets Unreal en cours/ICAN_Backrooms/Content/Characters/UEFN_Mannequin/Animations/Walk/M_Neutral_Walk_Prism_F_FL_Rfoot.uasset" 2928
"G:/Projets Unreal en cours/ICAN_Backrooms/Content/Characters/UEFN_Mannequin/Animations/Walk/M_Neutral_Walk_Prism_F_FL_Rfoot.uexp" 2929
"G:/Projets Unreal en cours/ICAN_Backrooms/Content/Characters/UEFN_Mannequin/Animations/Walk/M_Neutral_Walk_Diamond_BL_BR_Lfoot.uasset" 2930
"G:/Projets Unreal en cours/ICAN_Backrooms/Content/Characters/UEFN_Mannequin/Animations/Walk/M_Neutral_Walk_Diamond_BL_BR_Lfoot.uexp" 2931
"G:/Projets Unreal en cours/ICAN_Backrooms/Content/Characters/UEFN_Mannequin/Animations/Walk/M_Neutral_Walk_Box_F_RR_Rfoot.uasset" 2932
"G:/Projets Unreal en cours/ICAN_Backrooms/Content/Characters/UEFN_Mannequin/Animations/Walk/M_Neutral_Walk_Box_F_RR_Rfoot.uexp" 2933
"G:/Projets Unreal en cours/ICAN_Backrooms/Content/Characters/UEFN_Mannequin/Animations/Walk/M_Neutral_Walk_Turn_R_180_Lfoot.uasset" 2934
"G:/Projets Unreal en cours/ICAN_Backrooms/Content/Characters/UEFN_Mannequin/Animations/Walk/M_Neutral_Walk_Turn_R_180_Lfoot.uexp" 2935
"G:/Projets Unreal en cours/ICAN_Backrooms/Content/Characters/UEFN_Mannequin/Animations/Walk/M_Neutral_Walk_Diamond_FR_BR_Lfoot.uasset" 2936
"G:/Projets Unreal en cours/ICAN_Backrooms/Content/Characters/UEFN_Mannequin/Animations/Walk/M_Neutral_Walk_Diamond_FR_BR_Lfoot.uexp" 2937
"G:/Projets Unreal en cours/ICAN_Backrooms/Content/Characters/UEFN_Mannequin/Animations/Walk/M_Neutral_Walk_Diamond_FL_B_Rfoot.uasset" 2938
"G:/Projets Unreal en cours/ICAN_Backrooms/Content/Characters/UEFN_Mannequin/Animations/Walk/M_Neutral_Walk_Diamond_FL_B_Rfoot.uexp" 2939
"G:/Projets Unreal en cours/ICAN_Backrooms/Content/Characters/UEFN_Mannequin/Animations/Walk/M_Neutral_Walk_Turn_L_180_Rfoot.uasset" 2940
"G:/Projets Unreal en cours/ICAN_Backrooms/Content/Characters/UEFN_Mannequin/Animations/Walk/M_Neutral_Walk_Turn_L_180_Rfoot.uexp" 2941
"G:/Projets Unreal en cours/ICAN_Backrooms/Content/Characters/UEFN_Mannequin/Animations/Walk/M_Neutral_Walk_Box_RR_B_Lfoot.uasset" 2942
"G:/Projets Unreal en cours/ICAN_Backrooms/Content/Characters/UEFN_Mannequin/Animations/Walk/M_Neutral_Walk_Box_RR_B_Lfoot.uexp" 2943
"G:/Projets Unreal en cours/ICAN_Backrooms/Content/Characters/UEFN_Mannequin/Animations/Walk/M_Neutral_Walk_Box_F_LR_Lfoot.uasset" 2944
"G:/Projets Unreal en cours/ICAN_Backrooms/Content/Characters/UEFN_Mannequin/Animations/Walk/M_Neutral_Walk_Box_F_LR_Lfoot.uexp" 2945
"G:/Projets Unreal en cours/ICAN_Backrooms/Content/Characters/UEFN_Mannequin/Animations/Walk/M_Neutral_Walk_Hourglass_RR_BL_Rfoot.uasset" 2946
"G:/Projets Unreal en cours/ICAN_Backrooms/Content/Characters/UEFN_Mannequin/Animations/Walk/M_Neutral_Walk_Hourglass_RR_BL_Rfoot.uexp" 2947
"G:/Projets Unreal en cours/ICAN_Backrooms/Content/Characters/UEFN_Mannequin/Animations/Walk/M_Neutral_Walk_Box_B_RL_Rfoot.uasset" 2948
"G:/Projets Unreal en cours/ICAN_Backrooms/Content/Characters/UEFN_Mannequin/Animations/Walk/M_Neutral_Walk_Box_B_RL_Rfoot.uexp" 2949
"G:/Projets Unreal en cours/ICAN_Backrooms/Content/Characters/UEFN_Mannequin/Animations/Walk/M_Neutral_Walk_Pivot_FR_BL_Lfoot.uasset" 2950
"G:/Projets Unreal en cours/ICAN_Backrooms/Content/Characters/UEFN_Mannequin/Animations/Walk/M_Neutral_Walk_Pivot_FR_BL_Lfoot.uexp" 2951
"G:/Projets Unreal en cours/ICAN_Backrooms/Content/Characters/UEFN_Mannequin/Animations/Walk/M_Neutral_Walk_Diamond_F_BR_Lfoot.uasset" 2952
"G:/Projets Unreal en cours/ICAN_Backrooms/Content/Characters/UEFN_Mannequin/Animations/Walk/M_Neutral_Walk_Diamond_F_BR_Lfoot.uexp" 2953
"G:/Projets Unreal en cours/ICAN_Backrooms/Content/Characters/UEFN_Mannequin/Animations/Walk/M_Neutral_Walk_Diamond_FL_FR_Rfoot.uasset" 2954
"G:/Projets Unreal en cours/ICAN_Backrooms/Content/Characters/UEFN_Mannequin/Animations/Walk/M_Neutral_Walk_Diamond_FL_FR_Rfoot.uexp" 2955
"G:/Projets Unreal en cours/ICAN_Backrooms/Content/Characters/UEFN_Mannequin/Animations/Walk/M_Neutral_Walk_Diamond_FR_B_Rfoot.uasset" 2956
"G:/Projets Unreal en cours/ICAN_Backrooms/Content/Characters/UEFN_Mannequin/Animations/Walk/M_Neutral_Walk_Diamond_FR_B_Rfoot.uexp" 2957
"G:/Projets Unreal en cours/ICAN_Backrooms/Content/Characters/UEFN_Mannequin/Animations/Walk/M_Neutral_Walk_Pivot_FL_BR_Lfoot.uasset" 2958
"G:/Projets Unreal en cours/ICAN_Backrooms/Content/Characters/UEFN_Mannequin/Animations/Walk/M_Neutral_Walk_Pivot_FL_BR_Lfoot.uexp" 2959
"G:/Projets Unreal en cours/ICAN_Backrooms/Content/Characters/UEFN_Mannequin/Animations/Walk/M_Neutral_Walk_Hourglass_LL_BR_Lfoot.uasset" 2960
"G:/Projets Unreal en cours/ICAN_Backrooms/Content/Characters/UEFN_Mannequin/Animations/Walk/M_Neutral_Walk_Hourglass_LL_BR_Lfoot.uexp" 2961
"G:/Projets Unreal en cours/ICAN_Backrooms/Content/Characters/UEFN_Mannequin/Animations/Walk/M_Neutral_Walk_Hourglass_FR_LL_Lfoot.uasset" 2962
"G:/Projets Unreal en cours/ICAN_Backrooms/Content/Characters/UEFN_Mannequin/Animations/Walk/M_Neutral_Walk_Hourglass_FR_LL_Lfoot.uexp" 2963
"G:/Projets Unreal en cours/ICAN_Backrooms/Content/Characters/UEFN_Mannequin/Animations/Walk/M_Neutral_Walk_Pivot_FL_BR_Rfoot.uasset" 2964
"G:/Projets Unreal en cours/ICAN_Backrooms/Content/Characters/UEFN_Mannequin/Animations/Walk/M_Neutral_Walk_Pivot_FL_BR_Rfoot.uexp" 2965
"G:/Projets Unreal en cours/ICAN_Backrooms/Content/Characters/UEFN_Mannequin/Animations/Walk/M_Neutral_Walk_Hourglass_LR_BR_Lfoot.uasset" 2966
"G:/Projets Unreal en cours/ICAN_Backrooms/Content/Characters/UEFN_Mannequin/Animations/Walk/M_Neutral_Walk_Hourglass_LR_BR_Lfoot.uexp" 2967
"G:/Projets Unreal en cours/ICAN_Backrooms/Content/Characters/UEFN_Mannequin/Animations/Walk/M_Neutral_Walk_Turn_R_180_Rfoot.uasset" 2968
"G:/Projets Unreal en cours/ICAN_Backrooms/Content/Characters/UEFN_Mannequin/Animations/Walk/M_Neutral_Walk_Turn_R_180_Rfoot.uexp" 2969
"G:/Projets Unreal en cours/ICAN_Backrooms/Content/Characters/UEFN_Mannequin/Animations/Walk/M_Neutral_Walk_Hourglass_FR_LL_Rfoot.uasset" 2970
"G:/Projets Unreal en cours/ICAN_Backrooms/Content/Characters/UEFN_Mannequin/Animations/Walk/M_Neutral_Walk_Hourglass_FR_LL_Rfoot.uexp" 2971
"G:/Projets Unreal en cours/ICAN_Backrooms/Content/Characters/UEFN_Mannequin/Animations/Walk/M_Neutral_Walk_Pivot_B_F_Rfoot.uasset" 2972
"G:/Projets Unreal en cours/ICAN_Backrooms/Content/Characters/UEFN_Mannequin/Animations/Walk/M_Neutral_Walk_Pivot_B_F_Rfoot.uexp" 2973
"G:/Projets Unreal en cours/ICAN_Backrooms/Content/Characters/UEFN_Mannequin/Animations/Walk/M_Neutral_Walk_Diamond_BL_BR_Rfoot.uasset" 2974
"G:/Projets Unreal en cours/ICAN_Backrooms/Content/Characters/UEFN_Mannequin/Animations/Walk/M_Neutral_Walk_Diamond_BL_BR_Rfoot.uexp" 2975
"G:/Projets Unreal en cours/ICAN_Backrooms/Content/Characters/UEFN_Mannequin/Animations/Walk/M_Neutral_Walk_Box_F_RR_Lfoot.uasset" 2976
"G:/Projets Unreal en cours/ICAN_Backrooms/Content/Characters/UEFN_Mannequin/Animations/Walk/M_Neutral_Walk_Box_F_RR_Lfoot.uexp" 2977
"G:/Projets Unreal en cours/ICAN_Backrooms/Content/Characters/UEFN_Mannequin/Animations/Walk/M_Neutral_Walk_Box_B_LR_Rfoot.uasset" 2978
"G:/Projets Unreal en cours/ICAN_Backrooms/Content/Characters/UEFN_Mannequin/Animations/Walk/M_Neutral_Walk_Box_B_LR_Rfoot.uexp" 2979
"G:/Projets Unreal en cours/ICAN_Backrooms/Content/Characters/UEFN_Mannequin/Animations/Walk/M_Neutral_Walk_Diamond_BL_FL_Rfoot.uasset" 2980
"G:/Projets Unreal en cours/ICAN_Backrooms/Content/Characters/UEFN_Mannequin/Animations/Walk/M_Neutral_Walk_Diamond_BL_FL_Rfoot.uexp" 2981
"G:/Projets Unreal en cours/ICAN_Backrooms/Content/Characters/UEFN_Mannequin/Animations/Walk/M_Neutral_Walk_Pivot_RL_LL_Rfoot.uasset" 2982
"G:/Projets Unreal en cours/ICAN_Backrooms/Content/Characters/UEFN_Mannequin/Animations/Walk/M_Neutral_Walk_Pivot_RL_LL_Rfoot.uexp" 2983
"G:/Projets Unreal en cours/ICAN_Backrooms/Content/Characters/UEFN_Mannequin/Animations/Walk/M_Neutral_Walk_Diamond_FR_FL_Rfoot.uasset" 2984
"G:/Projets Unreal en cours/ICAN_Backrooms/Content/Characters/UEFN_Mannequin/Animations/Walk/M_Neutral_Walk_Diamond_FR_FL_Rfoot.uexp" 2985
"G:/Projets Unreal en cours/ICAN_Backrooms/Content/Characters/UEFN_Mannequin/Animations/Walk/M_Neutral_Walk_Hourglass_RL_BL_Lfoot.uasset" 2986
"G:/Projets Unreal en cours/ICAN_Backrooms/Content/Characters/UEFN_Mannequin/Animations/Walk/M_Neutral_Walk_Hourglass_RL_BL_Lfoot.uexp" 2987
"G:/Projets Unreal en cours/ICAN_Backrooms/Content/Characters/UEFN_Mannequin/Animations/Walk/M_Neutral_Walk_Diamond_FL_B_Lfoot.uasset" 2988
"G:/Projets Unreal en cours/ICAN_Backrooms/Content/Characters/UEFN_Mannequin/Animations/Walk/M_Neutral_Walk_Diamond_FL_B_Lfoot.uexp" 2989
"G:/Projets Unreal en cours/ICAN_Backrooms/Content/Characters/UEFN_Mannequin/Animations/Walk/M_Neutral_Walk_Pivot_BR_FL_Lfoot.uasset" 2990
"G:/Projets Unreal en cours/ICAN_Backrooms/Content/Characters/UEFN_Mannequin/Animations/Walk/M_Neutral_Walk_Pivot_BR_FL_Lfoot.uexp" 2991
"G:/Projets Unreal en cours/ICAN_Backrooms/Content/Characters/UEFN_Mannequin/Animations/Walk/M_Neutral_Walk_Box_B_RR_Rfoot.uasset" 2992
"G:/Projets Unreal en cours/ICAN_Backrooms/Content/Characters/UEFN_Mannequin/Animations/Walk/M_Neutral_Walk_Box_B_RR_Rfoot.uexp" 2993
"G:/Projets Unreal en cours/ICAN_Backrooms/Content/Characters/UEFN_Mannequin/Animations/Walk/M_Neutral_Walk_Hourglass_FR_LR_Lfoot.uasset" 2994
"G:/Projets Unreal en cours/ICAN_Backrooms/Content/Characters/UEFN_Mannequin/Animations/Walk/M_Neutral_Walk_Hourglass_FR_LR_Lfoot.uexp" 2995
"G:/Projets Unreal en cours/ICAN_Backrooms/Content/Characters/UEFN_Mannequin/Animations/Walk/M_Neutral_Walk_Box_B_RR_Lfoot.uasset" 2996
"G:/Projets Unreal en cours/ICAN_Backrooms/Content/Characters/UEFN_Mannequin/Animations/Walk/M_Neutral_Walk_Box_B_RR_Lfoot.uexp" 2997
"G:/Projets Unreal en cours/ICAN_Backrooms/Content/Characters/UEFN_Mannequin/Animations/Walk/M_Neutral_Walk_Hourglass_BL_RL_Lfoot.uasset" 2998
"G:/Projets Unreal en cours/ICAN_Backrooms/Content/Characters/UEFN_Mannequin/Animations/Walk/M_Neutral_Walk_Hourglass_BL_RL_Lfoot.uexp" 2999
"G:/Projets Unreal en cours/ICAN_Backrooms/Content/Characters/UEFN_Mannequin/Animations/Walk/M_Neutral_Walk_Diamond_BR_BL_Lfoot.uasset" 3000
"G:/Projets Unreal en cours/ICAN_Backrooms/Content/Characters/UEFN_Mannequin/Animations/Walk/M_Neutral_Walk_Diamond_BR_BL_Lfoot.uexp" 3001
"G:/Projets Unreal en cours/ICAN_Backrooms/Content/Characters/UEFN_Mannequin/Animations/Walk/M_Neutral_Walk_Hourglass_FL_RL_Lfoot.uasset" 3002
"G:/Projets Unreal en cours/ICAN_Backrooms/Content/Characters/UEFN_Mannequin/Animations/Walk/M_Neutral_Walk_Hourglass_FL_RL_Lfoot.uexp" 3003
"G:/Projets Unreal en cours/ICAN_Backrooms/Content/Characters/UEFN_Mannequin/Animations/Walk/M_Neutral_Walk_Box_LR_B_Rfoot.uasset" 3004
"G:/Projets Unreal en cours/ICAN_Backrooms/Content/Characters/UEFN_Mannequin/Animations/Walk/M_Neutral_Walk_Box_LR_B_Rfoot.uexp" 3005
"G:/Projets Unreal en cours/ICAN_Backrooms/Content/Characters/UEFN_Mannequin/Animations/Walk/M_Neutral_Walk_Diamond_FR_FL_Lfoot.uasset" 3006
"G:/Projets Unreal en cours/ICAN_Backrooms/Content/Characters/UEFN_Mannequin/Animations/Walk/M_Neutral_Walk_Diamond_FR_FL_Lfoot.uexp" 3007
"G:/Projets Unreal en cours/ICAN_Backrooms/Content/Characters/UEFN_Mannequin/Animations/Walk/M_Neutral_Walk_Pivot_FR_BL_Rfoot.uasset" 3008
"G:/Projets Unreal en cours/ICAN_Backrooms/Content/Characters/UEFN_Mannequin/Animations/Walk/M_Neutral_Walk_Pivot_FR_BL_Rfoot.uexp" 3009
"G:/Projets Unreal en cours/ICAN_Backrooms/Content/Characters/UEFN_Mannequin/Animations/Walk/M_Neutral_Walk_Hourglass_RR_FL_Lfoot.uasset" 3010
"G:/Projets Unreal en cours/ICAN_Backrooms/Content/Characters/UEFN_Mannequin/Animations/Walk/M_Neutral_Walk_Hourglass_RR_FL_Lfoot.uexp" 3011
"G:/Projets Unreal en cours/ICAN_Backrooms/Content/Characters/UEFN_Mannequin/Animations/Walk/M_Neutral_Walk_Pivot_LR_RR_Lfoot.uasset" 3012
"G:/Projets Unreal en cours/ICAN_Backrooms/Content/Characters/UEFN_Mannequin/Animations/Walk/M_Neutral_Walk_Pivot_LR_RR_Lfoot.uexp" 3013
"G:/Projets Unreal en cours/ICAN_Backrooms/Content/Characters/UEFN_Mannequin/Animations/Walk/M_Neutral_Walk_Diamond_B_FR_Rfoot.uasset" 3014
"G:/Projets Unreal en cours/ICAN_Backrooms/Content/Characters/UEFN_Mannequin/Animations/Walk/M_Neutral_Walk_Diamond_B_FR_Rfoot.uexp" 3015
"G:/Projets Unreal en cours/ICAN_Backrooms/Content/Characters/UEFN_Mannequin/Animations/Walk/M_Neutral_Walk_Pivot_BL_FR_Rfoot.uasset" 3016
"G:/Projets Unreal en cours/ICAN_Backrooms/Content/Characters/UEFN_Mannequin/Animations/Walk/M_Neutral_Walk_Pivot_BL_FR_Rfoot.uexp" 3017
"G:/Projets Unreal en cours/ICAN_Backrooms/Content/Characters/UEFN_Mannequin/Animations/Walk/M_Neutral_Walk_Box_LL_F_Lfoot.uasset" 3018
"G:/Projets Unreal en cours/ICAN_Backrooms/Content/Characters/UEFN_Mannequin/Animations/Walk/M_Neutral_Walk_Box_LL_F_Lfoot.uexp" 3019
"G:/Projets Unreal en cours/ICAN_Backrooms/Content/Characters/UEFN_Mannequin/Animations/Walk/M_Neutral_Walk_Diamond_B_FL_Lfoot.uasset" 3020
"G:/Projets Unreal en cours/ICAN_Backrooms/Content/Characters/UEFN_Mannequin/Animations/Walk/M_Neutral_Walk_Diamond_B_FL_Lfoot.uexp" 3021
"G:/Projets Unreal en cours/ICAN_Backrooms/Content/Characters/UEFN_Mannequin/Animations/Walk/M_Neutral_Walk_Hourglass_RR_BL_Lfoot.uasset" 3022
"G:/Projets Unreal en cours/ICAN_Backrooms/Content/Characters/UEFN_Mannequin/Animations/Walk/M_Neutral_Walk_Hourglass_RR_BL_Lfoot.uexp" 3023
"G:/Projets Unreal en cours/ICAN_Backrooms/Content/Characters/UEFN_Mannequin/Animations/Walk/M_Neutral_Walk_Hourglass_BR_LR_Rfoot.uasset" 3024
"G:/Projets Unreal en cours/ICAN_Backrooms/Content/Characters/UEFN_Mannequin/Animations/Walk/M_Neutral_Walk_Hourglass_BR_LR_Rfoot.uexp" 3025
"G:/Projets Unreal en cours/ICAN_Backrooms/Content/Characters/UEFN_Mannequin/Animations/Walk/M_Neutral_Walk_Prism_F_FL_Lfoot.uasset" 3026
"G:/Projets Unreal en cours/ICAN_Backrooms/Content/Characters/UEFN_Mannequin/Animations/Walk/M_Neutral_Walk_Prism_F_FL_Lfoot.uexp" 3027
"G:/Projets Unreal en cours/ICAN_Backrooms/Content/Characters/UEFN_Mannequin/Animations/Walk/M_Neutral_Walk_Prism_FR_F_Rfoot.uasset" 3028
"G:/Projets Unreal en cours/ICAN_Backrooms/Content/Characters/UEFN_Mannequin/Animations/Walk/M_Neutral_Walk_Prism_FR_F_Rfoot.uexp" 3029
"G:/Projets Unreal en cours/ICAN_Backrooms/Content/Characters/UEFN_Mannequin/Animations/Walk/M_Neutral_Walk_Hourglass_LR_FR_Lfoot.uasset" 3030
"G:/Projets Unreal en cours/ICAN_Backrooms/Content/Characters/UEFN_Mannequin/Animations/Walk/M_Neutral_Walk_Hourglass_LR_FR_Lfoot.uexp" 3031
"G:/Projets Unreal en cours/ICAN_Backrooms/Content/Characters/UEFN_Mannequin/Animations/Walk/M_Neutral_Walk_Diamond_BL_F_Rfoot.uasset" 3032
"G:/Projets Unreal en cours/ICAN_Backrooms/Content/Characters/UEFN_Mannequin/Animations/Walk/M_Neutral_Walk_Diamond_BL_F_Rfoot.uexp" 3033
"G:/Projets Unreal en cours/ICAN_Backrooms/Content/Characters/UEFN_Mannequin/Animations/Walk/M_Neutral_Walk_Hourglass_RL_BL_Rfoot.uasset" 3034
"G:/Projets Unreal en cours/ICAN_Backrooms/Content/Characters/UEFN_Mannequin/Animations/Walk/M_Neutral_Walk_Hourglass_RL_BL_Rfoot.uexp" 3035
"G:/Projets Unreal en cours/ICAN_Backrooms/Content/Characters/UEFN_Mannequin/Animations/Walk/M_Neutral_Walk_Pivot_RR_LR_Rfoot.uasset" 3036
"G:/Projets Unreal en cours/ICAN_Backrooms/Content/Characters/UEFN_Mannequin/Animations/Walk/M_Neutral_Walk_Pivot_RR_LR_Rfoot.uexp" 3037
"G:/Projets Unreal en cours/ICAN_Backrooms/Content/Characters/UEFN_Mannequin/Animations/Walk/M_Neutral_Walk_Hourglass_FL_RR_Lfoot.uasset" 3038
"G:/Projets Unreal en cours/ICAN_Backrooms/Content/Characters/UEFN_Mannequin/Animations/Walk/M_Neutral_Walk_Hourglass_FL_RR_Lfoot.uexp" 3039
"G:/Projets Unreal en cours/ICAN_Backrooms/Content/Characters/UEFN_Mannequin/Animations/Walk/M_Neutral_Walk_Hourglass_FL_RL_Rfoot.uasset" 3040
"G:/Projets Unreal en cours/ICAN_Backrooms/Content/Characters/UEFN_Mannequin/Animations/Walk/M_Neutral_Walk_Hourglass_FL_RL_Rfoot.uexp" 3041
"G:/Projets Unreal en cours/ICAN_Backrooms/Content/Characters/UEFN_Mannequin/Animations/Walk/M_Neutral_Walk_Box_LR_B_Lfoot.uasset" 3042
"G:/Projets Unreal en cours/ICAN_Backrooms/Content/Characters/UEFN_Mannequin/Animations/Walk/M_Neutral_Walk_Box_LR_B_Lfoot.uexp" 3043
"G:/Projets Unreal en cours/ICAN_Backrooms/Content/Characters/UEFN_Mannequin/Animations/Walk/M_Neutral_Walk_Prism_FL_F_Rfoot.uasset" 3044
"G:/Projets Unreal en cours/ICAN_Backrooms/Content/Characters/UEFN_Mannequin/Animations/Walk/M_Neutral_Walk_Prism_FL_F_Rfoot.uexp" 3045
"G:/Projets Unreal en cours/ICAN_Backrooms/Content/Characters/UEFN_Mannequin/Animations/Walk/M_Neutral_Walk_Diamond_B_FR_Lfoot.uasset" 3046
"G:/Projets Unreal en cours/ICAN_Backrooms/Content/Characters/UEFN_Mannequin/Animations/Walk/M_Neutral_Walk_Diamond_B_FR_Lfoot.uexp" 3047
"G:/Projets Unreal en cours/ICAN_Backrooms/Content/Characters/UEFN_Mannequin/Animations/Walk/M_Neutral_Walk_Hourglass_BR_LR_Lfoot.uasset" 3048
"G:/Projets Unreal en cours/ICAN_Backrooms/Content/Characters/UEFN_Mannequin/Animations/Walk/M_Neutral_Walk_Hourglass_BR_LR_Lfoot.uexp" 3049
"G:/Projets Unreal en cours/ICAN_Backrooms/Content/Characters/UEFN_Mannequin/Animations/Walk/M_Neutral_Walk_Box_RL_F_Lfoot.uasset" 3050
"G:/Projets Unreal en cours/ICAN_Backrooms/Content/Characters/UEFN_Mannequin/Animations/Walk/M_Neutral_Walk_Box_RL_F_Lfoot.uexp" 3051
"G:/Projets Unreal en cours/ICAN_Backrooms/Content/Characters/UEFN_Mannequin/Animations/Walk/M_Neutral_Walk_Box_F_RL_Lfoot.uasset" 3052
"G:/Projets Unreal en cours/ICAN_Backrooms/Content/Characters/UEFN_Mannequin/Animations/Walk/M_Neutral_Walk_Box_F_RL_Lfoot.uexp" 3053
"G:/Projets Unreal en cours/ICAN_Backrooms/Content/Characters/UEFN_Mannequin/Animations/Walk/M_Neutral_Walk_Box_LR_F_Rfoot.uasset" 3054
"G:/Projets Unreal en cours/ICAN_Backrooms/Content/Characters/UEFN_Mannequin/Animations/Walk/M_Neutral_Walk_Box_LR_F_Rfoot.uexp" 3055
"G:/Projets Unreal en cours/ICAN_Backrooms/Content/Characters/UEFN_Mannequin/Animations/Walk/M_Neutral_Walk_Hourglass_RL_FL_Lfoot.uasset" 3056
"G:/Projets Unreal en cours/ICAN_Backrooms/Content/Characters/UEFN_Mannequin/Animations/Walk/M_Neutral_Walk_Hourglass_RL_FL_Lfoot.uexp" 3057
"G:/Projets Unreal en cours/ICAN_Backrooms/Content/Characters/UEFN_Mannequin/Animations/Walk/M_Neutral_Walk_Prism_FR_F_Lfoot.uasset" 3058
"G:/Projets Unreal en cours/ICAN_Backrooms/Content/Characters/UEFN_Mannequin/Animations/Walk/M_Neutral_Walk_Prism_FR_F_Lfoot.uexp" 3059
"G:/Projets Unreal en cours/ICAN_Backrooms/Content/Characters/UEFN_Mannequin/Animations/Walk/M_Neutral_Walk_Box_RL_B_Lfoot.uasset" 3060
"G:/Projets Unreal en cours/ICAN_Backrooms/Content/Characters/UEFN_Mannequin/Animations/Walk/M_Neutral_Walk_Box_RL_B_Lfoot.uexp" 3061
"G:/Projets Unreal en cours/ICAN_Backrooms/Content/Characters/UEFN_Mannequin/Animations/Walk/M_Neutral_Walk_Hourglass_FL_RR_Rfoot.uasset" 3062
"G:/Projets Unreal en cours/ICAN_Backrooms/Content/Characters/UEFN_Mannequin/Animations/Walk/M_Neutral_Walk_Hourglass_FL_RR_Rfoot.uexp" 3063
"G:/Projets Unreal en cours/ICAN_Backrooms/Content/Characters/UEFN_Mannequin/Animations/Walk/M_Neutral_Walk_Diamond_F_BR_Rfoot.uasset" 3064
"G:/Projets Unreal en cours/ICAN_Backrooms/Content/Characters/UEFN_Mannequin/Animations/Walk/M_Neutral_Walk_Diamond_F_BR_Rfoot.uexp" 3065
"G:/Projets Unreal en cours/ICAN_Backrooms/Content/Characters/UEFN_Mannequin/Animations/Walk/M_Neutral_Walk_Diamond_BR_F_Lfoot.uasset" 3066
"G:/Projets Unreal en cours/ICAN_Backrooms/Content/Characters/UEFN_Mannequin/Animations/Walk/M_Neutral_Walk_Diamond_BR_F_Lfoot.uexp" 3067
"G:/Projets Unreal en cours/ICAN_Backrooms/Content/Characters/UEFN_Mannequin/Animations/Walk/M_Neutral_Walk_Hourglass_RR_FL_Rfoot.uasset" 3068
"G:/Projets Unreal en cours/ICAN_Backrooms/Content/Characters/UEFN_Mannequin/Animations/Walk/M_Neutral_Walk_Hourglass_RR_FL_Rfoot.uexp" 3069
"G:/Projets Unreal en cours/ICAN_Backrooms/Content/Characters/UEFN_Mannequin/Animations/Walk/M_Neutral_Walk_Diamond_FR_BR_Rfoot.uasset" 3070
"G:/Projets Unreal en cours/ICAN_Backrooms/Content/Characters/UEFN_Mannequin/Animations/Walk/M_Neutral_Walk_Diamond_FR_BR_Rfoot.uexp" 3071
"G:/Projets Unreal en cours/ICAN_Backrooms/Content/Characters/UEFN_Mannequin/Animations/Walk/M_Neutral_Walk_Pivot_F_B_Lfoot.uasset" 3072
"G:/Projets Unreal en cours/ICAN_Backrooms/Content/Characters/UEFN_Mannequin/Animations/Walk/M_Neutral_Walk_Pivot_F_B_Lfoot.uexp" 3073
"G:/Projets Unreal en cours/ICAN_Backrooms/Content/Characters/UEFN_Mannequin/Animations/Walk/M_Neutral_Walk_Turn_L_090_Rfoot.uasset" 3074
"G:/Projets Unreal en cours/ICAN_Backrooms/Content/Characters/UEFN_Mannequin/Animations/Walk/M_Neutral_Walk_Turn_L_090_Rfoot.uexp" 3075
"G:/Projets Unreal en cours/ICAN_Backrooms/Content/Characters/UEFN_Mannequin/Animations/Walk/M_Neutral_Walk_Pivot_BL_FR_Lfoot.uasset" 3076
"G:/Projets Unreal en cours/ICAN_Backrooms/Content/Characters/UEFN_Mannequin/Animations/Walk/M_Neutral_Walk_Pivot_BL_FR_Lfoot.uexp" 3077
"G:/Projets Unreal en cours/ICAN_Backrooms/Content/Characters/UEFN_Mannequin/Animations/Walk/M_Neutral_Walk_Diamond_FR_B_Lfoot.uasset" 3078
"G:/Projets Unreal en cours/ICAN_Backrooms/Content/Characters/UEFN_Mannequin/Animations/Walk/M_Neutral_Walk_Diamond_FR_B_Lfoot.uexp" 3079
"G:/Projets Unreal en cours/ICAN_Backrooms/Content/Characters/UEFN_Mannequin/Animations/Walk/M_Neutral_Walk_Pivot_RL_LL_Lfoot.uasset" 3080
"G:/Projets Unreal en cours/ICAN_Backrooms/Content/Characters/UEFN_Mannequin/Animations/Walk/M_Neutral_Walk_Pivot_RL_LL_Lfoot.uexp" 3081
"G:/Projets Unreal en cours/ICAN_Backrooms/Content/Characters/UEFN_Mannequin/Animations/Walk/M_Neutral_Walk_Box_RL_B_Rfoot.uasset" 3082
"G:/Projets Unreal en cours/ICAN_Backrooms/Content/Characters/UEFN_Mannequin/Animations/Walk/M_Neutral_Walk_Box_RL_B_Rfoot.uexp" 3083
"G:/Projets Unreal en cours/ICAN_Backrooms/Content/Characters/UEFN_Mannequin/Animations/Walk/M_Neutral_Walk_Box_B_LL_Lfoot.uasset" 3084
"G:/Projets Unreal en cours/ICAN_Backrooms/Content/Characters/UEFN_Mannequin/Animations/Walk/M_Neutral_Walk_Box_B_LL_Lfoot.uexp" 3085
"G:/Projets Unreal en cours/ICAN_Backrooms/Content/Characters/UEFN_Mannequin/Animations/Walk/M_Neutral_Walk_Diamond_FL_BL_Lfoot.uasset" 3086
"G:/Projets Unreal en cours/ICAN_Backrooms/Content/Characters/UEFN_Mannequin/Animations/Walk/M_Neutral_Walk_Diamond_FL_BL_Lfoot.uexp" 3087
"G:/Projets Unreal en cours/ICAN_Backrooms/Content/Characters/UEFN_Mannequin/Animations/Walk/M_Neutral_Walk_Turn_L_180_Lfoot.uasset" 3088
"G:/Projets Unreal en cours/ICAN_Backrooms/Content/Characters/UEFN_Mannequin/Animations/Walk/M_Neutral_Walk_Turn_L_180_Lfoot.uexp" 3089
"G:/Projets Unreal en cours/ICAN_Backrooms/Content/Characters/UEFN_Mannequin/Animations/Walk/M_Neutral_Walk_Diamond_BR_FR_Lfoot.uasset" 3090
"G:/Projets Unreal en cours/ICAN_Backrooms/Content/Characters/UEFN_Mannequin/Animations/Walk/M_Neutral_Walk_Diamond_BR_FR_Lfoot.uexp" 3091
"G:/Projets Unreal en cours/ICAN_Backrooms/Content/Characters/UEFN_Mannequin/Animations/Walk/M_Neutral_Walk_Box_RR_F_Lfoot.uasset" 3092
"G:/Projets Unreal en cours/ICAN_Backrooms/Content/Characters/UEFN_Mannequin/Animations/Walk/M_Neutral_Walk_Box_RR_F_Lfoot.uexp" 3093
"G:/Projets Unreal en cours/ICAN_Backrooms/Content/Characters/UEFN_Mannequin/Animations/Walk/M_Neutral_Walk_Pivot_B_F_Lfoot.uasset" 3094
"G:/Projets Unreal en cours/ICAN_Backrooms/Content/Characters/UEFN_Mannequin/Animations/Walk/M_Neutral_Walk_Pivot_B_F_Lfoot.uexp" 3095
"G:/Projets Unreal en cours/ICAN_Backrooms/Content/Characters/UEFN_Mannequin/Animations/Walk/M_Neutral_Walk_Box_RL_F_Rfoot.uasset" 3096
"G:/Projets Unreal en cours/ICAN_Backrooms/Content/Characters/UEFN_Mannequin/Animations/Walk/M_Neutral_Walk_Box_RL_F_Rfoot.uexp" 3097
"G:/Projets Unreal en cours/ICAN_Backrooms/Content/Characters/UEFN_Mannequin/Animations/Walk/M_Neutral_Walk_Box_LL_B_Lfoot.uasset" 3098
"G:/Projets Unreal en cours/ICAN_Backrooms/Content/Characters/UEFN_Mannequin/Animations/Walk/M_Neutral_Walk_Box_LL_B_Lfoot.uexp" 3099
"G:/Projets Unreal en cours/ICAN_Backrooms/Content/Characters/UEFN_Mannequin/Animations/Walk/M_Neutral_Walk_Prism_FL_F_Lfoot.uasset" 3100
"G:/Projets Unreal en cours/ICAN_Backrooms/Content/Characters/UEFN_Mannequin/Animations/Walk/M_Neutral_Walk_Prism_FL_F_Lfoot.uexp" 3101
"G:/Projets Unreal en cours/ICAN_Backrooms/Content/Characters/UEFN_Mannequin/Animations/Walk/M_Neutral_Walk_Hourglass_BL_RL_Rfoot.uasset" 3102
"G:/Projets Unreal en cours/ICAN_Backrooms/Content/Characters/UEFN_Mannequin/Animations/Walk/M_Neutral_Walk_Hourglass_BL_RL_Rfoot.uexp" 3103
"G:/Projets Unreal en cours/ICAN_Backrooms/Content/Characters/UEFN_Mannequin/Animations/Walk/M_Neutral_Walk_Prism_F_FR_Lfoot.uasset" 3104
"G:/Projets Unreal en cours/ICAN_Backrooms/Content/Characters/UEFN_Mannequin/Animations/Walk/M_Neutral_Walk_Prism_F_FR_Lfoot.uexp" 3105
"G:/Projets Unreal en cours/ICAN_Backrooms/Content/Characters/UEFN_Mannequin/Animations/Walk/M_Neutral_Walk_Hourglass_BL_RR_Rfoot.uasset" 3106
"G:/Projets Unreal en cours/ICAN_Backrooms/Content/Characters/UEFN_Mannequin/Animations/Walk/M_Neutral_Walk_Hourglass_BL_RR_Rfoot.uexp" 3107
"G:/Projets Unreal en cours/ICAN_Backrooms/Content/Characters/UEFN_Mannequin/Animations/Walk/M_Neutral_Walk_Pivot_LL_RL_Lfoot.uasset" 3108
"G:/Projets Unreal en cours/ICAN_Backrooms/Content/Characters/UEFN_Mannequin/Animations/Walk/M_Neutral_Walk_Pivot_LL_RL_Lfoot.uexp" 3109
"G:/Projets Unreal en cours/ICAN_Backrooms/Content/Characters/UEFN_Mannequin/Animations/Walk/M_Neutral_Walk_Pivot_LR_RR_Rfoot.uasset" 3110
"G:/Projets Unreal en cours/ICAN_Backrooms/Content/Characters/UEFN_Mannequin/Animations/Walk/M_Neutral_Walk_Pivot_LR_RR_Rfoot.uexp" 3111
"G:/Projets Unreal en cours/ICAN_Backrooms/Content/Characters/UEFN_Mannequin/Animations/Walk/M_Neutral_Walk_Diamond_BR_BL_Rfoot.uasset" 3112
"G:/Projets Unreal en cours/ICAN_Backrooms/Content/Characters/UEFN_Mannequin/Animations/Walk/M_Neutral_Walk_Diamond_BR_BL_Rfoot.uexp" 3113
"G:/Projets Unreal en cours/ICAN_Backrooms/Content/Characters/UEFN_Mannequin/Animations/Walk/M_Neutral_Walk_Box_B_LL_Rfoot.uasset" 3114
"G:/Projets Unreal en cours/ICAN_Backrooms/Content/Characters/UEFN_Mannequin/Animations/Walk/M_Neutral_Walk_Box_B_LL_Rfoot.uexp" 3115
"G:/Projets Unreal en cours/ICAN_Backrooms/Content/Characters/UEFN_Mannequin/Animations/Walk/M_Neutral_Walk_Diamond_FL_FR_Lfoot.uasset" 3116
"G:/Projets Unreal en cours/ICAN_Backrooms/Content/Characters/UEFN_Mannequin/Animations/Walk/M_Neutral_Walk_Diamond_FL_FR_Lfoot.uexp" 3117
"G:/Projets Unreal en cours/ICAN_Backrooms/Content/Characters/UEFN_Mannequin/Animations/Walk/M_Neutral_Walk_Diamond_F_BL_Rfoot.uasset" 3118
"G:/Projets Unreal en cours/ICAN_Backrooms/Content/Characters/UEFN_Mannequin/Animations/Walk/M_Neutral_Walk_Diamond_F_BL_Rfoot.uexp" 3119
"G:/Projets Unreal en cours/ICAN_Backrooms/Content/Characters/UEFN_Mannequin/Animations/Walk/M_Neutral_Walk_Box_RR_F_Rfoot.uasset" 3120
"G:/Projets Unreal en cours/ICAN_Backrooms/Content/Characters/UEFN_Mannequin/Animations/Walk/M_Neutral_Walk_Box_RR_F_Rfoot.uexp" 3121
"G:/Projets Unreal en cours/ICAN_Backrooms/Content/Characters/UEFN_Mannequin/Animations/Walk/M_Neutral_Walk_Box_LL_F_Rfoot.uasset" 3122
"G:/Projets Unreal en cours/ICAN_Backrooms/Content/Characters/UEFN_Mannequin/Animations/Walk/M_Neutral_Walk_Box_LL_F_Rfoot.uexp" 3123
"G:/Projets Unreal en cours/ICAN_Backrooms/Content/Characters/UEFN_Mannequin/Animations/MotionMatchingData/Databases/Dense/PSD_Dense_Stand_Walk_Pivots.uasset" 3124
"G:/Projets Unreal en cours/ICAN_Backrooms/Content/Characters/UEFN_Mannequin/Animations/MotionMatchingData/Databases/Dense/PSD_Dense_Stand_Walk_Pivots.uexp" 3125
"G:/Projets Unreal en cours/ICAN_Backrooms/Content/Characters/UEFN_Mannequin/Animations/Run/M_Neutral_Run_Reface_Start_B_L_090.uasset" 3126
"G:/Projets Unreal en cours/ICAN_Backrooms/Content/Characters/UEFN_Mannequin/Animations/Run/M_Neutral_Run_Reface_Start_B_L_090.uexp" 3127
"G:/Projets Unreal en cours/ICAN_Backrooms/Content/Characters/UEFN_Mannequin/Animations/Run/M_Neutral_Run_Reface_Start_B_L_180.uasset" 3128
"G:/Projets Unreal en cours/ICAN_Backrooms/Content/Characters/UEFN_Mannequin/Animations/Run/M_Neutral_Run_Reface_Start_B_L_180.uexp" 3129
"G:/Projets Unreal en cours/ICAN_Backrooms/Content/Characters/UEFN_Mannequin/Animations/Run/M_Neutral_Run_Reface_Start_B_R_180.uasset" 3130
"G:/Projets Unreal en cours/ICAN_Backrooms/Content/Characters/UEFN_Mannequin/Animations/Run/M_Neutral_Run_Reface_Start_B_R_180.uexp" 3131
"G:/Projets Unreal en cours/ICAN_Backrooms/Content/Characters/UEFN_Mannequin/Animations/Run/M_Neutral_Run_Reface_Start_B_R_090.uasset" 3132
"G:/Projets Unreal en cours/ICAN_Backrooms/Content/Characters/UEFN_Mannequin/Animations/Run/M_Neutral_Run_Reface_Start_B_R_090.uexp" 3133
"G:/Projets Unreal en cours/ICAN_Backrooms/Content/Characters/UEFN_Mannequin/Animations/Run/M_Neutral_Run_Reface_Start_F_L_090.uasset" 3134
"G:/Projets Unreal en cours/ICAN_Backrooms/Content/Characters/UEFN_Mannequin/Animations/Run/M_Neutral_Run_Reface_Start_F_L_090.uexp" 3135
"G:/Projets Unreal en cours/ICAN_Backrooms/Content/Characters/UEFN_Mannequin/Animations/Run/M_Neutral_Run_Reface_Start_F_L_180.uasset" 3136
"G:/Projets Unreal en cours/ICAN_Backrooms/Content/Characters/UEFN_Mannequin/Animations/Run/M_Neutral_Run_Reface_Start_F_L_180.uexp" 3137
"G:/Projets Unreal en cours/ICAN_Backrooms/Content/Characters/UEFN_Mannequin/Animations/MotionMatchingData/Databases/Dense/PSD_Dense_Stand_Run_SpinTransition.uasset" 3138
"G:/Projets Unreal en cours/ICAN_Backrooms/Content/Characters/UEFN_Mannequin/Animations/MotionMatchingData/Databases/Dense/PSD_Dense_Stand_Run_SpinTransition.uexp" 3139
"G:/Projets Unreal en cours/ICAN_Backrooms/Content/Characters/UEFN_Mannequin/Animations/Sprint/M_Neutral_Sprint_Start_FL_Rfoot.uasset" 3140
"G:/Projets Unreal en cours/ICAN_Backrooms/Content/Characters/UEFN_Mannequin/Animations/Sprint/M_Neutral_Sprint_Start_FL_Rfoot.uexp" 3141
"G:/Projets Unreal en cours/ICAN_Backrooms/Content/Characters/UEFN_Mannequin/Animations/Sprint/M_Neutral_Sprint_Reface_Start_F_R_180.uasset" 3142
"G:/Projets Unreal en cours/ICAN_Backrooms/Content/Characters/UEFN_Mannequin/Animations/Sprint/M_Neutral_Sprint_Reface_Start_F_R_180.uexp" 3143
"G:/Projets Unreal en cours/ICAN_Backrooms/Content/Characters/UEFN_Mannequin/Animations/Sprint/M_Neutral_Sprint_Reface_Start_F_L_180.uasset" 3144
"G:/Projets Unreal en cours/ICAN_Backrooms/Content/Characters/UEFN_Mannequin/Animations/Sprint/M_Neutral_Sprint_Reface_Start_F_L_180.uexp" 3145
"G:/Projets Unreal en cours/ICAN_Backrooms/Content/Characters/UEFN_Mannequin/Animations/Sprint/M_Neutral_Sprint_Reface_Start_F_L_090.uasset" 3146
"G:/Projets Unreal en cours/ICAN_Backrooms/Content/Characters/UEFN_Mannequin/Animations/Sprint/M_Neutral_Sprint_Reface_Start_F_L_090.uexp" 3147
"G:/Projets Unreal en cours/ICAN_Backrooms/Content/Characters/UEFN_Mannequin/Animations/Sprint/M_Neutral_Sprint_Start_FR_Rfoot.uasset" 3148
"G:/Projets Unreal en cours/ICAN_Backrooms/Content/Characters/UEFN_Mannequin/Animations/Sprint/M_Neutral_Sprint_Start_FR_Rfoot.uexp" 3149
"G:/Projets Unreal en cours/ICAN_Backrooms/Content/Characters/UEFN_Mannequin/Animations/Sprint/M_Neutral_Sprint_Start_FR_Lfoot.uasset" 3150
"G:/Projets Unreal en cours/ICAN_Backrooms/Content/Characters/UEFN_Mannequin/Animations/Sprint/M_Neutral_Sprint_Start_FR_Lfoot.uexp" 3151
"G:/Projets Unreal en cours/ICAN_Backrooms/Content/Characters/UEFN_Mannequin/Animations/Sprint/M_Neutral_Sprint_Start_FL_Lfoot.uasset" 3152
"G:/Projets Unreal en cours/ICAN_Backrooms/Content/Characters/UEFN_Mannequin/Animations/Sprint/M_Neutral_Sprint_Start_FL_Lfoot.uexp" 3153
"G:/Projets Unreal en cours/ICAN_Backrooms/Content/Characters/UEFN_Mannequin/Animations/Sprint/M_Neutral_Sprint_Reface_Start_F_R_090.uasset" 3154
"G:/Projets Unreal en cours/ICAN_Backrooms/Content/Characters/UEFN_Mannequin/Animations/Sprint/M_Neutral_Sprint_Reface_Start_F_R_090.uexp" 3155
"G:/Projets Unreal en cours/ICAN_Backrooms/Content/Characters/UEFN_Mannequin/Animations/Sprint/M_Neutral_Sprint_Start_F_Rfoot.uasset" 3156
"G:/Projets Unreal en cours/ICAN_Backrooms/Content/Characters/UEFN_Mannequin/Animations/Sprint/M_Neutral_Sprint_Start_F_Rfoot.uexp" 3157
"G:/Projets Unreal en cours/ICAN_Backrooms/Content/Characters/UEFN_Mannequin/Animations/MotionMatchingData/Databases/Dense/PSD_Dense_Stand_Sprint_Starts.uasset" 3158
"G:/Projets Unreal en cours/ICAN_Backrooms/Content/Characters/UEFN_Mannequin/Animations/MotionMatchingData/Databases/Dense/PSD_Dense_Stand_Sprint_Starts.uexp" 3159
"G:/Projets Unreal en cours/ICAN_Backrooms/Content/Characters/UEFN_Mannequin/Animations/Crouch/M_Neutral_Crouch_Loop_FR.uasset" 3160
"G:/Projets Unreal en cours/ICAN_Backrooms/Content/Characters/UEFN_Mannequin/Animations/Crouch/M_Neutral_Crouch_Loop_FR.uexp" 3161
"G:/Projets Unreal en cours/ICAN_Backrooms/Content/Characters/UEFN_Mannequin/Animations/Crouch/M_Neutral_Crouch_Loop_BR.uasset" 3162
"G:/Projets Unreal en cours/ICAN_Backrooms/Content/Characters/UEFN_Mannequin/Animations/Crouch/M_Neutral_Crouch_Loop_BR.uexp" 3163
"G:/Projets Unreal en cours/ICAN_Backrooms/Content/Characters/UEFN_Mannequin/Animations/Crouch/M_Neutral_Crouch_Loop_FL.uasset" 3164
"G:/Projets Unreal en cours/ICAN_Backrooms/Content/Characters/UEFN_Mannequin/Animations/Crouch/M_Neutral_Crouch_Loop_FL.uexp" 3165
"G:/Projets Unreal en cours/ICAN_Backrooms/Content/Characters/UEFN_Mannequin/Animations/Crouch/M_Neutral_Crouch_Loop_BL.uasset" 3166
"G:/Projets Unreal en cours/ICAN_Backrooms/Content/Characters/UEFN_Mannequin/Animations/Crouch/M_Neutral_Crouch_Loop_BL.uexp" 3167
"G:/Projets Unreal en cours/ICAN_Backrooms/Content/Characters/UEFN_Mannequin/Animations/MotionMatchingData/Databases/Dense/PSD_Dense_Crouch_Walk_Loops.uasset" 3168
"G:/Projets Unreal en cours/ICAN_Backrooms/Content/Characters/UEFN_Mannequin/Animations/MotionMatchingData/Databases/Dense/PSD_Dense_Crouch_Walk_Loops.uexp" 3169
"G:/Projets Unreal en cours/ICAN_Backrooms/Content/Characters/UEFN_Mannequin/Animations/Jump/M_Neutral_Jump_B_Land_Run_Heavy.uasset" 3170
"G:/Projets Unreal en cours/ICAN_Backrooms/Content/Characters/UEFN_Mannequin/Animations/Jump/M_Neutral_Jump_B_Land_Run_Heavy.uexp" 3171
"G:/Projets Unreal en cours/ICAN_Backrooms/Content/Characters/UEFN_Mannequin/Animations/Jump/M_Neutral_Jump_RL_Land_Run_Heavy.uasset" 3172
"G:/Projets Unreal en cours/ICAN_Backrooms/Content/Characters/UEFN_Mannequin/Animations/Jump/M_Neutral_Jump_RL_Land_Run_Heavy.uexp" 3173
"G:/Projets Unreal en cours/ICAN_Backrooms/Content/Characters/UEFN_Mannequin/Animations/Jump/M_Neutral_Jump_LL_Land_Run_Heavy.uasset" 3174
"G:/Projets Unreal en cours/ICAN_Backrooms/Content/Characters/UEFN_Mannequin/Animations/Jump/M_Neutral_Jump_LL_Land_Run_Heavy.uexp" 3175
"G:/Projets Unreal en cours/ICAN_Backrooms/Content/Characters/UEFN_Mannequin/Animations/MotionMatchingData/Databases/Dense/PSD_Dense_Stand_Run_Lands_Heavy.uasset" 3176
"G:/Projets Unreal en cours/ICAN_Backrooms/Content/Characters/UEFN_Mannequin/Animations/MotionMatchingData/Databases/Dense/PSD_Dense_Stand_Run_Lands_Heavy.uexp" 3177
"G:/Projets Unreal en cours/ICAN_Backrooms/Content/Characters/UEFN_Mannequin/Animations/Traversal/Hurdle/M_Neutral_Traversal_Hurdle_1_0_walk_F_Rfoot.uasset" 3178
"G:/Projets Unreal en cours/ICAN_Backrooms/Content/Characters/UEFN_Mannequin/Animations/Traversal/Hurdle/M_Neutral_Traversal_Hurdle_1_0_walk_F_Rfoot.uexp" 3179
"G:/Projets Unreal en cours/ICAN_Backrooms/Content/Characters/UEFN_Mannequin/Animations/Traversal/Mantle/M_Neutral_Traversal_Mantle_1_0_walk_F_Rfoot.uasset" 3180
"G:/Projets Unreal en cours/ICAN_Backrooms/Content/Characters/UEFN_Mannequin/Animations/Traversal/Mantle/M_Neutral_Traversal_Mantle_1_0_walk_F_Rfoot.uexp" 3181
"G:/Projets Unreal en cours/ICAN_Backrooms/Content/Characters/UEFN_Mannequin/Animations/Traversal/Hurdle/M_Neutral_Traversal_Hurdle_1_0_walk_F_V2_Lfoot.uasset" 3182
"G:/Projets Unreal en cours/ICAN_Backrooms/Content/Characters/UEFN_Mannequin/Animations/Traversal/Hurdle/M_Neutral_Traversal_Hurdle_1_0_walk_F_V2_Lfoot.uexp" 3183
"G:/Projets Unreal en cours/ICAN_Backrooms/Content/Characters/UEFN_Mannequin/Animations/Traversal/Mantle/M_Neutral_Traversal_Mantle_1_0_walk_F_Lfoot.uasset" 3184
"G:/Projets Unreal en cours/ICAN_Backrooms/Content/Characters/UEFN_Mannequin/Animations/Traversal/Mantle/M_Neutral_Traversal_Mantle_1_0_walk_F_Lfoot.uexp" 3185
"G:/Projets Unreal en cours/ICAN_Backrooms/Content/Characters/UEFN_Mannequin/Animations/Traversal/Hurdle/M_Neutral_Traversal_Hurdle_1_0_walk_F_V2_Rfoot.uasset" 3186
"G:/Projets Unreal en cours/ICAN_Backrooms/Content/Characters/UEFN_Mannequin/Animations/Traversal/Hurdle/M_Neutral_Traversal_Hurdle_1_0_walk_F_V2_Rfoot.uexp" 3187
"G:/Projets Unreal en cours/ICAN_Backrooms/Content/Characters/UEFN_Mannequin/Animations/MotionMatchingData/Databases/Dense/PSD_Dense_Stand_Walk_FromTraversal.uasset" 3188
"G:/Projets Unreal en cours/ICAN_Backrooms/Content/Characters/UEFN_Mannequin/Animations/MotionMatchingData/Databases/Dense/PSD_Dense_Stand_Walk_FromTraversal.uexp" 3189
"G:/Projets Unreal en cours/ICAN_Backrooms/Content/Characters/UEFN_Mannequin/Animations/Jump/M_Neutral_Jump_B_Land_Run_Light.uasset" 3190
"G:/Projets Unreal en cours/ICAN_Backrooms/Content/Characters/UEFN_Mannequin/Animations/Jump/M_Neutral_Jump_B_Land_Run_Light.uexp" 3191
"G:/Projets Unreal en cours/ICAN_Backrooms/Content/Characters/UEFN_Mannequin/Animations/Jump/M_Neutral_Jump_LL_Land_Run_Light.uasset" 3192
"G:/Projets Unreal en cours/ICAN_Backrooms/Content/Characters/UEFN_Mannequin/Animations/Jump/M_Neutral_Jump_LL_Land_Run_Light.uexp" 3193
"G:/Projets Unreal en cours/ICAN_Backrooms/Content/Characters/UEFN_Mannequin/Animations/MotionMatchingData/Databases/Dense/PSD_Dense_Stand_Run_Lands_Light.uasset" 3194
"G:/Projets Unreal en cours/ICAN_Backrooms/Content/Characters/UEFN_Mannequin/Animations/MotionMatchingData/Databases/Dense/PSD_Dense_Stand_Run_Lands_Light.uexp" 3195
"G:/Projets Unreal en cours/ICAN_Backrooms/Content/Characters/UEFN_Mannequin/Animations/Walk/M_Neutral_Walk_Loop_F_R_20.uasset" 3196
"G:/Projets Unreal en cours/ICAN_Backrooms/Content/Characters/UEFN_Mannequin/Animations/Walk/M_Neutral_Walk_Loop_F_R_20.uexp" 3197
"G:/Projets Unreal en cours/ICAN_Backrooms/Content/Characters/UEFN_Mannequin/Animations/Walk/M_Neutral_Walk_Loop_F_L_20.uasset" 3198
"G:/Projets Unreal en cours/ICAN_Backrooms/Content/Characters/UEFN_Mannequin/Animations/Walk/M_Neutral_Walk_Loop_F_L_20.uexp" 3199
"G:/Projets Unreal en cours/ICAN_Backrooms/Content/Characters/UEFN_Mannequin/Animations/Walk/M_Neutral_Walk_Loop_BL.uasset" 3200
"G:/Projets Unreal en cours/ICAN_Backrooms/Content/Characters/UEFN_Mannequin/Animations/Walk/M_Neutral_Walk_Loop_BL.uexp" 3201
"G:/Projets Unreal en cours/ICAN_Backrooms/Content/Characters/UEFN_Mannequin/Animations/Walk/M_Neutral_Transition_Run_to_Walk_Lfoot.uasset" 3202
"G:/Projets Unreal en cours/ICAN_Backrooms/Content/Characters/UEFN_Mannequin/Animations/Walk/M_Neutral_Transition_Run_to_Walk_Lfoot.uexp" 3203
"G:/Projets Unreal en cours/ICAN_Backrooms/Content/Characters/UEFN_Mannequin/Animations/Walk/M_Neutral_Transition_Run_to_Walk_Rfoot.uasset" 3204
"G:/Projets Unreal en cours/ICAN_Backrooms/Content/Characters/UEFN_Mannequin/Animations/Walk/M_Neutral_Transition_Run_to_Walk_Rfoot.uexp" 3205
"G:/Projets Unreal en cours/ICAN_Backrooms/Content/Characters/UEFN_Mannequin/Animations/Walk/M_Neutral_Walk_Loop_BR.uasset" 3206
"G:/Projets Unreal en cours/ICAN_Backrooms/Content/Characters/UEFN_Mannequin/Animations/Walk/M_Neutral_Walk_Loop_BR.uexp" 3207
"G:/Projets Unreal en cours/ICAN_Backrooms/Content/Characters/UEFN_Mannequin/Animations/Walk/M_Neutral_Walk_Loop_FL.uasset" 3208
"G:/Projets Unreal en cours/ICAN_Backrooms/Content/Characters/UEFN_Mannequin/Animations/Walk/M_Neutral_Walk_Loop_FL.uexp" 3209
"G:/Projets Unreal en cours/ICAN_Backrooms/Content/Characters/UEFN_Mannequin/Animations/Walk/M_Neutral_Walk_Loop_FR.uasset" 3210
"G:/Projets Unreal en cours/ICAN_Backrooms/Content/Characters/UEFN_Mannequin/Animations/Walk/M_Neutral_Walk_Loop_FR.uexp" 3211
"G:/Projets Unreal en cours/ICAN_Backrooms/Content/Characters/UEFN_Mannequin/Animations/MotionMatchingData/Databases/Dense/PSD_Dense_Stand_Walk_Loops.uasset" 3212
"G:/Projets Unreal en cours/ICAN_Backrooms/Content/Characters/UEFN_Mannequin/Animations/MotionMatchingData/Databases/Dense/PSD_Dense_Stand_Walk_Loops.uexp" 3213
"G:/Projets Unreal en cours/ICAN_Backrooms/Content/Characters/UEFN_Mannequin/Animations/Run/M_Neutral_Run_Start_FR_Rfoot.uasset" 3214
"G:/Projets Unreal en cours/ICAN_Backrooms/Content/Characters/UEFN_Mannequin/Animations/Run/M_Neutral_Run_Start_FR_Rfoot.uexp" 3215
"G:/Projets Unreal en cours/ICAN_Backrooms/Content/Characters/UEFN_Mannequin/Animations/Run/M_Neutral_Run_Start_BR_Rfoot.uasset" 3216
"G:/Projets Unreal en cours/ICAN_Backrooms/Content/Characters/UEFN_Mannequin/Animations/Run/M_Neutral_Run_Start_BR_Rfoot.uexp" 3217
"G:/Projets Unreal en cours/ICAN_Backrooms/Content/Characters/UEFN_Mannequin/Animations/Run/M_Neutral_Run_Start_LL_Rfoot.uasset" 3218
"G:/Projets Unreal en cours/ICAN_Backrooms/Content/Characters/UEFN_Mannequin/Animations/Run/M_Neutral_Run_Start_LL_Rfoot.uexp" 3219
"G:/Projets Unreal en cours/ICAN_Backrooms/Content/Characters/UEFN_Mannequin/Animations/Run/M_Neutral_Run_Start_FL_Lfoot.uasset" 3220
"G:/Projets Unreal en cours/ICAN_Backrooms/Content/Characters/UEFN_Mannequin/Animations/Run/M_Neutral_Run_Start_FL_Lfoot.uexp" 3221
"G:/Projets Unreal en cours/ICAN_Backrooms/Content/Characters/UEFN_Mannequin/Animations/Run/M_Neutral_Run_Start_FL_Rfoot.uasset" 3222
"G:/Projets Unreal en cours/ICAN_Backrooms/Content/Characters/UEFN_Mannequin/Animations/Run/M_Neutral_Run_Start_FL_Rfoot.uexp" 3223
"G:/Projets Unreal en cours/ICAN_Backrooms/Content/Characters/UEFN_Mannequin/Animations/Run/M_Neutral_Run_Start_RR_Rfoot.uasset" 3224
"G:/Projets Unreal en cours/ICAN_Backrooms/Content/Characters/UEFN_Mannequin/Animations/Run/M_Neutral_Run_Start_RR_Rfoot.uexp" 3225
"G:/Projets Unreal en cours/ICAN_Backrooms/Content/Characters/UEFN_Mannequin/Animations/Run/M_Neutral_Run_Start_BR_Lfoot.uasset" 3226
"G:/Projets Unreal en cours/ICAN_Backrooms/Content/Characters/UEFN_Mannequin/Animations/Run/M_Neutral_Run_Start_BR_Lfoot.uexp" 3227
"G:/Projets Unreal en cours/ICAN_Backrooms/Content/Characters/UEFN_Mannequin/Animations/Run/M_Neutral_Run_Start_BL_Lfoot.uasset" 3228
"G:/Projets Unreal en cours/ICAN_Backrooms/Content/Characters/UEFN_Mannequin/Animations/Run/M_Neutral_Run_Start_BL_Lfoot.uexp" 3229
"G:/Projets Unreal en cours/ICAN_Backrooms/Content/Characters/UEFN_Mannequin/Animations/Run/M_Neutral_Run_Start_F_Rfoot.uasset" 3230
"G:/Projets Unreal en cours/ICAN_Backrooms/Content/Characters/UEFN_Mannequin/Animations/Run/M_Neutral_Run_Start_F_Rfoot.uexp" 3231
"G:/Projets Unreal en cours/ICAN_Backrooms/Content/Characters/UEFN_Mannequin/Animations/Run/M_Neutral_Run_Start_BL_Rfoot.uasset" 3232
"G:/Projets Unreal en cours/ICAN_Backrooms/Content/Characters/UEFN_Mannequin/Animations/Run/M_Neutral_Run_Start_BL_Rfoot.uexp" 3233
"G:/Projets Unreal en cours/ICAN_Backrooms/Content/Characters/UEFN_Mannequin/Animations/Run/M_Neutral_Run_Start_LR_Rfoot.uasset" 3234
"G:/Projets Unreal en cours/ICAN_Backrooms/Content/Characters/UEFN_Mannequin/Animations/Run/M_Neutral_Run_Start_LR_Rfoot.uexp" 3235
"G:/Projets Unreal en cours/ICAN_Backrooms/Content/Characters/UEFN_Mannequin/Animations/Run/M_Neutral_Run_Start_RR_Lfoot.uasset" 3236
"G:/Projets Unreal en cours/ICAN_Backrooms/Content/Characters/UEFN_Mannequin/Animations/Run/M_Neutral_Run_Start_RR_Lfoot.uexp" 3237
"G:/Projets Unreal en cours/ICAN_Backrooms/Content/Characters/UEFN_Mannequin/Animations/Run/M_Neutral_Run_Start_B_Lfoot.uasset" 3238
"G:/Projets Unreal en cours/ICAN_Backrooms/Content/Characters/UEFN_Mannequin/Animations/Run/M_Neutral_Run_Start_B_Lfoot.uexp" 3239
"G:/Projets Unreal en cours/ICAN_Backrooms/Content/Characters/UEFN_Mannequin/Animations/Run/M_Neutral_Run_Start_RL_Lfoot.uasset" 3240
"G:/Projets Unreal en cours/ICAN_Backrooms/Content/Characters/UEFN_Mannequin/Animations/Run/M_Neutral_Run_Start_RL_Lfoot.uexp" 3241
"G:/Projets Unreal en cours/ICAN_Backrooms/Content/Characters/UEFN_Mannequin/Animations/Run/M_Neutral_Run_Start_FR_Lfoot.uasset" 3242
"G:/Projets Unreal en cours/ICAN_Backrooms/Content/Characters/UEFN_Mannequin/Animations/Run/M_Neutral_Run_Start_FR_Lfoot.uexp" 3243
"G:/Projets Unreal en cours/ICAN_Backrooms/Content/Characters/UEFN_Mannequin/Animations/Run/M_Neutral_Run_Start_LL_Lfoot.uasset" 3244
"G:/Projets Unreal en cours/ICAN_Backrooms/Content/Characters/UEFN_Mannequin/Animations/Run/M_Neutral_Run_Start_LL_Lfoot.uexp" 3245
"G:/Projets Unreal en cours/ICAN_Backrooms/Content/Characters/UEFN_Mannequin/Animations/MotionMatchingData/Databases/Dense/PSD_Dense_Stand_Run_Starts.uasset" 3246
"G:/Projets Unreal en cours/ICAN_Backrooms/Content/Characters/UEFN_Mannequin/Animations/MotionMatchingData/Databases/Dense/PSD_Dense_Stand_Run_Starts.uexp" 3247
"G:/Projets Unreal en cours/ICAN_Backrooms/Content/Blueprints/Data/E_MovementMode.uasset" 3248
"G:/Projets Unreal en cours/ICAN_Backrooms/Content/Blueprints/Data/E_MovementMode.uexp" 3249
"G:/Projets Unreal en cours/ICAN_Backrooms/Content/Characters/UEFN_Mannequin/Animations/Walk/M_Neutral_Walk_Stop_FL_Rfoot.uasset" 3250
"G:/Projets Unreal en cours/ICAN_Backrooms/Content/Characters/UEFN_Mannequin/Animations/Walk/M_Neutral_Walk_Stop_FL_Rfoot.uexp" 3251
"G:/Projets Unreal en cours/ICAN_Backrooms/Content/Characters/UEFN_Mannequin/Animations/Walk/M_Neutral_Walk_Stop_BL_Lfoot.uasset" 3252
"G:/Projets Unreal en cours/ICAN_Backrooms/Content/Characters/UEFN_Mannequin/Animations/Walk/M_Neutral_Walk_Stop_BL_Lfoot.uexp" 3253
"G:/Projets Unreal en cours/ICAN_Backrooms/Content/Characters/UEFN_Mannequin/Animations/Walk/M_Neutral_Walk_Stop_F_Lfoot.uasset" 3254
"G:/Projets Unreal en cours/ICAN_Backrooms/Content/Characters/UEFN_Mannequin/Animations/Walk/M_Neutral_Walk_Stop_F_Lfoot.uexp" 3255
"G:/Projets Unreal en cours/ICAN_Backrooms/Content/Characters/UEFN_Mannequin/Animations/Walk/M_Neutral_Walk_Stop_RL_Rfoot.uasset" 3256
"G:/Projets Unreal en cours/ICAN_Backrooms/Content/Characters/UEFN_Mannequin/Animations/Walk/M_Neutral_Walk_Stop_RL_Rfoot.uexp" 3257
"G:/Projets Unreal en cours/ICAN_Backrooms/Content/Characters/UEFN_Mannequin/Animations/Walk/M_Neutral_Walk_Stop_LL_Lfoot.uasset" 3258
"G:/Projets Unreal en cours/ICAN_Backrooms/Content/Characters/UEFN_Mannequin/Animations/Walk/M_Neutral_Walk_Stop_LL_Lfoot.uexp" 3259
"G:/Projets Unreal en cours/ICAN_Backrooms/Content/Characters/UEFN_Mannequin/Animations/Walk/M_Neutral_Walk_Stop_FR_Lfoot.uasset" 3260
"G:/Projets Unreal en cours/ICAN_Backrooms/Content/Characters/UEFN_Mannequin/Animations/Walk/M_Neutral_Walk_Stop_FR_Lfoot.uexp" 3261
"G:/Projets Unreal en cours/ICAN_Backrooms/Content/Characters/UEFN_Mannequin/Animations/Walk/M_Neutral_Walk_Stop_BR_Rfoot.uasset" 3262
"G:/Projets Unreal en cours/ICAN_Backrooms/Content/Characters/UEFN_Mannequin/Animations/Walk/M_Neutral_Walk_Stop_BR_Rfoot.uexp" 3263
"G:/Projets Unreal en cours/ICAN_Backrooms/Content/Characters/UEFN_Mannequin/Animations/Walk/M_Neutral_Walk_Stop_LR_Lfoot.uasset" 3264
"G:/Projets Unreal en cours/ICAN_Backrooms/Content/Characters/UEFN_Mannequin/Animations/Walk/M_Neutral_Walk_Stop_LR_Lfoot.uexp" 3265
"G:/Projets Unreal en cours/ICAN_Backrooms/Content/Characters/UEFN_Mannequin/Animations/Walk/M_Neutral_Walk_Stop_BL_Rfoot.uasset" 3266
"G:/Projets Unreal en cours/ICAN_Backrooms/Content/Characters/UEFN_Mannequin/Animations/Walk/M_Neutral_Walk_Stop_BL_Rfoot.uexp" 3267
"G:/Projets Unreal en cours/ICAN_Backrooms/Content/Characters/UEFN_Mannequin/Animations/Walk/M_Neutral_Walk_Stop_RL_Lfoot.uasset" 3268
"G:/Projets Unreal en cours/ICAN_Backrooms/Content/Characters/UEFN_Mannequin/Animations/Walk/M_Neutral_Walk_Stop_RL_Lfoot.uexp" 3269
"G:/Projets Unreal en cours/ICAN_Backrooms/Content/Characters/UEFN_Mannequin/Animations/Walk/M_Neutral_Walk_Stop_FR_Rfoot.uasset" 3270
"G:/Projets Unreal en cours/ICAN_Backrooms/Content/Characters/UEFN_Mannequin/Animations/Walk/M_Neutral_Walk_Stop_FR_Rfoot.uexp" 3271
"G:/Projets Unreal en cours/ICAN_Backrooms/Content/Characters/UEFN_Mannequin/Animations/Walk/M_Neutral_Walk_Stop_FL_Lfoot.uasset" 3272
"G:/Projets Unreal en cours/ICAN_Backrooms/Content/Characters/UEFN_Mannequin/Animations/Walk/M_Neutral_Walk_Stop_FL_Lfoot.uexp" 3273
"G:/Projets Unreal en cours/ICAN_Backrooms/Content/Characters/UEFN_Mannequin/Animations/Walk/M_Neutral_Walk_Stop_BR_Lfoot.uasset" 3274
"G:/Projets Unreal en cours/ICAN_Backrooms/Content/Characters/UEFN_Mannequin/Animations/Walk/M_Neutral_Walk_Stop_BR_Lfoot.uexp" 3275
"G:/Projets Unreal en cours/ICAN_Backrooms/Content/Characters/UEFN_Mannequin/Animations/Walk/M_Neutral_Walk_Stop_LL_Rfoot.uasset" 3276
"G:/Projets Unreal en cours/ICAN_Backrooms/Content/Characters/UEFN_Mannequin/Animations/Walk/M_Neutral_Walk_Stop_LL_Rfoot.uexp" 3277
"G:/Projets Unreal en cours/ICAN_Backrooms/Content/Characters/UEFN_Mannequin/Animations/Walk/M_Neutral_Walk_Stop_B_Lfoot.uasset" 3278
"G:/Projets Unreal en cours/ICAN_Backrooms/Content/Characters/UEFN_Mannequin/Animations/Walk/M_Neutral_Walk_Stop_B_Lfoot.uexp" 3279
"G:/Projets Unreal en cours/ICAN_Backrooms/Content/Characters/UEFN_Mannequin/Animations/Walk/M_Neutral_Walk_Stop_LR_Rfoot.uasset" 3280
"G:/Projets Unreal en cours/ICAN_Backrooms/Content/Characters/UEFN_Mannequin/Animations/Walk/M_Neutral_Walk_Stop_LR_Rfoot.uexp" 3281
"G:/Projets Unreal en cours/ICAN_Backrooms/Content/Characters/UEFN_Mannequin/Animations/Walk/M_Neutral_Walk_Stop_RR_Lfoot.uasset" 3282
"G:/Projets Unreal en cours/ICAN_Backrooms/Content/Characters/UEFN_Mannequin/Animations/Walk/M_Neutral_Walk_Stop_RR_Lfoot.uexp" 3283
"G:/Projets Unreal en cours/ICAN_Backrooms/Content/Characters/UEFN_Mannequin/Animations/Walk/M_Neutral_Walk_Stop_F_Rfoot.uasset" 3284
"G:/Projets Unreal en cours/ICAN_Backrooms/Content/Characters/UEFN_Mannequin/Animations/Walk/M_Neutral_Walk_Stop_F_Rfoot.uexp" 3285
"G:/Projets Unreal en cours/ICAN_Backrooms/Content/Characters/UEFN_Mannequin/Animations/MotionMatchingData/Databases/Dense/PSD_Dense_Stand_Walk_Stops.uasset" 3286
"G:/Projets Unreal en cours/ICAN_Backrooms/Content/Characters/UEFN_Mannequin/Animations/MotionMatchingData/Databases/Dense/PSD_Dense_Stand_Walk_Stops.uexp" 3287
"G:/Projets Unreal en cours/ICAN_Backrooms/Content/Characters/UEFN_Mannequin/Animations/MotionMatchingData/Databases/Dense/PSD_Dense_Jumps_Far.uasset" 3288
"G:/Projets Unreal en cours/ICAN_Backrooms/Content/Characters/UEFN_Mannequin/Animations/MotionMatchingData/Databases/Dense/PSD_Dense_Jumps_Far.uexp" 3289
"G:/Projets Unreal en cours/ICAN_Backrooms/Content/Characters/UEFN_Mannequin/Animations/MotionMatchingData/CHT_PoseSearchDatabases_Dense.uasset" 3290
"G:/Projets Unreal en cours/ICAN_Backrooms/Content/Characters/UEFN_Mannequin/Animations/MotionMatchingData/CHT_PoseSearchDatabases_Dense.uexp" 3291
"G:/Projets Unreal en cours/ICAN_Backrooms/Content/Characters/UEFN_Mannequin/Animations/MotionMatchingData/Databases/Sparse/PSD_Sparse_Crouch_Walk_Stops.uasset" 3292
"G:/Projets Unreal en cours/ICAN_Backrooms/Content/Characters/UEFN_Mannequin/Animations/MotionMatchingData/Databases/Sparse/PSD_Sparse_Crouch_Walk_Stops.uexp" 3293
"G:/Projets Unreal en cours/ICAN_Backrooms/Content/Characters/UEFN_Mannequin/Animations/MotionMatchingData/Databases/Sparse/PSD_Sparse_Stand_Walk_Stops.uasset" 3294
"G:/Projets Unreal en cours/ICAN_Backrooms/Content/Characters/UEFN_Mannequin/Animations/MotionMatchingData/Databases/Sparse/PSD_Sparse_Stand_Walk_Stops.uexp" 3295
"G:/Projets Unreal en cours/ICAN_Backrooms/Content/Characters/UEFN_Mannequin/Animations/MotionMatchingData/Databases/Sparse/PSD_Sparse_Stand_Run_Loops.uasset" 3296
"G:/Projets Unreal en cours/ICAN_Backrooms/Content/Characters/UEFN_Mannequin/Animations/MotionMatchingData/Databases/Sparse/PSD_Sparse_Stand_Run_Loops.uexp" 3297
"G:/Projets Unreal en cours/ICAN_Backrooms/Content/Characters/UEFN_Mannequin/Animations/MotionMatchingData/Databases/Sparse/PSD_Sparse_Stand_Sprint_Starts.uasset" 3298
"G:/Projets Unreal en cours/ICAN_Backrooms/Content/Characters/UEFN_Mannequin/Animations/MotionMatchingData/Databases/Sparse/PSD_Sparse_Stand_Sprint_Starts.uexp" 3299
"G:/Projets Unreal en cours/ICAN_Backrooms/Content/Characters/UEFN_Mannequin/Animations/MotionMatchingData/Databases/Sparse/PSD_Sparse_Stand_Run_Stops.uasset" 3300
"G:/Projets Unreal en cours/ICAN_Backrooms/Content/Characters/UEFN_Mannequin/Animations/MotionMatchingData/Databases/Sparse/PSD_Sparse_Stand_Run_Stops.uexp" 3301
"G:/Projets Unreal en cours/ICAN_Backrooms/Content/Characters/UEFN_Mannequin/Animations/MotionMatchingData/Databases/Sparse/PSD_Sparse_Stand_Sprint_Loops.uasset" 3302
"G:/Projets Unreal en cours/ICAN_Backrooms/Content/Characters/UEFN_Mannequin/Animations/MotionMatchingData/Databases/Sparse/PSD_Sparse_Stand_Sprint_Loops.uexp" 3303
"G:/Projets Unreal en cours/ICAN_Backrooms/Content/Characters/UEFN_Mannequin/Animations/MotionMatchingData/Databases/Sparse/PSD_Sparse_Stand_Sprint_Pivots.uasset" 3304
"G:/Projets Unreal en cours/ICAN_Backrooms/Content/Characters/UEFN_Mannequin/Animations/MotionMatchingData/Databases/Sparse/PSD_Sparse_Stand_Sprint_Pivots.uexp" 3305
"G:/Projets Unreal en cours/ICAN_Backrooms/Content/Characters/UEFN_Mannequin/Animations/MotionMatchingData/Databases/Sparse/PSD_Sparse_Crouch_Walk_Loops.uasset" 3306
"G:/Projets Unreal en cours/ICAN_Backrooms/Content/Characters/UEFN_Mannequin/Animations/MotionMatchingData/Databases/Sparse/PSD_Sparse_Crouch_Walk_Loops.uexp" 3307
"G:/Projets Unreal en cours/ICAN_Backrooms/Content/Characters/UEFN_Mannequin/Animations/MotionMatchingData/Databases/Sparse/PSD_Sparse_Stand_Walk_Pivots.uasset" 3308
"G:/Projets Unreal en cours/ICAN_Backrooms/Content/Characters/UEFN_Mannequin/Animations/MotionMatchingData/Databases/Sparse/PSD_Sparse_Stand_Walk_Pivots.uexp" 3309
"G:/Projets Unreal en cours/ICAN_Backrooms/Content/Characters/UEFN_Mannequin/Animations/MotionMatchingData/Databases/Sparse/PSD_Sparse_Crouch_Walk_Pivots.uasset" 3310
"G:/Projets Unreal en cours/ICAN_Backrooms/Content/Characters/UEFN_Mannequin/Animations/MotionMatchingData/Databases/Sparse/PSD_Sparse_Crouch_Walk_Pivots.uexp" 3311
"G:/Projets Unreal en cours/ICAN_Backrooms/Content/Characters/UEFN_Mannequin/Animations/MotionMatchingData/Databases/Sparse/PSD_Sparse_Stand_Run_Starts.uasset" 3312
"G:/Projets Unreal en cours/ICAN_Backrooms/Content/Characters/UEFN_Mannequin/Animations/MotionMatchingData/Databases/Sparse/PSD_Sparse_Stand_Run_Starts.uexp" 3313
"G:/Projets Unreal en cours/ICAN_Backrooms/Content/Characters/UEFN_Mannequin/Animations/MotionMatchingData/Databases/Sparse/PSD_Sparse_Stand_Sprint_Stops.uasset" 3314
"G:/Projets Unreal en cours/ICAN_Backrooms/Content/Characters/UEFN_Mannequin/Animations/MotionMatchingData/Databases/Sparse/PSD_Sparse_Stand_Sprint_Stops.uexp" 3315
"G:/Projets Unreal en cours/ICAN_Backrooms/Content/Characters/UEFN_Mannequin/Animations/MotionMatchingData/Databases/Sparse/PSD_Sparse_Stand_Walk_Loops.uasset" 3316
"G:/Projets Unreal en cours/ICAN_Backrooms/Content/Characters/UEFN_Mannequin/Animations/MotionMatchingData/Databases/Sparse/PSD_Sparse_Stand_Walk_Loops.uexp" 3317
"G:/Projets Unreal en cours/ICAN_Backrooms/Content/Characters/UEFN_Mannequin/Animations/MotionMatchingData/Databases/Sparse/PSD_Sparse_Stand_Run_Pivots.uasset" 3318
"G:/Projets Unreal en cours/ICAN_Backrooms/Content/Characters/UEFN_Mannequin/Animations/MotionMatchingData/Databases/Sparse/PSD_Sparse_Stand_Run_Pivots.uexp" 3319
"G:/Projets Unreal en cours/ICAN_Backrooms/Content/Characters/UEFN_Mannequin/Animations/MotionMatchingData/Databases/Sparse/PSD_Sparse_Stand_Walk_Starts.uasset" 3320
"G:/Projets Unreal en cours/ICAN_Backrooms/Content/Characters/UEFN_Mannequin/Animations/MotionMatchingData/Databases/Sparse/PSD_Sparse_Stand_Walk_Starts.uexp" 3321
"G:/Projets Unreal en cours/ICAN_Backrooms/Content/Characters/UEFN_Mannequin/Animations/MotionMatchingData/Databases/Sparse/PSD_Sparse_Crouch_Walk_Starts.uasset" 3322
"G:/Projets Unreal en cours/ICAN_Backrooms/Content/Characters/UEFN_Mannequin/Animations/MotionMatchingData/Databases/Sparse/PSD_Sparse_Crouch_Walk_Starts.uexp" 3323
"G:/Projets Unreal en cours/ICAN_Backrooms/Content/Characters/UEFN_Mannequin/Animations/MotionMatchingData/CHT_PoseSearchDatabases_Sparse.uasset" 3324
"G:/Projets Unreal en cours/ICAN_Backrooms/Content/Characters/UEFN_Mannequin/Animations/MotionMatchingData/CHT_PoseSearchDatabases_Sparse.uexp" 3325
"G:/Projets Unreal en cours/ICAN_Backrooms/Content/Characters/UEFN_Mannequin/Animations/MotionMatchingData/CHT_PoseSearchDatabases.uasset" 3326
"G:/Projets Unreal en cours/ICAN_Backrooms/Content/Characters/UEFN_Mannequin/Animations/MotionMatchingData/CHT_PoseSearchDatabases.uexp" 3327
"G:/Projets Unreal en cours/ICAN_Backrooms/Content/Blueprints/Data/E_MovementDirection.uasset" 3328
"G:/Projets Unreal en cours/ICAN_Backrooms/Content/Blueprints/Data/E_MovementDirection.uexp" 3329
"G:/Projets Unreal en cours/ICAN_Backrooms/Content/Characters/UEFN_Mannequin/Animations/Idle/M_Neutral_Crouch_Idle_Break_v05.uasset" 3330
"G:/Projets Unreal en cours/ICAN_Backrooms/Content/Characters/UEFN_Mannequin/Animations/Idle/M_Neutral_Crouch_Idle_Break_v05.uexp" 3331
"G:/Projets Unreal en cours/ICAN_Backrooms/Content/Characters/UEFN_Mannequin/Animations/Idle/M_Neutral_Crouch_Idle_Break_v04.uasset" 3332
"G:/Projets Unreal en cours/ICAN_Backrooms/Content/Characters/UEFN_Mannequin/Animations/Idle/M_Neutral_Crouch_Idle_Break_v04.uexp" 3333
"G:/Projets Unreal en cours/ICAN_Backrooms/Content/Characters/UEFN_Mannequin/Animations/Idle/M_Neutral_Stand_Idle_Break_v03.uasset" 3334
"G:/Projets Unreal en cours/ICAN_Backrooms/Content/Characters/UEFN_Mannequin/Animations/Idle/M_Neutral_Stand_Idle_Break_v03.uexp" 3335
"G:/Projets Unreal en cours/ICAN_Backrooms/Content/Characters/UEFN_Mannequin/Animations/Idle/M_Neutral_Stand_Idle_Break_v06.uasset" 3336
"G:/Projets Unreal en cours/ICAN_Backrooms/Content/Characters/UEFN_Mannequin/Animations/Idle/M_Neutral_Stand_Idle_Break_v06.uexp" 3337
"G:/Projets Unreal en cours/ICAN_Backrooms/Content/Characters/UEFN_Mannequin/Animations/Walk/M_Neutral_Transition_Sprint_to_Walk_Lfoot.uasset" 3338
"G:/Projets Unreal en cours/ICAN_Backrooms/Content/Characters/UEFN_Mannequin/Animations/Walk/M_Neutral_Transition_Sprint_to_Walk_Lfoot.uexp" 3339
"G:/Projets Unreal en cours/ICAN_Backrooms/Content/Characters/UEFN_Mannequin/Animations/Idle/M_Neutral_Crouch_Idle_Break_v01.uasset" 3340
"G:/Projets Unreal en cours/ICAN_Backrooms/Content/Characters/UEFN_Mannequin/Animations/Idle/M_Neutral_Crouch_Idle_Break_v01.uexp" 3341
"G:/Projets Unreal en cours/ICAN_Backrooms/Content/Characters/UEFN_Mannequin/Animations/Idle/M_Neutral_Stand_Idle_Break_v02.uasset" 3342
"G:/Projets Unreal en cours/ICAN_Backrooms/Content/Characters/UEFN_Mannequin/Animations/Idle/M_Neutral_Stand_Idle_Break_v02.uexp" 3343
"G:/Projets Unreal en cours/ICAN_Backrooms/Content/Characters/UEFN_Mannequin/Animations/Idle/M_Neutral_Crouch_Idle_Break_v02.uasset" 3344
"G:/Projets Unreal en cours/ICAN_Backrooms/Content/Characters/UEFN_Mannequin/Animations/Idle/M_Neutral_Crouch_Idle_Break_v02.uexp" 3345
"G:/Projets Unreal en cours/ICAN_Backrooms/Content/Characters/UEFN_Mannequin/Animations/Jump/M_Neutral_Jump_F_Land_Walk_Heavy_Rfoot.uasset" 3346
"G:/Projets Unreal en cours/ICAN_Backrooms/Content/Characters/UEFN_Mannequin/Animations/Jump/M_Neutral_Jump_F_Land_Walk_Heavy_Rfoot.uexp" 3347
"G:/Projets Unreal en cours/ICAN_Backrooms/Content/Characters/UEFN_Mannequin/Animations/Idle/M_Neutral_Stand_Idle_Break_v01.uasset" 3348
"G:/Projets Unreal en cours/ICAN_Backrooms/Content/Characters/UEFN_Mannequin/Animations/Idle/M_Neutral_Stand_Idle_Break_v01.uexp" 3349
"G:/Projets Unreal en cours/ICAN_Backrooms/Content/Characters/UEFN_Mannequin/Animations/Walk/M_Neutral_Transition_Sprint_to_Walk_Rfoot.uasset" 3350
"G:/Projets Unreal en cours/ICAN_Backrooms/Content/Characters/UEFN_Mannequin/Animations/Walk/M_Neutral_Transition_Sprint_to_Walk_Rfoot.uexp" 3351
"G:/Projets Unreal en cours/ICAN_Backrooms/Content/Characters/UEFN_Mannequin/Animations/Idle/M_Neutral_Stand_Idle_Break_v04.uasset" 3352
"G:/Projets Unreal en cours/ICAN_Backrooms/Content/Characters/UEFN_Mannequin/Animations/Idle/M_Neutral_Stand_Idle_Break_v04.uexp" 3353
"G:/Projets Unreal en cours/ICAN_Backrooms/Content/Characters/UEFN_Mannequin/Animations/Idle/M_Neutral_Crouch_Idle_Break_v03.uasset" 3354
"G:/Projets Unreal en cours/ICAN_Backrooms/Content/Characters/UEFN_Mannequin/Animations/Idle/M_Neutral_Crouch_Idle_Break_v03.uexp" 3355
"G:/Projets Unreal en cours/ICAN_Backrooms/Content/Characters/UEFN_Mannequin/Animations/ExperimentalStateMachineData/CHT_AnimationsForStateMachine.uasset" 3356
"G:/Projets Unreal en cours/ICAN_Backrooms/Content/Characters/UEFN_Mannequin/Animations/ExperimentalStateMachineData/CHT_AnimationsForStateMachine.uexp" 3357
"G:/Projets Unreal en cours/ICAN_Backrooms/Content/Blueprints/Data/S_BlendStackInputs.uasset" 3358
"G:/Projets Unreal en cours/ICAN_Backrooms/Content/Blueprints/Data/S_BlendStackInputs.uexp" 3359
"G:/Projets Unreal en cours/ICAN_Backrooms/Content/Blueprints/Data/E_MovementDirectionBias.uasset" 3360
"G:/Projets Unreal en cours/ICAN_Backrooms/Content/Blueprints/Data/E_MovementDirectionBias.uexp" 3361
"G:/Projets Unreal en cours/ICAN_Backrooms/Content/Characters/UEFN_Mannequin/Animations/AimOffset/AO_Blend_Curve.uasset" 3362
"G:/Projets Unreal en cours/ICAN_Backrooms/Content/Characters/UEFN_Mannequin/Animations/AimOffset/AO_Blend_Curve.uexp" 3363
"G:/Projets Unreal en cours/ICAN_Backrooms/Content/Blueprints/ABP_SandboxCharacter.uasset" 3364
"G:/Projets Unreal en cours/ICAN_Backrooms/Content/Blueprints/ABP_SandboxCharacter.uexp" 3365
"G:/Projets Unreal en cours/ICAN_Backrooms/Content/Blueprints/AnimNotifies/BP_NotifyState_EarlyTransition.uasset" 3366
"G:/Projets Unreal en cours/ICAN_Backrooms/Content/Blueprints/AnimNotifies/BP_NotifyState_EarlyTransition.uexp" 3367
"G:/Projets Unreal en cours/ICAN_Backrooms/Content/Characters/UEFN_Mannequin/Animations/Run/M_Neutral_Run_Box_RL_F_Rfoot.uasset" 3368
"G:/Projets Unreal en cours/ICAN_Backrooms/Content/Characters/UEFN_Mannequin/Animations/Run/M_Neutral_Run_Box_RL_F_Rfoot.uexp" 3369
"G:/Projets Unreal en cours/ICAN_Backrooms/Content/Characters/UEFN_Mannequin/Animations/ExperimentalStateMachineData/PSS_SM_LocoTransitions.uasset" 3370
"G:/Projets Unreal en cours/ICAN_Backrooms/Content/Characters/UEFN_Mannequin/Animations/ExperimentalStateMachineData/PSS_SM_LocoTransitions.uexp" 3371
"G:/Projets Unreal en cours/ICAN_Backrooms/Content/Characters/UEFN_Mannequin/Animations/Walk/M_Neutral_Walk_Reface_Start_F_R_180_backstep.uasset" 3372
"G:/Projets Unreal en cours/ICAN_Backrooms/Content/Characters/UEFN_Mannequin/Animations/Walk/M_Neutral_Walk_Reface_Start_F_R_180_backstep.uexp" 3373
"G:/Projets Unreal en cours/ICAN_Backrooms/Content/Characters/UEFN_Mannequin/Animations/Walk/M_Neutral_Walk_Reface_Start_F_L_180_backstep.uasset" 3374
"G:/Projets Unreal en cours/ICAN_Backrooms/Content/Characters/UEFN_Mannequin/Animations/Walk/M_Neutral_Walk_Reface_Start_F_L_180_backstep.uexp" 3375
"G:/Projets Unreal en cours/ICAN_Backrooms/Content/Characters/UEFN_Mannequin/Animations/ExperimentalStateMachineData/PSD_SM_LocoTransitions.uasset" 3376
"G:/Projets Unreal en cours/ICAN_Backrooms/Content/Characters/UEFN_Mannequin/Animations/ExperimentalStateMachineData/PSD_SM_LocoTransitions.uexp" 3377
"G:/Projets Unreal en cours/ICAN_Backrooms/Content/Characters/UEFN_Mannequin/Animations/Traversal/Hurdle/M_Neutral_Traversal_Hurdle_1_0_walk_F_Lfoot.uasset" 3378
"G:/Projets Unreal en cours/ICAN_Backrooms/Content/Characters/UEFN_Mannequin/Animations/Traversal/Hurdle/M_Neutral_Traversal_Hurdle_1_0_walk_F_Lfoot.uexp" 3379
"G:/Projets Unreal en cours/ICAN_Backrooms/Content/Characters/UEFN_Mannequin/Animations/Traversal/Hurdle/AM_M_Neutral_Traversal_Hurdle_1_0_walk_F_Lfoot.uasset" 3380
"G:/Projets Unreal en cours/ICAN_Backrooms/Content/Characters/UEFN_Mannequin/Animations/Traversal/Hurdle/AM_M_Neutral_Traversal_Hurdle_1_0_walk_F_Lfoot.uexp" 3381
"G:/Projets Unreal en cours/ICAN_Backrooms/Content/Characters/UEFN_Mannequin/Animations/Traversal/Vault/M_Neutral_Traversal_Vault_1_0_walk_F_Rfoot.uasset" 3382
"G:/Projets Unreal en cours/ICAN_Backrooms/Content/Characters/UEFN_Mannequin/Animations/Traversal/Vault/M_Neutral_Traversal_Vault_1_0_walk_F_Rfoot.uexp" 3383
"G:/Projets Unreal en cours/ICAN_Backrooms/Content/Characters/UEFN_Mannequin/Animations/Traversal/Vault/AM_M_Neutral_Traversal_Vault_1_0_walk_F_Rfoot.uasset" 3384
"G:/Projets Unreal en cours/ICAN_Backrooms/Content/Characters/UEFN_Mannequin/Animations/Traversal/Vault/AM_M_Neutral_Traversal_Vault_1_0_walk_F_Rfoot.uexp" 3385
"G:/Projets Unreal en cours/ICAN_Backrooms/Content/Characters/UEFN_Mannequin/Animations/Traversal/Mantle/M_Neutral_Traversal_Mantle_1_0_stand_F_Lfoot.uasset" 3386
"G:/Projets Unreal en cours/ICAN_Backrooms/Content/Characters/UEFN_Mannequin/Animations/Traversal/Mantle/M_Neutral_Traversal_Mantle_1_0_stand_F_Lfoot.uexp" 3387
"G:/Projets Unreal en cours/ICAN_Backrooms/Content/Characters/UEFN_Mannequin/Animations/Traversal/Mantle/AM_M_Neutral_Traversal_Mantle_1_0_stand_F_Lfoot.uasset" 3388
"G:/Projets Unreal en cours/ICAN_Backrooms/Content/Characters/UEFN_Mannequin/Animations/Traversal/Mantle/AM_M_Neutral_Traversal_Mantle_1_0_stand_F_Lfoot.uexp" 3389
"G:/Projets Unreal en cours/ICAN_Backrooms/Content/Characters/UEFN_Mannequin/Animations/Traversal/Hurdle/AM_M_Neutral_Traversal_Hurdle_1_0_walk_F_V2_Rfoot.uasset" 3390
"G:/Projets Unreal en cours/ICAN_Backrooms/Content/Characters/UEFN_Mannequin/Animations/Traversal/Hurdle/AM_M_Neutral_Traversal_Hurdle_1_0_walk_F_V2_Rfoot.uexp" 3391
"G:/Projets Unreal en cours/ICAN_Backrooms/Content/Characters/UEFN_Mannequin/Animations/Traversal/Catch/Hurdle/M_Neutral_Traversal_Catch_Hurdle_high_stand.uasset" 3392
"G:/Projets Unreal en cours/ICAN_Backrooms/Content/Characters/UEFN_Mannequin/Animations/Traversal/Catch/Hurdle/M_Neutral_Traversal_Catch_Hurdle_high_stand.uexp" 3393
"G:/Projets Unreal en cours/ICAN_Backrooms/Content/Characters/UEFN_Mannequin/Animations/Traversal/Catch/Hurdle/AM_M_Neutral_Traversal_Catch_Hurdle_high_stand.uasset" 3394
"G:/Projets Unreal en cours/ICAN_Backrooms/Content/Characters/UEFN_Mannequin/Animations/Traversal/Catch/Hurdle/AM_M_Neutral_Traversal_Catch_Hurdle_high_stand.uexp" 3395
"G:/Projets Unreal en cours/ICAN_Backrooms/Content/Characters/UEFN_Mannequin/Animations/Traversal/Vault/AM_M_Neutral_Traversal_Vault_1_0_run_F_Lfoot.uasset" 3396
"G:/Projets Unreal en cours/ICAN_Backrooms/Content/Characters/UEFN_Mannequin/Animations/Traversal/Vault/AM_M_Neutral_Traversal_Vault_1_0_run_F_Lfoot.uexp" 3397
"G:/Projets Unreal en cours/ICAN_Backrooms/Content/Characters/UEFN_Mannequin/Animations/Traversal/Mantle/AM_M_Neutral_Traversal_Mantle_1_0_run_F_Rfoot.uasset" 3398
"G:/Projets Unreal en cours/ICAN_Backrooms/Content/Characters/UEFN_Mannequin/Animations/Traversal/Mantle/AM_M_Neutral_Traversal_Mantle_1_0_run_F_Rfoot.uexp" 3399
"G:/Projets Unreal en cours/ICAN_Backrooms/Content/Characters/UEFN_Mannequin/Animations/Traversal/Climb/M_Neutral_Traversal_Climb_Start_2_5_run_F_Rfoot.uasset" 3400
"G:/Projets Unreal en cours/ICAN_Backrooms/Content/Characters/UEFN_Mannequin/Animations/Traversal/Climb/M_Neutral_Traversal_Climb_Start_2_5_run_F_Rfoot.uexp" 3401
"G:/Projets Unreal en cours/ICAN_Backrooms/Content/Characters/UEFN_Mannequin/Animations/Traversal/Climb/AM_M_Neutral_Traversal_Climb_Start_2_5_run_F_Rfoot.uasset" 3402
"G:/Projets Unreal en cours/ICAN_Backrooms/Content/Characters/UEFN_Mannequin/Animations/Traversal/Climb/AM_M_Neutral_Traversal_Climb_Start_2_5_run_F_Rfoot.uexp" 3403
"G:/Projets Unreal en cours/ICAN_Backrooms/Content/Characters/UEFN_Mannequin/Animations/Traversal/Hurdle/AM_M_Neutral_Traversal_Hurdle_1_0_walk_F_Rfoot.uasset" 3404
"G:/Projets Unreal en cours/ICAN_Backrooms/Content/Characters/UEFN_Mannequin/Animations/Traversal/Hurdle/AM_M_Neutral_Traversal_Hurdle_1_0_walk_F_Rfoot.uexp" 3405
"G:/Projets Unreal en cours/ICAN_Backrooms/Content/Characters/UEFN_Mannequin/Animations/MotionMatchingData/Channels/PSC_Traversal_Pos.uasset" 3406
"G:/Projets Unreal en cours/ICAN_Backrooms/Content/Characters/UEFN_Mannequin/Animations/MotionMatchingData/Channels/PSC_Traversal_Pos.uexp" 3407
"G:/Projets Unreal en cours/ICAN_Backrooms/Content/Characters/UEFN_Mannequin/Animations/MotionMatchingData/Channels/PSC_Traversal_Head.uasset" 3408
"G:/Projets Unreal en cours/ICAN_Backrooms/Content/Characters/UEFN_Mannequin/Animations/MotionMatchingData/Channels/PSC_Traversal_Head.uexp" 3409
"G:/Projets Unreal en cours/ICAN_Backrooms/Content/Characters/UEFN_Mannequin/Animations/MotionMatchingData/Schemas/PSS_Traversal.uasset" 3410
"G:/Projets Unreal en cours/ICAN_Backrooms/Content/Characters/UEFN_Mannequin/Animations/MotionMatchingData/Schemas/PSS_Traversal.uexp" 3411
"G:/Projets Unreal en cours/ICAN_Backrooms/Content/Characters/UEFN_Mannequin/Animations/Traversal/Mantle/AM_M_Neutral_Traversal_Mantle_1_0_run_F_Lfoot.uasset" 3412
"G:/Projets Unreal en cours/ICAN_Backrooms/Content/Characters/UEFN_Mannequin/Animations/Traversal/Mantle/AM_M_Neutral_Traversal_Mantle_1_0_run_F_Lfoot.uexp" 3413
"G:/Projets Unreal en cours/ICAN_Backrooms/Content/Characters/UEFN_Mannequin/Animations/Traversal/Catch/Hurdle/M_Neutral_Traversal_Catch_Hurdle_low_stand.uasset" 3414
"G:/Projets Unreal en cours/ICAN_Backrooms/Content/Characters/UEFN_Mannequin/Animations/Traversal/Catch/Hurdle/M_Neutral_Traversal_Catch_Hurdle_low_stand.uexp" 3415
"G:/Projets Unreal en cours/ICAN_Backrooms/Content/Characters/UEFN_Mannequin/Animations/Traversal/Catch/Hurdle/AM_M_Neutral_Traversal_Catch_Hurdle_low_stand.uasset" 3416
"G:/Projets Unreal en cours/ICAN_Backrooms/Content/Characters/UEFN_Mannequin/Animations/Traversal/Catch/Hurdle/AM_M_Neutral_Traversal_Catch_Hurdle_low_stand.uexp" 3417
"G:/Projets Unreal en cours/ICAN_Backrooms/Content/Characters/UEFN_Mannequin/Animations/Traversal/Catch/Mantle/M_Neutral_Traversal_Catch_Mantle_med_stand.uasset" 3418
"G:/Projets Unreal en cours/ICAN_Backrooms/Content/Characters/UEFN_Mannequin/Animations/Traversal/Catch/Mantle/M_Neutral_Traversal_Catch_Mantle_med_stand.uexp" 3419
"G:/Projets Unreal en cours/ICAN_Backrooms/Content/Characters/UEFN_Mannequin/Animations/Traversal/Catch/Mantle/AM_M_Neutral_Traversal_Catch_Mantle_med_stand.uasset" 3420
"G:/Projets Unreal en cours/ICAN_Backrooms/Content/Characters/UEFN_Mannequin/Animations/Traversal/Catch/Mantle/AM_M_Neutral_Traversal_Catch_Mantle_med_stand.uexp" 3421
"G:/Projets Unreal en cours/ICAN_Backrooms/Content/Characters/UEFN_Mannequin/Animations/Traversal/Mantle/AM_M_Neutral_Traversal_Mantle_1_0_walk_F_Rfoot.uasset" 3422
"G:/Projets Unreal en cours/ICAN_Backrooms/Content/Characters/UEFN_Mannequin/Animations/Traversal/Mantle/AM_M_Neutral_Traversal_Mantle_1_0_walk_F_Rfoot.uexp" 3423
"G:/Projets Unreal en cours/ICAN_Backrooms/Content/Characters/UEFN_Mannequin/Animations/Traversal/Hurdle/M_Neutral_Traversal_Hurdle_1_0_stand_F_V2_Lfoot.uasset" 3424
"G:/Projets Unreal en cours/ICAN_Backrooms/Content/Characters/UEFN_Mannequin/Animations/Traversal/Hurdle/M_Neutral_Traversal_Hurdle_1_0_stand_F_V2_Lfoot.uexp" 3425
"G:/Projets Unreal en cours/ICAN_Backrooms/Content/Characters/UEFN_Mannequin/Animations/Traversal/Hurdle/AM_M_Neutral_Traversal_Hurdle_1_0_stand_F_V2_Lfoot.uasset" 3426
"G:/Projets Unreal en cours/ICAN_Backrooms/Content/Characters/UEFN_Mannequin/Animations/Traversal/Hurdle/AM_M_Neutral_Traversal_Hurdle_1_0_stand_F_V2_Lfoot.uexp" 3427
"G:/Projets Unreal en cours/ICAN_Backrooms/Content/Characters/UEFN_Mannequin/Animations/Traversal/Climb/M_Neutral_Traversal_Climb_Start_2_5_run_F_Lfoot.uasset" 3428
"G:/Projets Unreal en cours/ICAN_Backrooms/Content/Characters/UEFN_Mannequin/Animations/Traversal/Climb/M_Neutral_Traversal_Climb_Start_2_5_run_F_Lfoot.uexp" 3429
"G:/Projets Unreal en cours/ICAN_Backrooms/Content/Characters/UEFN_Mannequin/Animations/Traversal/Climb/AM_M_Neutral_Traversal_Climb_Start_2_5_run_F_Lfoot.uasset" 3430
"G:/Projets Unreal en cours/ICAN_Backrooms/Content/Characters/UEFN_Mannequin/Animations/Traversal/Climb/AM_M_Neutral_Traversal_Climb_Start_2_5_run_F_Lfoot.uexp" 3431
"G:/Projets Unreal en cours/ICAN_Backrooms/Content/Characters/UEFN_Mannequin/Animations/Traversal/Hurdle/AM_M_Neutral_Traversal_Hurdle_1_0_run_F_Rfoot.uasset" 3432
"G:/Projets Unreal en cours/ICAN_Backrooms/Content/Characters/UEFN_Mannequin/Animations/Traversal/Hurdle/AM_M_Neutral_Traversal_Hurdle_1_0_run_F_Rfoot.uexp" 3433
"G:/Projets Unreal en cours/ICAN_Backrooms/Content/Characters/UEFN_Mannequin/Animations/Traversal/Catch/Mantle/M_Neutral_Traversal_Catch_Mantle_low_stand.uasset" 3434
"G:/Projets Unreal en cours/ICAN_Backrooms/Content/Characters/UEFN_Mannequin/Animations/Traversal/Catch/Mantle/M_Neutral_Traversal_Catch_Mantle_low_stand.uexp" 3435
"G:/Projets Unreal en cours/ICAN_Backrooms/Content/Characters/UEFN_Mannequin/Animations/Traversal/Catch/Mantle/AM_M_Neutral_Traversal_Catch_Mantle_low_stand.uasset" 3436
"G:/Projets Unreal en cours/ICAN_Backrooms/Content/Characters/UEFN_Mannequin/Animations/Traversal/Catch/Mantle/AM_M_Neutral_Traversal_Catch_Mantle_low_stand.uexp" 3437
"G:/Projets Unreal en cours/ICAN_Backrooms/Content/Characters/UEFN_Mannequin/Animations/Traversal/Mantle/AM_M_Neutral_Traversal_Mantle_1_0_walk_F_Lfoot.uasset" 3438
"G:/Projets Unreal en cours/ICAN_Backrooms/Content/Characters/UEFN_Mannequin/Animations/Traversal/Mantle/AM_M_Neutral_Traversal_Mantle_1_0_walk_F_Lfoot.uexp" 3439
"G:/Projets Unreal en cours/ICAN_Backrooms/Content/Characters/UEFN_Mannequin/Animations/Traversal/Catch/Cliff/M_Neutral_Traversal_Catch_Cliff_high_stand.uasset" 3440
"G:/Projets Unreal en cours/ICAN_Backrooms/Content/Characters/UEFN_Mannequin/Animations/Traversal/Catch/Cliff/M_Neutral_Traversal_Catch_Cliff_high_stand.uexp" 3441
"G:/Projets Unreal en cours/ICAN_Backrooms/Content/Characters/UEFN_Mannequin/Animations/Traversal/Catch/Cliff/AM_M_Neutral_Traversal_Catch_Cliff_high_standF.uasset" 3442
"G:/Projets Unreal en cours/ICAN_Backrooms/Content/Characters/UEFN_Mannequin/Animations/Traversal/Catch/Cliff/AM_M_Neutral_Traversal_Catch_Cliff_high_standF.uexp" 3443
"G:/Projets Unreal en cours/ICAN_Backrooms/Content/Characters/UEFN_Mannequin/Animations/Traversal/Climb/M_Neutral_Traversal_Climb_Start_2_5_stand_F_Lfoot.uasset" 3444
"G:/Projets Unreal en cours/ICAN_Backrooms/Content/Characters/UEFN_Mannequin/Animations/Traversal/Climb/M_Neutral_Traversal_Climb_Start_2_5_stand_F_Lfoot.uexp" 3445
"G:/Projets Unreal en cours/ICAN_Backrooms/Content/Characters/UEFN_Mannequin/Animations/Traversal/Climb/AM_M_Neutral_Traversal_Climb_Start_2_5_stand_F_Lfoot.uasset" 3446
"G:/Projets Unreal en cours/ICAN_Backrooms/Content/Characters/UEFN_Mannequin/Animations/Traversal/Climb/AM_M_Neutral_Traversal_Climb_Start_2_5_stand_F_Lfoot.uexp" 3447
"G:/Projets Unreal en cours/ICAN_Backrooms/Content/Characters/UEFN_Mannequin/Animations/Traversal/Hurdle/AM_M_Neutral_Traversal_Hurdle_1_0_run_F_V2_Lfoot.uasset" 3448
"G:/Projets Unreal en cours/ICAN_Backrooms/Content/Characters/UEFN_Mannequin/Animations/Traversal/Hurdle/AM_M_Neutral_Traversal_Hurdle_1_0_run_F_V2_Lfoot.uexp" 3449
"G:/Projets Unreal en cours/ICAN_Backrooms/Content/Characters/UEFN_Mannequin/Animations/Traversal/Hurdle/AM_M_Neutral_Traversal_Hurdle_1_0_run_F_V2_Rfoot.uasset" 3450
"G:/Projets Unreal en cours/ICAN_Backrooms/Content/Characters/UEFN_Mannequin/Animations/Traversal/Hurdle/AM_M_Neutral_Traversal_Hurdle_1_0_run_F_V2_Rfoot.uexp" 3451
"G:/Projets Unreal en cours/ICAN_Backrooms/Content/Characters/UEFN_Mannequin/Animations/Traversal/Catch/Vault/M_Neutral_Traversal_Catch_Vault_low.uasset" 3452
"G:/Projets Unreal en cours/ICAN_Backrooms/Content/Characters/UEFN_Mannequin/Animations/Traversal/Catch/Vault/M_Neutral_Traversal_Catch_Vault_low.uexp" 3453
"G:/Projets Unreal en cours/ICAN_Backrooms/Content/Characters/UEFN_Mannequin/Animations/Traversal/Catch/Vault/AM_M_Neutral_Traversal_Catch_Vault_low.uasset" 3454
"G:/Projets Unreal en cours/ICAN_Backrooms/Content/Characters/UEFN_Mannequin/Animations/Traversal/Catch/Vault/AM_M_Neutral_Traversal_Catch_Vault_low.uexp" 3455
"G:/Projets Unreal en cours/ICAN_Backrooms/Content/Characters/UEFN_Mannequin/Animations/Traversal/Hurdle/AM_M_Neutral_Traversal_Hurdle_1_0_run_F_Lfoot.uasset" 3456
"G:/Projets Unreal en cours/ICAN_Backrooms/Content/Characters/UEFN_Mannequin/Animations/Traversal/Hurdle/AM_M_Neutral_Traversal_Hurdle_1_0_run_F_Lfoot.uexp" 3457
"G:/Projets Unreal en cours/ICAN_Backrooms/Content/Characters/UEFN_Mannequin/Animations/Traversal/Catch/Vault/M_Neutral_Traversal_Catch_Vault_med.uasset" 3458
"G:/Projets Unreal en cours/ICAN_Backrooms/Content/Characters/UEFN_Mannequin/Animations/Traversal/Catch/Vault/M_Neutral_Traversal_Catch_Vault_med.uexp" 3459
"G:/Projets Unreal en cours/ICAN_Backrooms/Content/Characters/UEFN_Mannequin/Animations/Traversal/Catch/Vault/AM_M_Neutral_Traversal_Catch_Vault_med.uasset" 3460
"G:/Projets Unreal en cours/ICAN_Backrooms/Content/Characters/UEFN_Mannequin/Animations/Traversal/Catch/Vault/AM_M_Neutral_Traversal_Catch_Vault_med.uexp" 3461
"G:/Projets Unreal en cours/ICAN_Backrooms/Content/Characters/UEFN_Mannequin/Animations/Traversal/Hurdle/AM_M_Neutral_Traversal_Hurdle_1_0_walk_F_V2_Lfoot.uasset" 3462
"G:/Projets Unreal en cours/ICAN_Backrooms/Content/Characters/UEFN_Mannequin/Animations/Traversal/Hurdle/AM_M_Neutral_Traversal_Hurdle_1_0_walk_F_V2_Lfoot.uexp" 3463
"G:/Projets Unreal en cours/ICAN_Backrooms/Content/Characters/UEFN_Mannequin/Animations/Traversal/Climb/M_Neutral_Traversal_Climb_Start_2_5_walk_F_Lfoot.uasset" 3464
"G:/Projets Unreal en cours/ICAN_Backrooms/Content/Characters/UEFN_Mannequin/Animations/Traversal/Climb/M_Neutral_Traversal_Climb_Start_2_5_walk_F_Lfoot.uexp" 3465
"G:/Projets Unreal en cours/ICAN_Backrooms/Content/Characters/UEFN_Mannequin/Animations/Traversal/Climb/AM_M_Neutral_Traversal_Climb_Start_2_5_walk_F_Lfoot.uasset" 3466
"G:/Projets Unreal en cours/ICAN_Backrooms/Content/Characters/UEFN_Mannequin/Animations/Traversal/Climb/AM_M_Neutral_Traversal_Climb_Start_2_5_walk_F_Lfoot.uexp" 3467
"G:/Projets Unreal en cours/ICAN_Backrooms/Content/Characters/UEFN_Mannequin/Animations/Traversal/Mantle/M_Neutral_Traversal_Mantle_1_0_stand_F_Rfoot.uasset" 3468
"G:/Projets Unreal en cours/ICAN_Backrooms/Content/Characters/UEFN_Mannequin/Animations/Traversal/Mantle/M_Neutral_Traversal_Mantle_1_0_stand_F_Rfoot.uexp" 3469
"G:/Projets Unreal en cours/ICAN_Backrooms/Content/Characters/UEFN_Mannequin/Animations/Traversal/Mantle/AM_M_Neutral_Traversal_Mantle_1_0_stand_F_Rfoot.uasset" 3470
"G:/Projets Unreal en cours/ICAN_Backrooms/Content/Characters/UEFN_Mannequin/Animations/Traversal/Mantle/AM_M_Neutral_Traversal_Mantle_1_0_stand_F_Rfoot.uexp" 3471
"G:/Projets Unreal en cours/ICAN_Backrooms/Content/Characters/UEFN_Mannequin/Animations/Traversal/Hurdle/M_Neutral_Traversal_Hurdle_1_0_stand_F_V2_Rfoot.uasset" 3472
"G:/Projets Unreal en cours/ICAN_Backrooms/Content/Characters/UEFN_Mannequin/Animations/Traversal/Hurdle/M_Neutral_Traversal_Hurdle_1_0_stand_F_V2_Rfoot.uexp" 3473
"G:/Projets Unreal en cours/ICAN_Backrooms/Content/Characters/UEFN_Mannequin/Animations/Traversal/Hurdle/AM_M_Neutral_Traversal_Hurdle_1_0_stand_F_V2_Rfoot.uasset" 3474
"G:/Projets Unreal en cours/ICAN_Backrooms/Content/Characters/UEFN_Mannequin/Animations/Traversal/Hurdle/AM_M_Neutral_Traversal_Hurdle_1_0_stand_F_V2_Rfoot.uexp" 3475
"G:/Projets Unreal en cours/ICAN_Backrooms/Content/Characters/UEFN_Mannequin/Animations/Traversal/Catch/Vault/M_Neutral_Traversal_Catch_Vault_high.uasset" 3476
"G:/Projets Unreal en cours/ICAN_Backrooms/Content/Characters/UEFN_Mannequin/Animations/Traversal/Catch/Vault/M_Neutral_Traversal_Catch_Vault_high.uexp" 3477
"G:/Projets Unreal en cours/ICAN_Backrooms/Content/Characters/UEFN_Mannequin/Animations/Traversal/Catch/Vault/AM_M_Neutral_Traversal_Catch_Vault_high.uasset" 3478
"G:/Projets Unreal en cours/ICAN_Backrooms/Content/Characters/UEFN_Mannequin/Animations/Traversal/Catch/Vault/AM_M_Neutral_Traversal_Catch_Vault_high.uexp" 3479
"G:/Projets Unreal en cours/ICAN_Backrooms/Content/Characters/UEFN_Mannequin/Animations/MotionMatchingData/Databases/PSD_Traversal.uasset" 3480
"G:/Projets Unreal en cours/ICAN_Backrooms/Content/Characters/UEFN_Mannequin/Animations/MotionMatchingData/Databases/PSD_Traversal.uexp" 3481
"G:/Projets Unreal en cours/ICAN_Backrooms/Content/Characters/UEFN_Mannequin/Animations/Traversal/Vault/AM_M_Neutral_Traversal_Vault_1_0_stand_F_Lfoot.uasset" 3482
"G:/Projets Unreal en cours/ICAN_Backrooms/Content/Characters/UEFN_Mannequin/Animations/Traversal/Vault/AM_M_Neutral_Traversal_Vault_1_0_stand_F_Lfoot.uexp" 3483
"G:/Projets Unreal en cours/ICAN_Backrooms/Content/Characters/UEFN_Mannequin/Animations/Traversal/CHT_TraversalAnims.uasset" 3484
"G:/Projets Unreal en cours/ICAN_Backrooms/Content/Characters/UEFN_Mannequin/Animations/Traversal/CHT_TraversalAnims.uexp" 3485
"G:/Projets Unreal en cours/ICAN_Backrooms/Content/Blueprints/Cameras/CameraRig_CollisionOffset.uasset" 3486
"G:/Projets Unreal en cours/ICAN_Backrooms/Content/Blueprints/Cameras/CameraRig_CollisionOffset.uexp" 3487
"G:/Projets Unreal en cours/ICAN_Backrooms/Content/Input/IA_NextCharacter.uasset" 3488
"G:/Projets Unreal en cours/ICAN_Backrooms/Content/Input/IA_NextCharacter.uexp" 3489
"G:/Projets Unreal en cours/ICAN_Backrooms/Content/Input/IA_Traverse.uasset" 3490
"G:/Projets Unreal en cours/ICAN_Backrooms/Content/Input/IA_Traverse.uexp" 3491
"G:/Projets Unreal en cours/ICAN_Backrooms/Content/Input/IA_Aim.uasset" 3492
"G:/Projets Unreal en cours/ICAN_Backrooms/Content/Input/IA_Aim.uexp" 3493
"G:/Projets Unreal en cours/ICAN_Backrooms/Content/Input/IA_Sprint.uasset" 3494
"G:/Projets Unreal en cours/ICAN_Backrooms/Content/Input/IA_Sprint.uexp" 3495
"G:/Projets Unreal en cours/ICAN_Backrooms/Content/Input/IMC_Sandbox.uasset" 3496
"G:/Projets Unreal en cours/ICAN_Backrooms/Content/Input/IMC_Sandbox.uexp" 3497
"G:/Projets Unreal en cours/ICAN_Backrooms/Content/Blueprints/CBP_SandboxCharacter.uasset" 3498
"G:/Projets Unreal en cours/ICAN_Backrooms/Content/Blueprints/CBP_SandboxCharacter.uexp" 3499
"../../../Engine/Content/BasicShapes/BasicShapeMaterial.uasset" 3500
"../../../Engine/Content/BasicShapes/BasicShapeMaterial.uexp" 3501
"G:/Projets Unreal en cours/ICAN_Backrooms/Content/BP_MovementConstraintChangeBox.uasset" 3502
"G:/Projets Unreal en cours/ICAN_Backrooms/Content/BP_MovementConstraintChangeBox.uexp" 3503
"G:/Projets Unreal en cours/ICAN_Backrooms/Content/Asset/Props/HABIT_TEST/Blouson_Blouson_FRONT_4142_BaseColor.ubulk" 3504
"G:/Projets Unreal en cours/ICAN_Backrooms/Content/Asset/Props/HABIT_TEST/Blouson_Blouson_FRONT_4142_BaseColor.uasset" 3505
"G:/Projets Unreal en cours/ICAN_Backrooms/Content/Asset/Props/HABIT_TEST/Blouson_Blouson_FRONT_4142_BaseColor.uexp" 3506
"G:/Projets Unreal en cours/ICAN_Backrooms/Content/Asset/Props/HABIT_TEST/Blouson_FRONT_4144_001.uasset" 3507
"G:/Projets Unreal en cours/ICAN_Backrooms/Content/Asset/Props/HABIT_TEST/Blouson_FRONT_4144_001.uexp" 3508
"G:/Projets Unreal en cours/ICAN_Backrooms/Content/Asset/Props/HABIT_TEST/JEANS_JEANS_FRONT_8320_Normal.ubulk" 3509
"G:/Projets Unreal en cours/ICAN_Backrooms/Content/Asset/Props/HABIT_TEST/JEANS_JEANS_FRONT_8320_Normal.uasset" 3510
"G:/Projets Unreal en cours/ICAN_Backrooms/Content/Asset/Props/HABIT_TEST/JEANS_JEANS_FRONT_8320_Normal.uexp" 3511
"G:/Projets Unreal en cours/ICAN_Backrooms/Content/Asset/Props/HABIT_TEST/JEANS_JEANS_FRONT_8320_BaseColor.ubulk" 3512
"G:/Projets Unreal en cours/ICAN_Backrooms/Content/Asset/Props/HABIT_TEST/JEANS_JEANS_FRONT_8320_BaseColor.uasset" 3513
"G:/Projets Unreal en cours/ICAN_Backrooms/Content/Asset/Props/HABIT_TEST/JEANS_JEANS_FRONT_8320_BaseColor.uexp" 3514
"G:/Projets Unreal en cours/ICAN_Backrooms/Content/Asset/Props/HABIT_TEST/JEANS_JEANS_FRONT_8320_OcclusionRoughnessMetallic.ubulk" 3515
"G:/Projets Unreal en cours/ICAN_Backrooms/Content/Asset/Props/HABIT_TEST/JEANS_JEANS_FRONT_8320_OcclusionRoughnessMetallic.uasset" 3516
"G:/Projets Unreal en cours/ICAN_Backrooms/Content/Asset/Props/HABIT_TEST/JEANS_JEANS_FRONT_8320_OcclusionRoughnessMetallic.uexp" 3517
"G:/Projets Unreal en cours/ICAN_Backrooms/Content/Asset/Props/HABIT_TEST/JEANS_FRONT_8320_001.uasset" 3518
"G:/Projets Unreal en cours/ICAN_Backrooms/Content/Asset/Props/HABIT_TEST/JEANS_FRONT_8320_001.uexp" 3519
"G:/Projets Unreal en cours/ICAN_Backrooms/Content/Asset/Props/HABIT_TEST/Clothes_Finished_PhysicsAsset.uasset" 3520
"G:/Projets Unreal en cours/ICAN_Backrooms/Content/Asset/Props/HABIT_TEST/Clothes_Finished_PhysicsAsset.uexp" 3521
"G:/Projets Unreal en cours/ICAN_Backrooms/Content/Asset/Props/HABIT_TEST/TEE_SHIRT_40s_Chambray_FCL1PSC004_FRONT_4138_OcclusionRoughnessMetallic.ubulk" 3522
"G:/Projets Unreal en cours/ICAN_Backrooms/Content/Asset/Props/HABIT_TEST/TEE_SHIRT_40s_Chambray_FCL1PSC004_FRONT_4138_OcclusionRoughnessMetallic.uasset" 3523
"G:/Projets Unreal en cours/ICAN_Backrooms/Content/Asset/Props/HABIT_TEST/TEE_SHIRT_40s_Chambray_FCL1PSC004_FRONT_4138_OcclusionRoughnessMetallic.uexp" 3524
"G:/Projets Unreal en cours/ICAN_Backrooms/Content/Asset/Props/HABIT_TEST/TEE_SHIRT_40s_Chambray_FCL1PSC004_FRONT_4138_BaseColor.ubulk" 3525
"G:/Projets Unreal en cours/ICAN_Backrooms/Content/Asset/Props/HABIT_TEST/TEE_SHIRT_40s_Chambray_FCL1PSC004_FRONT_4138_BaseColor.uasset" 3526
"G:/Projets Unreal en cours/ICAN_Backrooms/Content/Asset/Props/HABIT_TEST/TEE_SHIRT_40s_Chambray_FCL1PSC004_FRONT_4138_BaseColor.uexp" 3527
"G:/Projets Unreal en cours/ICAN_Backrooms/Content/Asset/Props/HABIT_TEST/TEE_SHIRT_40s_Chambray_FCL1PSC004_FRONT_4138_Normal.ubulk" 3528
"G:/Projets Unreal en cours/ICAN_Backrooms/Content/Asset/Props/HABIT_TEST/TEE_SHIRT_40s_Chambray_FCL1PSC004_FRONT_4138_Normal.uasset" 3529
"G:/Projets Unreal en cours/ICAN_Backrooms/Content/Asset/Props/HABIT_TEST/TEE_SHIRT_40s_Chambray_FCL1PSC004_FRONT_4138_Normal.uexp" 3530
"G:/Projets Unreal en cours/ICAN_Backrooms/Content/Asset/Props/HABIT_TEST/40s_Chambray_FCL1PSC004_FRONT_4138_001.uasset" 3531
"G:/Projets Unreal en cours/ICAN_Backrooms/Content/Asset/Props/HABIT_TEST/40s_Chambray_FCL1PSC004_FRONT_4138_001.uexp" 3532
"G:/Projets Unreal en cours/ICAN_Backrooms/Content/Asset/Props/HABIT_TEST/Clothes_Finished.uasset" 3533
"G:/Projets Unreal en cours/ICAN_Backrooms/Content/Asset/Props/HABIT_TEST/Clothes_Finished.uexp" 3534
"G:/Projets Unreal en cours/ICAN_Backrooms/Content/Input/IA_Inspect.uasset" 3535
"G:/Projets Unreal en cours/ICAN_Backrooms/Content/Input/IA_Inspect.uexp" 3536
"G:/Projets Unreal en cours/ICAN_Backrooms/Content/Blueprints/Interaction/Interface/BPI_INTERACTION.uasset" 3537
"G:/Projets Unreal en cours/ICAN_Backrooms/Content/Blueprints/Interaction/Interface/BPI_INTERACTION.uexp" 3538
"G:/Projets Unreal en cours/ICAN_Backrooms/Content/MetaHumans/Common/Common/Rigs/RTG_UEFN_to_Metahuman_ovw.uasset" 3539
"G:/Projets Unreal en cours/ICAN_Backrooms/Content/MetaHumans/Common/Common/Rigs/RTG_UEFN_to_Metahuman_ovw.uexp" 3540
"G:/Projets Unreal en cours/ICAN_Backrooms/Content/Characters/UE4_Mannequin/Rigs/RTG_UEFN_to_UE4_Mannequin.uasset" 3541
"G:/Projets Unreal en cours/ICAN_Backrooms/Content/Characters/UE4_Mannequin/Rigs/RTG_UEFN_to_UE4_Mannequin.uexp" 3542
"G:/Projets Unreal en cours/ICAN_Backrooms/Content/Characters/Paragon/Heroes/TwinBlast/Rigs/RTG_UEFN_to_TwinBlast.uasset" 3543
"G:/Projets Unreal en cours/ICAN_Backrooms/Content/Characters/Paragon/Heroes/TwinBlast/Rigs/RTG_UEFN_to_TwinBlast.uexp" 3544
"G:/Projets Unreal en cours/ICAN_Backrooms/Content/MetaHumans/Common/Common/Rigs/RTG_UEFN_to_Metahuman_nrw.uasset" 3545
"G:/Projets Unreal en cours/ICAN_Backrooms/Content/MetaHumans/Common/Common/Rigs/RTG_UEFN_to_Metahuman_nrw.uexp" 3546
"G:/Projets Unreal en cours/ICAN_Backrooms/Content/Characters/UE5_Mannequins/Rigs/RTG_UEFN_to_UE5_Mannequin.uasset" 3547
"G:/Projets Unreal en cours/ICAN_Backrooms/Content/Characters/UE5_Mannequins/Rigs/RTG_UEFN_to_UE5_Mannequin.uexp" 3548
"G:/Projets Unreal en cours/ICAN_Backrooms/Content/Characters/Echo/Rigs/RTG_UEFN_to_Echo.uasset" 3549
"G:/Projets Unreal en cours/ICAN_Backrooms/Content/Characters/Echo/Rigs/RTG_UEFN_to_Echo.uexp" 3550
"G:/Projets Unreal en cours/ICAN_Backrooms/Content/Blueprints/RetargetedCharacters/ABP_GenericRetarget.uasset" 3551
"G:/Projets Unreal en cours/ICAN_Backrooms/Content/Blueprints/RetargetedCharacters/ABP_GenericRetarget.uexp" 3552
"G:/Projets Unreal en cours/ICAN_Backrooms/Content/Blueprints/RetargetedCharacters/CBP_SandboxCharacter_Metahuman_LUCY.uasset" 3553
"G:/Projets Unreal en cours/ICAN_Backrooms/Content/Blueprints/RetargetedCharacters/CBP_SandboxCharacter_Metahuman_LUCY.uexp" 3554
"G:/Projets Unreal en cours/ICAN_Backrooms/Content/AI/BB_Sulker.uasset" 3555
"G:/Projets Unreal en cours/ICAN_Backrooms/Content/AI/BB_Sulker.uexp" 3556
"G:/Projets Unreal en cours/ICAN_Backrooms/Content/AI/BTT_ChasePlayer.uasset" 3557
"G:/Projets Unreal en cours/ICAN_Backrooms/Content/AI/BTT_ChasePlayer.uexp" 3558
"G:/Projets Unreal en cours/ICAN_Backrooms/Content/AI/BTT_SetActorLocation.uasset" 3559
"G:/Projets Unreal en cours/ICAN_Backrooms/Content/AI/BTT_SetActorLocation.uexp" 3560
"G:/Projets Unreal en cours/ICAN_Backrooms/Content/AI/BTT_CheckPlayerProximity.uasset" 3561
"G:/Projets Unreal en cours/ICAN_Backrooms/Content/AI/BTT_CheckPlayerProximity.uexp" 3562
"G:/Projets Unreal en cours/ICAN_Backrooms/Content/AI/BTT_AttackPlayer.uasset" 3563
"G:/Projets Unreal en cours/ICAN_Backrooms/Content/AI/BTT_AttackPlayer.uexp" 3564
"G:/Projets Unreal en cours/ICAN_Backrooms/Content/AI/BTT_SetNewDestination.uasset" 3565
"G:/Projets Unreal en cours/ICAN_Backrooms/Content/AI/BTT_SetNewDestination.uexp" 3566
"G:/Projets Unreal en cours/ICAN_Backrooms/Content/AI/BTT_UnregisterEnemyFromChase.uasset" 3567
"G:/Projets Unreal en cours/ICAN_Backrooms/Content/AI/BTT_UnregisterEnemyFromChase.uexp" 3568
"../../../Engine/Plugins/FX/Niagara/Content/VectorFields/Assets/TilingCurl32.uasset" 3569
"../../../Engine/Plugins/FX/Niagara/Content/VectorFields/Assets/TilingCurl32.uexp" 3570
"G:/Projets Unreal en cours/ICAN_Backrooms/Content/MATERIAL/Post-Process/mid_triangle_bool.ubulk" 3571
"G:/Projets Unreal en cours/ICAN_Backrooms/Content/MATERIAL/Post-Process/mid_triangle_bool.uasset" 3572
"G:/Projets Unreal en cours/ICAN_Backrooms/Content/MATERIAL/Post-Process/mid_triangle_bool.uexp" 3573
"G:/Projets Unreal en cours/ICAN_Backrooms/Content/MATERIAL/M_PreTPParticle.uasset" 3574
"G:/Projets Unreal en cours/ICAN_Backrooms/Content/MATERIAL/M_PreTPParticle.uexp" 3575
"G:/Projets Unreal en cours/ICAN_Backrooms/Content/VFX/NS_PreTPFountain.uasset" 3576
"G:/Projets Unreal en cours/ICAN_Backrooms/Content/VFX/NS_PreTPFountain.uexp" 3577
"G:/Projets Unreal en cours/ICAN_Backrooms/Content/AI/BTT_PlayPreTPEmitter.uasset" 3578
"G:/Projets Unreal en cours/ICAN_Backrooms/Content/AI/BTT_PlayPreTPEmitter.uexp" 3579
"G:/Projets Unreal en cours/ICAN_Backrooms/Content/AI/BTT_RemovePreTPEmitter.uasset" 3580
"G:/Projets Unreal en cours/ICAN_Backrooms/Content/AI/BTT_RemovePreTPEmitter.uexp" 3581
"G:/Projets Unreal en cours/ICAN_Backrooms/Content/AI/BT_Specter.uasset" 3582
"G:/Projets Unreal en cours/ICAN_Backrooms/Content/AI/BT_Specter.uexp" 3583
"G:/Projets Unreal en cours/ICAN_Backrooms/Content/AI/AIC_SulkerController.uasset" 3584
"G:/Projets Unreal en cours/ICAN_Backrooms/Content/AI/AIC_SulkerController.uexp" 3585
"G:/Projets Unreal en cours/ICAN_Backrooms/Content/Blueprints/CBP_Enemy.uasset" 3586
"G:/Projets Unreal en cours/ICAN_Backrooms/Content/Blueprints/CBP_Enemy.uexp" 3587
"G:/Projets Unreal en cours/ICAN_Backrooms/Content/Blueprints/ScriptedEventTriggers/BP_BaseEventTrigger.uasset" 3588
"G:/Projets Unreal en cours/ICAN_Backrooms/Content/Blueprints/ScriptedEventTriggers/BP_BaseEventTrigger.uexp" 3589
"G:/Projets Unreal en cours/ICAN_Backrooms/Content/Blueprints/ScriptedEventTriggers/BP_ToggleEnemiesTrigger.uasset" 3590
"G:/Projets Unreal en cours/ICAN_Backrooms/Content/Blueprints/ScriptedEventTriggers/BP_ToggleEnemiesTrigger.uexp" 3591
"G:/Projets Unreal en cours/ICAN_Backrooms/Content/Blueprints/ScriptedEventTriggers/BP_SequencerTrigger.uasset" 3592
"G:/Projets Unreal en cours/ICAN_Backrooms/Content/Blueprints/ScriptedEventTriggers/BP_SequencerTrigger.uexp" 3593
"G:/Projets Unreal en cours/ICAN_Backrooms/Content/Blueprints/ScriptedEventTriggers/BP_PlaySoundTrigger.uasset" 3594
"G:/Projets Unreal en cours/ICAN_Backrooms/Content/Blueprints/ScriptedEventTriggers/BP_PlaySoundTrigger.uexp" 3595
"G:/Projets Unreal en cours/ICAN_Backrooms/Content/Blueprints/ScriptedEventTriggers/BP_BlockInput.uasset" 3596
"G:/Projets Unreal en cours/ICAN_Backrooms/Content/Blueprints/ScriptedEventTriggers/BP_BlockInput.uexp" 3597
"../../../Engine/Plugins/Runtime/AudioWidgets/Content/Resources/ScrubHandleDown_Clamped.uasset" 3598
"../../../Engine/Plugins/Runtime/AudioWidgets/Content/Resources/ScrubHandleDown_Clamped.uexp" 3599
"../../../Engine/Plugins/Experimental/Water/Content/Icons/WaterZoneActorSprite.ubulk" 3600
"../../../Engine/Plugins/Experimental/Water/Content/Icons/WaterZoneActorSprite.uasset" 3601
"../../../Engine/Plugins/Experimental/Water/Content/Icons/WaterZoneActorSprite.uexp" 3602
"../../../Engine/Plugins/Experimental/Water/Content/Icons/WaterSprite.uasset" 3603
"../../../Engine/Plugins/Experimental/Water/Content/Icons/WaterSprite.uexp" 3604
"../../../Engine/Plugins/Experimental/Water/Content/Icons/WaterLandscapeBrushSprite.ubulk" 3605
"../../../Engine/Plugins/Experimental/Water/Content/Icons/WaterLandscapeBrushSprite.uasset" 3606
"../../../Engine/Plugins/Experimental/Water/Content/Icons/WaterLandscapeBrushSprite.uexp" 3607
"../../../Engine/Plugins/Experimental/Water/Content/Icons/WaterErrorSprite.ubulk" 3608
"../../../Engine/Plugins/Experimental/Water/Content/Icons/WaterErrorSprite.uasset" 3609
"../../../Engine/Plugins/Experimental/Water/Content/Icons/WaterErrorSprite.uexp" 3610
"../../../Engine/Plugins/Experimental/Water/Content/Icons/WaterBodyIslandSprite.uasset" 3611
"../../../Engine/Plugins/Experimental/Water/Content/Icons/WaterBodyIslandSprite.uexp" 3612
"../../../Engine/Plugins/Experimental/Water/Content/Icons/WaterBodyExclusionVolumeSprite.uasset" 3613
"../../../Engine/Plugins/Experimental/Water/Content/Icons/WaterBodyExclusionVolumeSprite.uexp" 3614
"../../../Engine/Content/EngineResources/GradientTexture0.uasset" 3615
"../../../Engine/Content/EngineResources/GradientTexture0.uexp" 3616
"../../../Engine/Content/EngineResources/FilmGrains/Marcie_Grain_v3_128_M2_000.uasset" 3617
"../../../Engine/Content/EngineResources/FilmGrains/Marcie_Grain_v3_128_M2_000.uexp" 3618
"../../../Engine/Content/EngineMaterials/PreintegratedSkinBRDF.uasset" 3619
"../../../Engine/Content/EngineMaterials/PreintegratedSkinBRDF.uexp" 3620
"../../../Engine/Content/EngineMaterials/MiniFont.uasset" 3621
"../../../Engine/Content/EngineMaterials/MiniFont.uexp" 3622
"../../../Engine/Content/EngineMaterials/FastBlueNoise_vec2_128x128x64.uasset" 3623
"../../../Engine/Content/EngineMaterials/FastBlueNoise_vec2_128x128x64.uexp" 3624
"../../../Engine/Content/EngineMaterials/FastBlueNoise_scalar_128x128x64.uasset" 3625
"../../../Engine/Content/EngineMaterials/FastBlueNoise_scalar_128x128x64.uexp" 3626
"../../../Engine/Content/EngineMaterials/DefaultWhiteGrid.ubulk" 3627
"../../../Engine/Content/EngineMaterials/DefaultWhiteGrid.uasset" 3628
"../../../Engine/Content/EngineMaterials/DefaultWhiteGrid.uexp" 3629
"../../../Engine/Content/EngineMaterials/DefaultBokeh.uasset" 3630
"../../../Engine/Content/EngineMaterials/DefaultBokeh.uexp" 3631
"../../../Engine/Content/EngineMaterials/DefaultBloomKernel.uasset" 3632
"../../../Engine/Content/EngineMaterials/DefaultBloomKernel.uexp" 3633
"../../../Engine/Content/EngineMaterials/LTC/Sheen_LTC.uasset" 3634
"../../../Engine/Content/EngineMaterials/LTC/Sheen_LTC.uexp" 3635
"../../../Engine/Content/EngineMaterials/LTC/GGX_LTCMat.uasset" 3636
"../../../Engine/Content/EngineMaterials/LTC/GGX_LTCMat.uexp" 3637
"../../../Engine/Content/EngineMaterials/LTC/GGX_LTCAmp.uasset" 3638
"../../../Engine/Content/EngineMaterials/LTC/GGX_LTCAmp.uexp" 3639
"../../../Engine/Content/EngineMaterials/EnergyConservation/Sheen_Energy.uasset" 3640
"../../../Engine/Content/EngineMaterials/EnergyConservation/Sheen_Energy.uexp" 3641
"../../../Engine/Content/EngineMaterials/EnergyConservation/SheenLegacy_Energy.uasset" 3642
"../../../Engine/Content/EngineMaterials/EnergyConservation/SheenLegacy_Energy.uexp" 3643
"../../../Engine/Content/EngineMaterials/EnergyConservation/GGX_TransmissionEnergyArray.uasset" 3644
"../../../Engine/Content/EngineMaterials/EnergyConservation/GGX_TransmissionEnergyArray.uexp" 3645
"../../../Engine/Content/EngineMaterials/EnergyConservation/GGX_ReflectionEnergy.uasset" 3646
"../../../Engine/Content/EngineMaterials/EnergyConservation/GGX_ReflectionEnergy.uexp" 3647
"../../../Engine/Content/EngineMaterials/EnergyConservation/Diffuse_Energy.uasset" 3648
"../../../Engine/Content/EngineMaterials/EnergyConservation/Diffuse_Energy.uexp" 3649
"../../../Engine/Content/EngineDamageTypes/DmgTypeBP_Environmental.uasset" 3650
"../../../Engine/Content/EngineDamageTypes/DmgTypeBP_Environmental.uexp" 3651
"../../../Engine/Content/EditorResources/S_TriggerSphere.uasset" 3652
"../../../Engine/Content/EditorResources/S_TriggerSphere.uexp" 3653
"../../../Engine/Content/EditorResources/S_TriggerCapsule.uasset" 3654
"../../../Engine/Content/EditorResources/S_TriggerCapsule.uexp" 3655
"../../../Engine/Content/EditorResources/S_TriggerBox.uasset" 3656
"../../../Engine/Content/EditorResources/S_TriggerBox.uexp" 3657
"../../../Engine/Content/EditorResources/S_Trigger.ubulk" 3658
"../../../Engine/Content/EditorResources/S_Trigger.uasset" 3659
"../../../Engine/Content/EditorResources/S_Trigger.uexp" 3660
"../../../Engine/Content/EditorResources/S_Solver.ubulk" 3661
"../../../Engine/Content/EditorResources/S_Solver.uasset" 3662
"../../../Engine/Content/EditorResources/S_Solver.uexp" 3663
"../../../Engine/Content/EditorResources/S_BoxReflectionCapture.uasset" 3664
"../../../Engine/Content/EditorResources/S_BoxReflectionCapture.uexp" 3665
"../../../Engine/Content/EditorResources/EmptyActor.uasset" 3666
"../../../Engine/Content/EditorResources/EmptyActor.uexp" 3667
"../../../Engine/Content/EditorResources/BSPVertex.uasset" 3668
"../../../Engine/Content/EditorResources/BSPVertex.uexp" 3669
"../../../Engine/Content/EditorResources/SequenceRecorder/RecordingIndicator.uasset" 3670
"../../../Engine/Content/EditorResources/SequenceRecorder/RecordingIndicator.uexp" 3671
"../../../Engine/Content/EditorResources/SequenceRecorder/Countdown.uasset" 3672
"../../../Engine/Content/EditorResources/SequenceRecorder/Countdown.uexp" 3673
"../../../Engine/Content/EditorMaterials/ParticleSystems/PSysThumbnail_OOD.ubulk" 3674
"../../../Engine/Content/EditorMaterials/ParticleSystems/PSysThumbnail_OOD.uasset" 3675
"../../../Engine/Content/EditorMaterials/ParticleSystems/PSysThumbnail_OOD.uexp" 3676
"../../../Engine/Content/EditorMaterials/ParticleSystems/PSysThumbnail_NoImage.ubulk" 3677
"../../../Engine/Content/EditorMaterials/ParticleSystems/PSysThumbnail_NoImage.uasset" 3678
"../../../Engine/Content/EditorMaterials/ParticleSystems/PSysThumbnail_NoImage.uexp" 3679
"../../../Engine/Content/EditorLandscapeResources/DefaultAlphaTexture.uasset" 3680
"../../../Engine/Content/EditorLandscapeResources/DefaultAlphaTexture.uexp" 3681
"G:/Projets Unreal en cours/ICAN_Backrooms/Content/Font/ELEGANT_TYPEWRITER_Bold.uexp" 3682
"G:/Projets Unreal en cours/ICAN_Backrooms/Content/Font/ELEGANT_TYPEWRITER_Bold.uasset" 3683
"G:/Projets Unreal en cours/ICAN_Backrooms/Content/Font/ELEGANT_TYPEWRITER_Bold.ufont" 3684
"G:/Projets Unreal en cours/ICAN_Backrooms/Content/Font/ELEGANT_TYPEWRITER_Bold_Font.uasset" 3685
"G:/Projets Unreal en cours/ICAN_Backrooms/Content/Font/ELEGANT_TYPEWRITER_Bold_Font.uexp" 3686
"G:/Projets Unreal en cours/ICAN_Backrooms/Content/Font/ELEGANT_TYPEWRITER_Regular.uexp" 3687
"G:/Projets Unreal en cours/ICAN_Backrooms/Content/Font/ELEGANT_TYPEWRITER_Regular.uasset" 3688
"G:/Projets Unreal en cours/ICAN_Backrooms/Content/Font/ELEGANT_TYPEWRITER_Regular.ufont" 3689
"G:/Projets Unreal en cours/ICAN_Backrooms/Content/Font/ELEGANT_TYPEWRITER_Regular_Font.uasset" 3690
"G:/Projets Unreal en cours/ICAN_Backrooms/Content/Font/ELEGANT_TYPEWRITER_Regular_Font.uexp" 3691
"G:/Projets Unreal en cours/ICAN_Backrooms/Content/Blueprints/Interaction/Interaction_Actors/istockphoto-92884162-640x640.uasset" 3692
"G:/Projets Unreal en cours/ICAN_Backrooms/Content/Blueprints/Interaction/Interaction_Actors/istockphoto-92884162-640x640.uexp" 3693
"G:/Projets Unreal en cours/ICAN_Backrooms/Content/Blueprints/Interaction/Interaction_Actors/RT_Inspect.uasset" 3694
"G:/Projets Unreal en cours/ICAN_Backrooms/Content/Blueprints/Interaction/Interaction_Actors/RT_Inspect.uexp" 3695
"G:/Projets Unreal en cours/ICAN_Backrooms/Content/Blueprints/Interaction/Interaction_Actors/M_Inspect_CAM.uasset" 3696
"G:/Projets Unreal en cours/ICAN_Backrooms/Content/Blueprints/Interaction/Interaction_Actors/M_Inspect_CAM.uexp" 3697
"G:/Projets Unreal en cours/ICAN_Backrooms/Content/Blueprints/Interaction/Interaction_Actors/W_Inspecy.uasset" 3698
"G:/Projets Unreal en cours/ICAN_Backrooms/Content/Blueprints/Interaction/Interaction_Actors/W_Inspecy.uexp" 3699
"G:/Projets Unreal en cours/ICAN_Backrooms/Content/UI/ASSET/UI_1.uasset" 3700
"G:/Projets Unreal en cours/ICAN_Backrooms/Content/UI/ASSET/UI_1.uexp" 3701
"G:/Projets Unreal en cours/ICAN_Backrooms/Content/UI/ASSET/UI_2.uasset" 3702
"G:/Projets Unreal en cours/ICAN_Backrooms/Content/UI/ASSET/UI_2.uexp" 3703
"../../../Engine/Plugins/Interchange/Assets/Content/Functions/MF_PhongToMetalRoughness.uasset" 3704
"../../../Engine/Plugins/Interchange/Assets/Content/Functions/MF_PhongToMetalRoughness.uexp" 3705
"G:/Projets Unreal en cours/ICAN_Backrooms/Content/Asset/Props/Itmes/TEST_HAND/Main.uasset" 3706
"G:/Projets Unreal en cours/ICAN_Backrooms/Content/Asset/Props/Itmes/TEST_HAND/Main.uexp" 3707
"G:/Projets Unreal en cours/ICAN_Backrooms/Content/Asset/Props/Itmes/TEST_HAND/Metal.uasset" 3708
"G:/Projets Unreal en cours/ICAN_Backrooms/Content/Asset/Props/Itmes/TEST_HAND/Metal.uexp" 3709
"G:/Projets Unreal en cours/ICAN_Backrooms/Content/Asset/Props/Itmes/TEST_HAND/RinGAndOtherStuff.ubulk" 3710
"G:/Projets Unreal en cours/ICAN_Backrooms/Content/Asset/Props/Itmes/TEST_HAND/RinGAndOtherStuff.uasset" 3711
"G:/Projets Unreal en cours/ICAN_Backrooms/Content/Asset/Props/Itmes/TEST_HAND/RinGAndOtherStuff.uexp" 3712
"../../../Engine/Content/EngineLightProfiles/180Degree_IES.uasset" 3713
"../../../Engine/Content/EngineLightProfiles/180Degree_IES.uexp" 3714
"G:/Projets Unreal en cours/ICAN_Backrooms/Content/Blueprints/Interaction/Interaction_Actors/BP_INSPECT_ITEM.uasset" 3715
"G:/Projets Unreal en cours/ICAN_Backrooms/Content/Blueprints/Interaction/Interaction_Actors/BP_INSPECT_ITEM.uexp" 3716
"G:/Projets Unreal en cours/ICAN_Backrooms/Content/Blueprints/Interaction/Interaction_Actors/BP_Item.uasset" 3717
"G:/Projets Unreal en cours/ICAN_Backrooms/Content/Blueprints/Interaction/Interaction_Actors/BP_Item.uexp" 3718
"G:/Projets Unreal en cours/ICAN_Backrooms/Content/Blueprints/Puzzle/BP_PUZZLE_MASTER.uasset" 3719
"G:/Projets Unreal en cours/ICAN_Backrooms/Content/Blueprints/Puzzle/BP_PUZZLE_MASTER.uexp" 3720
"G:/Projets Unreal en cours/ICAN_Backrooms/Content/Blueprints/Puzzle/Puzzle/Paint/BP_PICTURE_FRAME_PUZZLE_Master.uasset" 3721
"G:/Projets Unreal en cours/ICAN_Backrooms/Content/Blueprints/Puzzle/Puzzle/Paint/BP_PICTURE_FRAME_PUZZLE_Master.uexp" 3722
"G:/Projets Unreal en cours/ICAN_Backrooms/Content/Blueprints/Puzzle/Puzzle/Paint/BP_PICTURE_FRAME_PUZZLE_Child2.uasset" 3723
"G:/Projets Unreal en cours/ICAN_Backrooms/Content/Blueprints/Puzzle/Puzzle/Paint/BP_PICTURE_FRAME_PUZZLE_Child2.uexp" 3724
"G:/Projets Unreal en cours/ICAN_Backrooms/Content/Blueprints/Puzzle/Puzzle/CADENAS/ASSET/MAT/Base/lock_Base_Normal.ubulk" 3725
"G:/Projets Unreal en cours/ICAN_Backrooms/Content/Blueprints/Puzzle/Puzzle/CADENAS/ASSET/MAT/Base/lock_Base_Normal.uasset" 3726
"G:/Projets Unreal en cours/ICAN_Backrooms/Content/Blueprints/Puzzle/Puzzle/CADENAS/ASSET/MAT/Base/lock_Base_Normal.uexp" 3727
"G:/Projets Unreal en cours/ICAN_Backrooms/Content/Blueprints/Puzzle/Puzzle/CADENAS/ASSET/MAT/Base/lock_Base_BaseColor.ubulk" 3728
"G:/Projets Unreal en cours/ICAN_Backrooms/Content/Blueprints/Puzzle/Puzzle/CADENAS/ASSET/MAT/Base/lock_Base_BaseColor.uasset" 3729
"G:/Projets Unreal en cours/ICAN_Backrooms/Content/Blueprints/Puzzle/Puzzle/CADENAS/ASSET/MAT/Base/lock_Base_BaseColor.uexp" 3730
"G:/Projets Unreal en cours/ICAN_Backrooms/Content/Blueprints/Puzzle/Puzzle/CADENAS/ASSET/MAT/Base/lock_Base_OcclusionRoughnessMetallic.ubulk" 3731
"G:/Projets Unreal en cours/ICAN_Backrooms/Content/Blueprints/Puzzle/Puzzle/CADENAS/ASSET/MAT/Base/lock_Base_OcclusionRoughnessMetallic.uasset" 3732
"G:/Projets Unreal en cours/ICAN_Backrooms/Content/Blueprints/Puzzle/Puzzle/CADENAS/ASSET/MAT/Base/lock_Base_OcclusionRoughnessMetallic.uexp" 3733
"G:/Projets Unreal en cours/ICAN_Backrooms/Content/Blueprints/Puzzle/Puzzle/CADENAS/ASSET/MAT/Base/lock_Base_BaseColor_Mat.uasset" 3734
"G:/Projets Unreal en cours/ICAN_Backrooms/Content/Blueprints/Puzzle/Puzzle/CADENAS/ASSET/MAT/Base/lock_Base_BaseColor_Mat.uexp" 3735
"G:/Projets Unreal en cours/ICAN_Backrooms/Content/Blueprints/Puzzle/Puzzle/CADENAS/ASSET/MAT/DIAL/lock_Dial_Normal.ubulk" 3736
"G:/Projets Unreal en cours/ICAN_Backrooms/Content/Blueprints/Puzzle/Puzzle/CADENAS/ASSET/MAT/DIAL/lock_Dial_Normal.uasset" 3737
"G:/Projets Unreal en cours/ICAN_Backrooms/Content/Blueprints/Puzzle/Puzzle/CADENAS/ASSET/MAT/DIAL/lock_Dial_Normal.uexp" 3738
"G:/Projets Unreal en cours/ICAN_Backrooms/Content/Blueprints/Puzzle/Puzzle/CADENAS/ASSET/MAT/DIAL/lock_Dial_BaseColor.ubulk" 3739
"G:/Projets Unreal en cours/ICAN_Backrooms/Content/Blueprints/Puzzle/Puzzle/CADENAS/ASSET/MAT/DIAL/lock_Dial_BaseColor.uasset" 3740
"G:/Projets Unreal en cours/ICAN_Backrooms/Content/Blueprints/Puzzle/Puzzle/CADENAS/ASSET/MAT/DIAL/lock_Dial_BaseColor.uexp" 3741
"G:/Projets Unreal en cours/ICAN_Backrooms/Content/Blueprints/Puzzle/Puzzle/CADENAS/ASSET/MAT/DIAL/lock_Dial_OcclusionRoughnessMetallic.ubulk" 3742
"G:/Projets Unreal en cours/ICAN_Backrooms/Content/Blueprints/Puzzle/Puzzle/CADENAS/ASSET/MAT/DIAL/lock_Dial_OcclusionRoughnessMetallic.uasset" 3743
"G:/Projets Unreal en cours/ICAN_Backrooms/Content/Blueprints/Puzzle/Puzzle/CADENAS/ASSET/MAT/DIAL/lock_Dial_OcclusionRoughnessMetallic.uexp" 3744
"G:/Projets Unreal en cours/ICAN_Backrooms/Content/Blueprints/Puzzle/Puzzle/CADENAS/ASSET/MAT/DIAL/lock_Dial_BaseColor_Mat.uasset" 3745
"G:/Projets Unreal en cours/ICAN_Backrooms/Content/Blueprints/Puzzle/Puzzle/CADENAS/ASSET/MAT/DIAL/lock_Dial_BaseColor_Mat.uexp" 3746
"G:/Projets Unreal en cours/ICAN_Backrooms/Content/Blueprints/Puzzle/Puzzle/CADENAS/ASSET/LOCKER_DIAL.ubulk" 3747
"G:/Projets Unreal en cours/ICAN_Backrooms/Content/Blueprints/Puzzle/Puzzle/CADENAS/ASSET/LOCKER_DIAL.uasset" 3748
"G:/Projets Unreal en cours/ICAN_Backrooms/Content/Blueprints/Puzzle/Puzzle/CADENAS/ASSET/LOCKER_DIAL.uexp" 3749
"G:/Projets Unreal en cours/ICAN_Backrooms/Content/Blueprints/Puzzle/Puzzle/CADENAS/ASSET/LOCKER_Base.ubulk" 3750
"G:/Projets Unreal en cours/ICAN_Backrooms/Content/Blueprints/Puzzle/Puzzle/CADENAS/ASSET/LOCKER_Base.uasset" 3751
"G:/Projets Unreal en cours/ICAN_Backrooms/Content/Blueprints/Puzzle/Puzzle/CADENAS/ASSET/LOCKER_Base.uexp" 3752
"G:/Projets Unreal en cours/ICAN_Backrooms/Content/Blueprints/Puzzle/Puzzle/CADENAS/ASSET/Lock.ubulk" 3753
"G:/Projets Unreal en cours/ICAN_Backrooms/Content/Blueprints/Puzzle/Puzzle/CADENAS/ASSET/Lock.uasset" 3754
"G:/Projets Unreal en cours/ICAN_Backrooms/Content/Blueprints/Puzzle/Puzzle/CADENAS/ASSET/Lock.uexp" 3755
"G:/Projets Unreal en cours/ICAN_Backrooms/Content/Blueprints/Puzzle/Puzzle/CADENAS/ASSET/Material.uasset" 3756
"G:/Projets Unreal en cours/ICAN_Backrooms/Content/Blueprints/Puzzle/Puzzle/CADENAS/ASSET/Material.uexp" 3757
"G:/Projets Unreal en cours/ICAN_Backrooms/Content/Blueprints/Puzzle/Puzzle/CADENAS/ASSET/LOCKER_Lock.ubulk" 3758
"G:/Projets Unreal en cours/ICAN_Backrooms/Content/Blueprints/Puzzle/Puzzle/CADENAS/ASSET/LOCKER_Lock.uasset" 3759
"G:/Projets Unreal en cours/ICAN_Backrooms/Content/Blueprints/Puzzle/Puzzle/CADENAS/ASSET/LOCKER_Lock.uexp" 3760
"G:/Projets Unreal en cours/ICAN_Backrooms/Content/Blueprints/Puzzle/Puzzle/CADENAS/BP_PUZZLE_DIAL.uasset" 3761
"G:/Projets Unreal en cours/ICAN_Backrooms/Content/Blueprints/Puzzle/Puzzle/CADENAS/BP_PUZZLE_DIAL.uexp" 3762
"G:/Projets Unreal en cours/ICAN_Backrooms/Content/Blueprints/Puzzle/Puzzle/CADENAS/BP_PUZZLE_CADENAS.uasset" 3763
"G:/Projets Unreal en cours/ICAN_Backrooms/Content/Blueprints/Puzzle/Puzzle/CADENAS/BP_PUZZLE_CADENAS.uexp" 3764
"../../../Engine/Content/EngineResources/DefaultTextureCube.uasset" 3765
"../../../Engine/Content/EngineResources/DefaultTextureCube.uexp" 3766
"../../../Engine/Content/EngineResources/DefaultVolumeTexture2D.uasset" 3767
"../../../Engine/Content/EngineResources/DefaultVolumeTexture2D.uexp" 3768
"../../../Engine/Content/EngineResources/DefaultVolumeTexture.uasset" 3769
"../../../Engine/Content/EngineResources/DefaultVolumeTexture.uexp" 3770
"../../../Engine/Content/EngineMeshes/Sphere.ubulk" 3771
"../../../Engine/Content/EngineMeshes/Sphere.uasset" 3772
"../../../Engine/Content/EngineMeshes/Sphere.uexp" 3773
"../../../Engine/Content/VREditor/TransformGizmo/Main.uasset" 3774
"../../../Engine/Content/VREditor/TransformGizmo/Main.uexp" 3775
"../../../Engine/Content/VREditor/TransformGizmo/Xray.uasset" 3776
"../../../Engine/Content/VREditor/TransformGizmo/Xray.uexp" 3777
"../../../Engine/Content/VREditor/TransformGizmo/SM_Sequencer_Node.ubulk" 3778
"../../../Engine/Content/VREditor/TransformGizmo/SM_Sequencer_Node.uasset" 3779
"../../../Engine/Content/VREditor/TransformGizmo/SM_Sequencer_Node.uexp" 3780
"../../../Engine/Content/VREditor/LaserPointer/VR_LaserPower_01.ubulk" 3781
"../../../Engine/Content/VREditor/LaserPointer/VR_LaserPower_01.uasset" 3782
"../../../Engine/Content/VREditor/LaserPointer/VR_LaserPower_01.uexp" 3783
"../../../Engine/Content/VREditor/TransformGizmo/TransformGizmoMaterial.uasset" 3784
"../../../Engine/Content/VREditor/TransformGizmo/TransformGizmoMaterial.uexp" 3785
"../../../Engine/Content/VREditor/TransformGizmo/TranslucentTransformGizmoMaterial.uasset" 3786
"../../../Engine/Content/VREditor/TransformGizmo/TranslucentTransformGizmoMaterial.uexp" 3787
"../../../Engine/Content/VREditor/TransformGizmo/BoundingBoxCorner.ubulk" 3788
"../../../Engine/Content/VREditor/TransformGizmo/BoundingBoxCorner.uasset" 3789
"../../../Engine/Content/VREditor/TransformGizmo/BoundingBoxCorner.uexp" 3790
"../../../Engine/Content/VREditor/TransformGizmo/BoundingBoxEdge.ubulk" 3791
"../../../Engine/Content/VREditor/TransformGizmo/BoundingBoxEdge.uasset" 3792
"../../../Engine/Content/VREditor/TransformGizmo/BoundingBoxEdge.uexp" 3793
"../../../Engine/Content/EditorMaterials/Camera/CineMat.uasset" 3794
"../../../Engine/Content/EditorMaterials/Camera/CineMat.uexp" 3795
"../../../Engine/Content/EditorMaterials/Camera/MI_CineMat_Rig.uasset" 3796
"../../../Engine/Content/EditorMaterials/Camera/MI_CineMat_Rig.uexp" 3797
"../../../Engine/Content/EditorMeshes/Camera/SM_CraneRig_Base.ubulk" 3798
"../../../Engine/Content/EditorMeshes/Camera/SM_CraneRig_Base.uasset" 3799
"../../../Engine/Content/EditorMeshes/Camera/SM_CraneRig_Base.uexp" 3800
"../../../Engine/Content/EditorMeshes/Camera/SM_CraneRig_Arm.ubulk" 3801
"../../../Engine/Content/EditorMeshes/Camera/SM_CraneRig_Arm.uasset" 3802
"../../../Engine/Content/EditorMeshes/Camera/SM_CraneRig_Arm.uexp" 3803
"../../../Engine/Content/EditorMeshes/Camera/SM_CraneRig_Mount.ubulk" 3804
"../../../Engine/Content/EditorMeshes/Camera/SM_CraneRig_Mount.uasset" 3805
"../../../Engine/Content/EditorMeshes/Camera/SM_CraneRig_Mount.uexp" 3806
"../../../Engine/Content/EditorMeshes/Camera/SM_CraneRig_Body.ubulk" 3807
"../../../Engine/Content/EditorMeshes/Camera/SM_CraneRig_Body.uasset" 3808
"../../../Engine/Content/EditorMeshes/Camera/SM_CraneRig_Body.uexp" 3809
"../../../Engine/Content/EditorMeshes/Camera/SM_RailRig_Track.ubulk" 3810
"../../../Engine/Content/EditorMeshes/Camera/SM_RailRig_Track.uasset" 3811
"../../../Engine/Content/EditorMeshes/Camera/SM_RailRig_Track.uexp" 3812
"../../../Engine/Content/EditorMeshes/Camera/SM_RailRig_Mount.ubulk" 3813
"../../../Engine/Content/EditorMeshes/Camera/SM_RailRig_Mount.uasset" 3814
"../../../Engine/Content/EditorMeshes/Camera/SM_RailRig_Mount.uexp" 3815
"G:/Projets Unreal en cours/ICAN_Backrooms/Content/MATERIAL/Post-Process/Noise_Wind.ubulk" 3816
"G:/Projets Unreal en cours/ICAN_Backrooms/Content/MATERIAL/Post-Process/Noise_Wind.uasset" 3817
"G:/Projets Unreal en cours/ICAN_Backrooms/Content/MATERIAL/Post-Process/Noise_Wind.uexp" 3818
"G:/Projets Unreal en cours/ICAN_Backrooms/Content/MATERIAL/Post-Process/mid_voronoi.ubulk" 3819
"G:/Projets Unreal en cours/ICAN_Backrooms/Content/MATERIAL/Post-Process/mid_voronoi.uasset" 3820
"G:/Projets Unreal en cours/ICAN_Backrooms/Content/MATERIAL/Post-Process/mid_voronoi.uexp" 3821
"../../../Engine/Content/Functions/Engine_MaterialFunctions02/HueShift.uasset" 3822
"../../../Engine/Content/Functions/Engine_MaterialFunctions02/HueShift.uexp" 3823
"G:/Projets Unreal en cours/ICAN_Backrooms/Content/MATERIAL/Post-Process/M_Glitch.uasset" 3824
"G:/Projets Unreal en cours/ICAN_Backrooms/Content/MATERIAL/Post-Process/M_Glitch.uexp" 3825
"G:/Projets Unreal en cours/ICAN_Backrooms/Content/LevelPrototyping/Meshes/SM_Cylinder.ubulk" 3826
"G:/Projets Unreal en cours/ICAN_Backrooms/Content/LevelPrototyping/Meshes/SM_Cylinder.uasset" 3827
"G:/Projets Unreal en cours/ICAN_Backrooms/Content/LevelPrototyping/Meshes/SM_Cylinder.uexp" 3828
"G:/Projets Unreal en cours/ICAN_Backrooms/Content/LevelPrototyping/Materials/MI_Grid_WorldAligned.uasset" 3829
"G:/Projets Unreal en cours/ICAN_Backrooms/Content/LevelPrototyping/Materials/MI_Grid_WorldAligned.uexp" 3830
"G:/Projets Unreal en cours/ICAN_Backrooms/Content/Audio/Ambient/Starter_Wind06.ubulk" 3831
"G:/Projets Unreal en cours/ICAN_Backrooms/Content/Audio/Ambient/Starter_Wind06.uasset" 3832
"G:/Projets Unreal en cours/ICAN_Backrooms/Content/Audio/Ambient/Starter_Wind06.uexp" 3833
"G:/Projets Unreal en cours/ICAN_Backrooms/Content/Audio/Ambient/Starter_Wind05.ubulk" 3834
"G:/Projets Unreal en cours/ICAN_Backrooms/Content/Audio/Ambient/Starter_Wind05.uasset" 3835
"G:/Projets Unreal en cours/ICAN_Backrooms/Content/Audio/Ambient/Starter_Wind05.uexp" 3836
"G:/Projets Unreal en cours/ICAN_Backrooms/Content/Audio/Ambient/Starter_Music01.ubulk" 3837
"G:/Projets Unreal en cours/ICAN_Backrooms/Content/Audio/Ambient/Starter_Music01.uasset" 3838
"G:/Projets Unreal en cours/ICAN_Backrooms/Content/Audio/Ambient/Starter_Music01.uexp" 3839
"G:/Projets Unreal en cours/ICAN_Backrooms/Content/Audio/Ambient/Starter_Birds01.ubulk" 3840
"G:/Projets Unreal en cours/ICAN_Backrooms/Content/Audio/Ambient/Starter_Birds01.uasset" 3841
"G:/Projets Unreal en cours/ICAN_Backrooms/Content/Audio/Ambient/Starter_Birds01.uexp" 3842
"G:/Projets Unreal en cours/ICAN_Backrooms/Content/Audio/Ambient/BackgroundMix.uasset" 3843
"G:/Projets Unreal en cours/ICAN_Backrooms/Content/Audio/Ambient/BackgroundMix.uexp" 3844
"../../../Engine/Plugins/Runtime/MeshModelingToolset/Content/Materials/M_DynamicMeshComponentVtxColor.uasset" 3845
"../../../Engine/Plugins/Runtime/MeshModelingToolset/Content/Materials/M_DynamicMeshComponentVtxColor.uexp" 3846
"../../../Engine/Plugins/Runtime/HairStrands/Content/Materials/HairMeshesDefaultMaterial.uasset" 3847
"../../../Engine/Plugins/Runtime/HairStrands/Content/Materials/HairMeshesDefaultMaterial.uexp" 3848
"../../../Engine/Plugins/Runtime/HairStrands/Content/Materials/HairDefaultMaterial.uasset" 3849
"../../../Engine/Plugins/Runtime/HairStrands/Content/Materials/HairDefaultMaterial.uexp" 3850
"../../../Engine/Plugins/Runtime/HairStrands/Content/Materials/HairGroupColors.uasset" 3851
"../../../Engine/Plugins/Runtime/HairStrands/Content/Materials/HairGroupColors.uexp" 3852
"../../../Engine/Content/EngineMaterials/HairColorMap.uasset" 3853
"../../../Engine/Content/EngineMaterials/HairColorMap.uexp" 3854
"../../../Engine/Content/EngineMaterials/HairDebugColor.uasset" 3855
"../../../Engine/Content/EngineMaterials/HairDebugColor.uexp" 3856
"../../../Engine/Plugins/Runtime/HairStrands/Content/Materials/HairDebugMaterial.uasset" 3857
"../../../Engine/Plugins/Runtime/HairStrands/Content/Materials/HairDebugMaterial.uexp" 3858
"../../../Engine/Plugins/Runtime/HairStrands/Content/Materials/HairCardsDefaultMaterial.uasset" 3859
"../../../Engine/Plugins/Runtime/HairStrands/Content/Materials/HairCardsDefaultMaterial.uexp" 3860
"../../../Engine/Content/Functions/Engine_MaterialFunctions02/Texturing/CustomRotator.uasset" 3861
"../../../Engine/Content/Functions/Engine_MaterialFunctions02/Texturing/CustomRotator.uexp" 3862
"../../../Engine/Plugins/Runtime/AudioWidgets/Content/AudioMaterialSlate/Functions/MF_SingleLine_Smooth.uasset" 3863
"../../../Engine/Plugins/Runtime/AudioWidgets/Content/AudioMaterialSlate/Functions/MF_SingleLine_Smooth.uexp" 3864
"../../../Engine/Plugins/Runtime/AudioWidgets/Content/AudioMaterialSlate/Functions/MF_AngleGradient.uasset" 3865
"../../../Engine/Plugins/Runtime/AudioWidgets/Content/AudioMaterialSlate/Functions/MF_AngleGradient.uexp" 3866
"../../../Engine/Plugins/Runtime/AudioWidgets/Content/AudioMaterialSlate/Functions/MF_SingleLine.uasset" 3867
"../../../Engine/Plugins/Runtime/AudioWidgets/Content/AudioMaterialSlate/Functions/MF_SingleLine.uexp" 3868
"../../../Engine/Content/Functions/Engine_MaterialFunctions01/Gradient/SphereGradient-2D.uasset" 3869
"../../../Engine/Content/Functions/Engine_MaterialFunctions01/Gradient/SphereGradient-2D.uexp" 3870
"../../../Engine/Plugins/Runtime/AudioWidgets/Content/AudioMaterialSlate/M_AudioMaterialToggleButton.uasset" 3871
"../../../Engine/Plugins/Runtime/AudioWidgets/Content/AudioMaterialSlate/M_AudioMaterialToggleButton.uexp" 3872
"../../../Engine/Plugins/Runtime/AudioWidgets/Content/AudioMaterialSlate/MI_AudioMaterialToggleButton.uasset" 3873
"../../../Engine/Plugins/Runtime/AudioWidgets/Content/AudioMaterialSlate/MI_AudioMaterialToggleButton.uexp" 3874
"../../../Engine/Content/Functions/Engine_MaterialFunctions01/Gradient/GeneratedRoundRect.uasset" 3875
"../../../Engine/Content/Functions/Engine_MaterialFunctions01/Gradient/GeneratedRoundRect.uexp" 3876
"../../../Engine/Plugins/Runtime/AudioWidgets/Content/AudioMaterialSlate/M_AudioMaterialRoundedSlider.uasset" 3877
"../../../Engine/Plugins/Runtime/AudioWidgets/Content/AudioMaterialSlate/M_AudioMaterialRoundedSlider.uexp" 3878
"../../../Engine/Plugins/Runtime/AudioWidgets/Content/AudioMaterialSlate/MI_AudioMaterialRoundedSlider.uasset" 3879
"../../../Engine/Plugins/Runtime/AudioWidgets/Content/AudioMaterialSlate/MI_AudioMaterialRoundedSlider.uexp" 3880
"../../../Engine/Plugins/Runtime/AudioWidgets/Content/AudioMaterialSlate/Functions/MF_Lines.uasset" 3881
"../../../Engine/Plugins/Runtime/AudioWidgets/Content/AudioMaterialSlate/Functions/MF_Lines.uexp" 3882
"../../../Engine/Content/Functions/Engine_MaterialFunctions02/Lerp_3Color.uasset" 3883
"../../../Engine/Content/Functions/Engine_MaterialFunctions02/Lerp_3Color.uexp" 3884
"../../../Engine/Plugins/Runtime/AudioWidgets/Content/AudioMaterialSlate/M_AudioMaterialMeter.uasset" 3885
"../../../Engine/Plugins/Runtime/AudioWidgets/Content/AudioMaterialSlate/M_AudioMaterialMeter.uexp" 3886
"../../../Engine/Plugins/Runtime/AudioWidgets/Content/AudioMaterialSlate/MI_AudioMaterialMeter.uasset" 3887
"../../../Engine/Plugins/Runtime/AudioWidgets/Content/AudioMaterialSlate/MI_AudioMaterialMeter.uexp" 3888
"../../../Engine/Plugins/Runtime/AudioWidgets/Content/AudioMaterialSlate/M_AudioMaterialKnob.uasset" 3889
"../../../Engine/Plugins/Runtime/AudioWidgets/Content/AudioMaterialSlate/M_AudioMaterialKnob.uexp" 3890
"../../../Engine/Plugins/Runtime/AudioWidgets/Content/AudioMaterialSlate/MI_AudioMaterialKnob.uasset" 3891
"../../../Engine/Plugins/Runtime/AudioWidgets/Content/AudioMaterialSlate/MI_AudioMaterialKnob.uexp" 3892
"../../../Engine/Plugins/Runtime/AudioWidgets/Content/AudioMaterialSlate/Functions/MF_DotOutlined.uasset" 3893
"../../../Engine/Plugins/Runtime/AudioWidgets/Content/AudioMaterialSlate/Functions/MF_DotOutlined.uexp" 3894
"../../../Engine/Plugins/Runtime/AudioWidgets/Content/AudioMaterialSlate/M_AudioMaterialEnvelope_ADSR.uasset" 3895
"../../../Engine/Plugins/Runtime/AudioWidgets/Content/AudioMaterialSlate/M_AudioMaterialEnvelope_ADSR.uexp" 3896
"../../../Engine/Plugins/Runtime/AudioWidgets/Content/AudioMaterialSlate/MI_AudioMaterialEnvelope_ADSR.uasset" 3897
"../../../Engine/Plugins/Runtime/AudioWidgets/Content/AudioMaterialSlate/MI_AudioMaterialEnvelope_ADSR.uexp" 3898
"../../../Engine/Plugins/NNE/NNEDenoiser/Content/NNEDTOM_Output_Default.uasset" 3899
"../../../Engine/Plugins/NNE/NNEDenoiser/Content/NNEDTOM_Output_Default.uexp" 3900
"../../../Engine/Plugins/NNE/NNEDenoiser/Content/NNEDTOM_Output_Alpha.uasset" 3901
"../../../Engine/Plugins/NNE/NNEDenoiser/Content/NNEDTOM_Output_Alpha.uexp" 3902
"../../../Engine/Plugins/NNE/NNEDenoiser/Content/NNEDTIM_ColorAlbedoNormal_Default.uasset" 3903
"../../../Engine/Plugins/NNE/NNEDenoiser/Content/NNEDTIM_ColorAlbedoNormal_Default.uexp" 3904
"../../../Engine/Plugins/NNE/NNEDenoiser/Content/NNEDTIM_ColorAlbedoNormal_Alpha.uasset" 3905
"../../../Engine/Plugins/NNE/NNEDenoiser/Content/NNEDTIM_ColorAlbedoNormal_Alpha.uexp" 3906
"../../../Engine/Plugins/NNE/NNEDenoiser/Content/NNEDOM_Output_Default.uasset" 3907
"../../../Engine/Plugins/NNE/NNEDenoiser/Content/NNEDOM_Output_Default.uexp" 3908
"../../../Engine/Plugins/NNE/NNEDenoiser/Content/NNEDOM_Output_Alpha.uasset" 3909
"../../../Engine/Plugins/NNE/NNEDenoiser/Content/NNEDOM_Output_Alpha.uexp" 3910
"../../../Engine/Plugins/NNE/NNEDenoiser/Content/NNEDIM_HighQuality_Default.uasset" 3911
"../../../Engine/Plugins/NNE/NNEDenoiser/Content/NNEDIM_HighQuality_Default.uexp" 3912
"../../../Engine/Plugins/NNE/NNEDenoiser/Content/NNEDIM_HighQuality_Alpha.uasset" 3913
"../../../Engine/Plugins/NNE/NNEDenoiser/Content/NNEDIM_HighQuality_Alpha.uexp" 3914
"../../../Engine/Plugins/NNE/NNEDenoiser/Content/NNEDIM_ColorAlbedoNormal_Default.uasset" 3915
"../../../Engine/Plugins/NNE/NNEDenoiser/Content/NNEDIM_ColorAlbedoNormal_Default.uexp" 3916
"../../../Engine/Plugins/NNE/NNEDenoiser/Content/NNEDIM_ColorAlbedoNormal_Alpha.uasset" 3917
"../../../Engine/Plugins/NNE/NNEDenoiser/Content/NNEDIM_ColorAlbedoNormal_Alpha.uexp" 3918
"../../../Engine/Plugins/Media/MediaPlate/Content/SM_MediaPlateScreen.ubulk" 3919
"../../../Engine/Plugins/Media/MediaPlate/Content/SM_MediaPlateScreen.uasset" 3920
"../../../Engine/Plugins/Media/MediaPlate/Content/SM_MediaPlateScreen.uexp" 3921
"../../../Engine/Plugins/Interchange/Assets/Content/gltf/Textures/T_White_srgb.uasset" 3922
"../../../Engine/Plugins/Interchange/Assets/Content/gltf/Textures/T_White_srgb.uexp" 3923
"../../../Engine/Plugins/Interchange/Assets/Content/gltf/MaterialFunctions/MF_BaseColor.uasset" 3924
"../../../Engine/Plugins/Interchange/Assets/Content/gltf/MaterialFunctions/MF_BaseColor.uexp" 3925
"../../../Engine/Plugins/Interchange/Assets/Content/gltf/MaterialFunctions/MF_RotateV2.uasset" 3926
"../../../Engine/Plugins/Interchange/Assets/Content/gltf/MaterialFunctions/MF_RotateV2.uexp" 3927
"../../../Engine/Plugins/Interchange/Assets/Content/gltf/MaterialFunctions/MF_TransformUVs.uasset" 3928
"../../../Engine/Plugins/Interchange/Assets/Content/gltf/MaterialFunctions/MF_TransformUVs.uexp" 3929
"../../../Engine/Plugins/Interchange/Assets/Content/gltf/MaterialBodies/MF_Unlit_Body.uasset" 3930
"../../../Engine/Plugins/Interchange/Assets/Content/gltf/MaterialBodies/MF_Unlit_Body.uexp" 3931
"../../../Engine/Plugins/Interchange/Assets/Content/gltf/M_Unlit.uasset" 3932
"../../../Engine/Plugins/Interchange/Assets/Content/gltf/M_Unlit.uexp" 3933
"../../../Engine/Plugins/Interchange/Assets/Content/gltf/MaterialInstances/MI_Unlit_Opaque_DS.uasset" 3934
"../../../Engine/Plugins/Interchange/Assets/Content/gltf/MaterialInstances/MI_Unlit_Opaque_DS.uexp" 3935
"../../../Engine/Plugins/Interchange/Assets/Content/gltf/MaterialInstances/MI_Unlit_Opaque.uasset" 3936
"../../../Engine/Plugins/Interchange/Assets/Content/gltf/MaterialInstances/MI_Unlit_Opaque.uexp" 3937
"../../../Engine/Plugins/Interchange/Assets/Content/gltf/MaterialInstances/MI_Unlit_Mask_DS.uasset" 3938
"../../../Engine/Plugins/Interchange/Assets/Content/gltf/MaterialInstances/MI_Unlit_Mask_DS.uexp" 3939
"../../../Engine/Plugins/Interchange/Assets/Content/gltf/MaterialInstances/MI_Unlit_Mask.uasset" 3940
"../../../Engine/Plugins/Interchange/Assets/Content/gltf/MaterialInstances/MI_Unlit_Mask.uexp" 3941
"../../../Engine/Plugins/Interchange/Assets/Content/gltf/MaterialInstances/MI_Unlit_Blend_DS.uasset" 3942
"../../../Engine/Plugins/Interchange/Assets/Content/gltf/MaterialInstances/MI_Unlit_Blend_DS.uexp" 3943
"../../../Engine/Plugins/Interchange/Assets/Content/gltf/MaterialInstances/MI_Unlit_Blend.uasset" 3944
"../../../Engine/Plugins/Interchange/Assets/Content/gltf/MaterialInstances/MI_Unlit_Blend.uexp" 3945
"../../../Engine/Content/Functions/Engine_MaterialFunctions02/Math/Transform3x3Matrix.uasset" 3946
"../../../Engine/Content/Functions/Engine_MaterialFunctions02/Math/Transform3x3Matrix.uexp" 3947
"../../../Engine/Content/Functions/Engine_MaterialFunctions02/Utility/CameraDirectionVector.uasset" 3948
"../../../Engine/Content/Functions/Engine_MaterialFunctions02/Utility/CameraDirectionVector.uexp" 3949
"../../../Engine/Plugins/Interchange/Assets/Content/Utilities/New_LUT.uasset" 3950
"../../../Engine/Plugins/Interchange/Assets/Content/Utilities/New_LUT.uexp" 3951
"../../../Engine/Plugins/Interchange/Assets/Content/gltf/MaterialFunctions/MF_Temporal_Blur.uasset" 3952
"../../../Engine/Plugins/Interchange/Assets/Content/gltf/MaterialFunctions/MF_Temporal_Blur.uexp" 3953
"../../../Engine/Plugins/Interchange/Assets/Content/gltf/MaterialFunctions/MF_Specular.uasset" 3954
"../../../Engine/Plugins/Interchange/Assets/Content/gltf/MaterialFunctions/MF_Specular.uexp" 3955
"../../../Engine/Plugins/Interchange/Assets/Content/gltf/Textures/T_Anisotropy_Direction_Linear.uasset" 3956
"../../../Engine/Plugins/Interchange/Assets/Content/gltf/Textures/T_Anisotropy_Direction_Linear.uexp" 3957
"../../../Engine/Plugins/Interchange/Assets/Content/gltf/MaterialFunctions/MF_SpecularAnisotropy.uasset" 3958
"../../../Engine/Plugins/Interchange/Assets/Content/gltf/MaterialFunctions/MF_SpecularAnisotropy.uexp" 3959
"../../../Engine/Plugins/Interchange/Assets/Content/gltf/Textures/T_White_Linear.uasset" 3960
"../../../Engine/Plugins/Interchange/Assets/Content/gltf/Textures/T_White_Linear.uexp" 3961
"../../../Engine/Plugins/Interchange/Assets/Content/gltf/MaterialFunctions/MF_MetallicRoughness.uasset" 3962
"../../../Engine/Plugins/Interchange/Assets/Content/gltf/MaterialFunctions/MF_MetallicRoughness.uexp" 3963
"../../../Engine/Plugins/Interchange/Assets/Content/gltf/Textures/T_Generic_N.uasset" 3964
"../../../Engine/Plugins/Interchange/Assets/Content/gltf/Textures/T_Generic_N.uexp" 3965
"../../../Engine/Plugins/Interchange/Assets/Content/gltf/MaterialFunctions/MF_ScaleNormal.uasset" 3966
"../../../Engine/Plugins/Interchange/Assets/Content/gltf/MaterialFunctions/MF_ScaleNormal.uexp" 3967
"../../../Engine/Plugins/Interchange/Assets/Content/gltf/MaterialFunctions/MF_Fresnel_DS.uasset" 3968
"../../../Engine/Plugins/Interchange/Assets/Content/gltf/MaterialFunctions/MF_Fresnel_DS.uexp" 3969
"../../../Engine/Plugins/Interchange/Assets/Content/Functions/MF_Iridescence.uasset" 3970
"../../../Engine/Plugins/Interchange/Assets/Content/Functions/MF_Iridescence.uexp" 3971
"../../../Engine/Plugins/Interchange/Assets/Content/gltf/MaterialFunctions/MF_Iridescence.uasset" 3972
"../../../Engine/Plugins/Interchange/Assets/Content/gltf/MaterialFunctions/MF_Iridescence.uexp" 3973
"../../../Engine/Plugins/Interchange/Assets/Content/gltf/MaterialFunctions/MF_Occlusion.uasset" 3974
"../../../Engine/Plugins/Interchange/Assets/Content/gltf/MaterialFunctions/MF_Occlusion.uexp" 3975
"../../../Engine/Plugins/Interchange/Assets/Content/gltf/MaterialFunctions/MF_IOR.uasset" 3976
"../../../Engine/Plugins/Interchange/Assets/Content/gltf/MaterialFunctions/MF_IOR.uexp" 3977
"../../../Engine/Plugins/Interchange/Assets/Content/gltf/MaterialFunctions/MF_Transmission.uasset" 3978
"../../../Engine/Plugins/Interchange/Assets/Content/gltf/MaterialFunctions/MF_Transmission.uexp" 3979
"../../../Engine/Plugins/Interchange/Assets/Content/gltf/MaterialFunctions/MF_RotateNormals_TS.uasset" 3980
"../../../Engine/Plugins/Interchange/Assets/Content/gltf/MaterialFunctions/MF_RotateNormals_TS.uexp" 3981
"../../../Engine/Plugins/Interchange/Assets/Content/gltf/MaterialFunctions/MF_Normals.uasset" 3982
"../../../Engine/Plugins/Interchange/Assets/Content/gltf/MaterialFunctions/MF_Normals.uexp" 3983
"../../../Engine/Plugins/Interchange/Assets/Content/gltf/MaterialBodies/MF_Transmission_Body.uasset" 3984
"../../../Engine/Plugins/Interchange/Assets/Content/gltf/MaterialBodies/MF_Transmission_Body.uexp" 3985
"../../../Engine/Plugins/Interchange/Assets/Content/gltf/M_Transmission.uasset" 3986
"../../../Engine/Plugins/Interchange/Assets/Content/gltf/M_Transmission.uexp" 3987
"../../../Engine/Plugins/Interchange/Assets/Content/gltf/MaterialInstances/MI_Transmission_DS.uasset" 3988
"../../../Engine/Plugins/Interchange/Assets/Content/gltf/MaterialInstances/MI_Transmission_DS.uexp" 3989
"../../../Engine/Plugins/Interchange/Assets/Content/gltf/MaterialInstances/MI_Transmission.uasset" 3990
"../../../Engine/Plugins/Interchange/Assets/Content/gltf/MaterialInstances/MI_Transmission.uexp" 3991
"../../../Engine/Content/Functions/Engine_MaterialFunctions02/Math/AddComponents.uasset" 3992
"../../../Engine/Content/Functions/Engine_MaterialFunctions02/Math/AddComponents.uexp" 3993
"../../../Engine/Plugins/Interchange/Assets/Content/gltf/MaterialFunctions/MF_DiffuseSpecGloss.uasset" 3994
"../../../Engine/Plugins/Interchange/Assets/Content/gltf/MaterialFunctions/MF_DiffuseSpecGloss.uexp" 3995
"../../../Engine/Plugins/Interchange/Assets/Content/gltf/MaterialFunctions/MF_Emissive.uasset" 3996
"../../../Engine/Plugins/Interchange/Assets/Content/gltf/MaterialFunctions/MF_Emissive.uexp" 3997
"../../../Engine/Plugins/Interchange/Assets/Content/gltf/MaterialFunctions/MF_PerceivedBrightness.uasset" 3998
"../../../Engine/Plugins/Interchange/Assets/Content/gltf/MaterialFunctions/MF_PerceivedBrightness.uexp" 3999
"../../../Engine/Plugins/Interchange/Assets/Content/gltf/MaterialFunctions/MF_SpecGlossToMetalRoughness.uasset" 4000
"../../../Engine/Plugins/Interchange/Assets/Content/gltf/MaterialFunctions/MF_SpecGlossToMetalRoughness.uexp" 4001
"../../../Engine/Plugins/Interchange/Assets/Content/gltf/MaterialFunctions/MF_MaxComponentValue.uasset" 4002
"../../../Engine/Plugins/Interchange/Assets/Content/gltf/MaterialFunctions/MF_MaxComponentValue.uexp" 4003
"../../../Engine/Plugins/Interchange/Assets/Content/gltf/MaterialBodies/MF_SpecularGlossiness_Body.uasset" 4004
"../../../Engine/Plugins/Interchange/Assets/Content/gltf/MaterialBodies/MF_SpecularGlossiness_Body.uexp" 4005
"../../../Engine/Plugins/Interchange/Assets/Content/gltf/M_SpecularGlossiness.uasset" 4006
"../../../Engine/Plugins/Interchange/Assets/Content/gltf/M_SpecularGlossiness.uexp" 4007
"../../../Engine/Plugins/Interchange/Assets/Content/gltf/MaterialInstances/MI_SpecularGlossiness_Opaque_DS.uasset" 4008
"../../../Engine/Plugins/Interchange/Assets/Content/gltf/MaterialInstances/MI_SpecularGlossiness_Opaque_DS.uexp" 4009
"../../../Engine/Plugins/Interchange/Assets/Content/gltf/MaterialInstances/MI_SpecularGlossiness_Opaque.uasset" 4010
"../../../Engine/Plugins/Interchange/Assets/Content/gltf/MaterialInstances/MI_SpecularGlossiness_Opaque.uexp" 4011
"../../../Engine/Plugins/Interchange/Assets/Content/gltf/MaterialInstances/MI_SpecularGlossiness_Mask_DS.uasset" 4012
"../../../Engine/Plugins/Interchange/Assets/Content/gltf/MaterialInstances/MI_SpecularGlossiness_Mask_DS.uexp" 4013
"../../../Engine/Plugins/Interchange/Assets/Content/gltf/MaterialInstances/MI_SpecularGlossiness_Mask.uasset" 4014
"../../../Engine/Plugins/Interchange/Assets/Content/gltf/MaterialInstances/MI_SpecularGlossiness_Mask.uexp" 4015
"../../../Engine/Plugins/Interchange/Assets/Content/gltf/MaterialInstances/MI_SpecularGlossiness_Blend_DS.uasset" 4016
"../../../Engine/Plugins/Interchange/Assets/Content/gltf/MaterialInstances/MI_SpecularGlossiness_Blend_DS.uexp" 4017
"../../../Engine/Plugins/Interchange/Assets/Content/gltf/MaterialInstances/MI_SpecularGlossiness_Blend.uasset" 4018
"../../../Engine/Plugins/Interchange/Assets/Content/gltf/MaterialInstances/MI_SpecularGlossiness_Blend.uexp" 4019
"../../../Engine/Plugins/Interchange/Assets/Content/gltf/MaterialFunctions/MF_Sheen.uasset" 4020
"../../../Engine/Plugins/Interchange/Assets/Content/gltf/MaterialFunctions/MF_Sheen.uexp" 4021
"../../../Engine/Plugins/Interchange/Assets/Content/gltf/MaterialBodies/MF_Sheen_Body.uasset" 4022
"../../../Engine/Plugins/Interchange/Assets/Content/gltf/MaterialBodies/MF_Sheen_Body.uexp" 4023
"../../../Engine/Plugins/Interchange/Assets/Content/gltf/M_Sheen.uasset" 4024
"../../../Engine/Plugins/Interchange/Assets/Content/gltf/M_Sheen.uexp" 4025
"../../../Engine/Plugins/Interchange/Assets/Content/gltf/MaterialInstances/MI_Sheen_Opaque_DS.uasset" 4026
"../../../Engine/Plugins/Interchange/Assets/Content/gltf/MaterialInstances/MI_Sheen_Opaque_DS.uexp" 4027
"../../../Engine/Plugins/Interchange/Assets/Content/gltf/MaterialInstances/MI_Sheen_Opaque.uasset" 4028
"../../../Engine/Plugins/Interchange/Assets/Content/gltf/MaterialInstances/MI_Sheen_Opaque.uexp" 4029
"../../../Engine/Plugins/Interchange/Assets/Content/gltf/MaterialInstances/MI_Sheen_Mask_DS.uasset" 4030
"../../../Engine/Plugins/Interchange/Assets/Content/gltf/MaterialInstances/MI_Sheen_Mask_DS.uexp" 4031
"../../../Engine/Plugins/Interchange/Assets/Content/gltf/MaterialInstances/MI_Sheen_Mask.uasset" 4032
"../../../Engine/Plugins/Interchange/Assets/Content/gltf/MaterialInstances/MI_Sheen_Mask.uexp" 4033
"../../../Engine/Plugins/Interchange/Assets/Content/gltf/MaterialInstances/MI_Sheen_Blend_DS.uasset" 4034
"../../../Engine/Plugins/Interchange/Assets/Content/gltf/MaterialInstances/MI_Sheen_Blend_DS.uexp" 4035
"../../../Engine/Plugins/Interchange/Assets/Content/gltf/MaterialInstances/MI_Sheen_Blend.uasset" 4036
"../../../Engine/Plugins/Interchange/Assets/Content/gltf/MaterialInstances/MI_Sheen_Blend.uexp" 4037
"../../../Engine/Plugins/Interchange/Assets/Content/gltf/MaterialBodies/MF_Default_Body.uasset" 4038
"../../../Engine/Plugins/Interchange/Assets/Content/gltf/MaterialBodies/MF_Default_Body.uexp" 4039
"../../../Engine/Plugins/Interchange/Assets/Content/gltf/M_Default.uasset" 4040
"../../../Engine/Plugins/Interchange/Assets/Content/gltf/M_Default.uexp" 4041
"../../../Engine/Plugins/Interchange/Assets/Content/gltf/MaterialInstances/MI_Default_Opaque_DS.uasset" 4042
"../../../Engine/Plugins/Interchange/Assets/Content/gltf/MaterialInstances/MI_Default_Opaque_DS.uexp" 4043
"../../../Engine/Plugins/Interchange/Assets/Content/gltf/MaterialInstances/MI_Default_Opaque.uasset" 4044
"../../../Engine/Plugins/Interchange/Assets/Content/gltf/MaterialInstances/MI_Default_Opaque.uexp" 4045
"../../../Engine/Plugins/Interchange/Assets/Content/gltf/MaterialInstances/MI_Default_Mask_DS.uasset" 4046
"../../../Engine/Plugins/Interchange/Assets/Content/gltf/MaterialInstances/MI_Default_Mask_DS.uexp" 4047
"../../../Engine/Plugins/Interchange/Assets/Content/gltf/MaterialInstances/MI_Default_Mask.uasset" 4048
"../../../Engine/Plugins/Interchange/Assets/Content/gltf/MaterialInstances/MI_Default_Mask.uexp" 4049
"../../../Engine/Plugins/Interchange/Assets/Content/gltf/MaterialInstances/MI_Default_Blend_DS.uasset" 4050
"../../../Engine/Plugins/Interchange/Assets/Content/gltf/MaterialInstances/MI_Default_Blend_DS.uexp" 4051
"../../../Engine/Plugins/Interchange/Assets/Content/gltf/MaterialInstances/MI_Default_Blend.uasset" 4052
"../../../Engine/Plugins/Interchange/Assets/Content/gltf/MaterialInstances/MI_Default_Blend.uexp" 4053
"../../../Engine/Plugins/Interchange/Assets/Content/gltf/MaterialFunctions/MF_Clearcoat.uasset" 4054
"../../../Engine/Plugins/Interchange/Assets/Content/gltf/MaterialFunctions/MF_Clearcoat.uexp" 4055
"../../../Engine/Plugins/Interchange/Assets/Content/gltf/MaterialBodies/MF_ClearCoat_Body.uasset" 4056
"../../../Engine/Plugins/Interchange/Assets/Content/gltf/MaterialBodies/MF_ClearCoat_Body.uexp" 4057
"../../../Engine/Plugins/Interchange/Assets/Content/gltf/M_ClearCoat.uasset" 4058
"../../../Engine/Plugins/Interchange/Assets/Content/gltf/M_ClearCoat.uexp" 4059
"../../../Engine/Plugins/Interchange/Assets/Content/gltf/MaterialInstances/MI_ClearCoat_Opaque_DS.uasset" 4060
"../../../Engine/Plugins/Interchange/Assets/Content/gltf/MaterialInstances/MI_ClearCoat_Opaque_DS.uexp" 4061
"../../../Engine/Plugins/Interchange/Assets/Content/gltf/MaterialInstances/MI_ClearCoat_Opaque.uasset" 4062
"../../../Engine/Plugins/Interchange/Assets/Content/gltf/MaterialInstances/MI_ClearCoat_Opaque.uexp" 4063
"../../../Engine/Plugins/Interchange/Assets/Content/gltf/MaterialInstances/MI_ClearCoat_Mask_DS.uasset" 4064
"../../../Engine/Plugins/Interchange/Assets/Content/gltf/MaterialInstances/MI_ClearCoat_Mask_DS.uexp" 4065
"../../../Engine/Plugins/Interchange/Assets/Content/gltf/MaterialInstances/MI_ClearCoat_Mask.uasset" 4066
"../../../Engine/Plugins/Interchange/Assets/Content/gltf/MaterialInstances/MI_ClearCoat_Mask.uexp" 4067
"../../../Engine/Plugins/Interchange/Assets/Content/gltf/MaterialInstances/MI_ClearCoat_Blend_DS.uasset" 4068
"../../../Engine/Plugins/Interchange/Assets/Content/gltf/MaterialInstances/MI_ClearCoat_Blend_DS.uexp" 4069
"../../../Engine/Plugins/Interchange/Assets/Content/gltf/MaterialInstances/MI_ClearCoat_Blend.uasset" 4070
"../../../Engine/Plugins/Interchange/Assets/Content/gltf/MaterialInstances/MI_ClearCoat_Blend.uexp" 4071
"../../../Engine/Plugins/Interchange/Assets/Content/Functions/MX_UsdPreviewSurface.uasset" 4072
"../../../Engine/Plugins/Interchange/Assets/Content/Functions/MX_UsdPreviewSurface.uexp" 4073
"../../../Engine/Plugins/Interchange/Assets/Content/Functions/MX_UniformEDF.uasset" 4074
"../../../Engine/Plugins/Interchange/Assets/Content/Functions/MX_UniformEDF.uexp" 4075
"../../../Engine/Plugins/Interchange/Assets/Content/Functions/MX_TranslucentBSDF.uasset" 4076
"../../../Engine/Plugins/Interchange/Assets/Content/Functions/MX_TranslucentBSDF.uexp" 4077
"../../../Engine/Plugins/Interchange/Assets/Content/Functions/MX_ThinFilmBSDF.uasset" 4078
"../../../Engine/Plugins/Interchange/Assets/Content/Functions/MX_ThinFilmBSDF.uexp" 4079
"../../../Engine/Plugins/Interchange/Assets/Content/Functions/MX_SurfaceUnlit.uasset" 4080
"../../../Engine/Plugins/Interchange/Assets/Content/Functions/MX_SurfaceUnlit.uexp" 4081
"../../../Engine/Plugins/Interchange/Assets/Content/Functions/MX_Surface.uasset" 4082
"../../../Engine/Plugins/Interchange/Assets/Content/Functions/MX_Surface.uexp" 4083
"../../../Engine/Plugins/Interchange/Assets/Content/Functions/MX_SubsurfaceBSDF.uasset" 4084
"../../../Engine/Plugins/Interchange/Assets/Content/Functions/MX_SubsurfaceBSDF.uexp" 4085
"../../../Engine/Plugins/Interchange/Assets/Content/Functions/MX_SheenBSDF.uasset" 4086
"../../../Engine/Plugins/Interchange/Assets/Content/Functions/MX_SheenBSDF.uexp" 4087
"../../../Engine/Plugins/Interchange/Assets/Content/Functions/MX_OrenNayarBSDF.uasset" 4088
"../../../Engine/Plugins/Interchange/Assets/Content/Functions/MX_OrenNayarBSDF.uexp" 4089
"../../../Engine/Plugins/Interchange/Assets/Content/Functions/MX_StandardSurface.uasset" 4090
"../../../Engine/Plugins/Interchange/Assets/Content/Functions/MX_StandardSurface.uexp" 4091
"../../../Engine/Plugins/Interchange/Assets/Content/Functions/MX_TransmissionSurface.uasset" 4092
"../../../Engine/Plugins/Interchange/Assets/Content/Functions/MX_TransmissionSurface.uexp" 4093
"../../../Engine/Plugins/Interchange/Assets/Content/Functions/MX_OpenPBR_Translucent.uasset" 4094
"../../../Engine/Plugins/Interchange/Assets/Content/Functions/MX_OpenPBR_Translucent.uexp" 4095
"../../../Engine/Plugins/Interchange/Assets/Content/Functions/MX_OpenPBR_Opaque.uasset" 4096
"../../../Engine/Plugins/Interchange/Assets/Content/Functions/MX_OpenPBR_Opaque.uexp" 4097
"../../../Engine/Plugins/Interchange/Assets/Content/Functions/MX_MeasuredEDF.uasset" 4098
"../../../Engine/Plugins/Interchange/Assets/Content/Functions/MX_MeasuredEDF.uexp" 4099
"../../../Engine/Plugins/Interchange/Assets/Content/Functions/MX_GeneralizedSchlickBSDF.uasset" 4100
"../../../Engine/Plugins/Interchange/Assets/Content/Functions/MX_GeneralizedSchlickBSDF.uexp" 4101
"../../../Engine/Plugins/Interchange/Assets/Content/Functions/MX_DielectricBSDF.uasset" 4102
"../../../Engine/Plugins/Interchange/Assets/Content/Functions/MX_DielectricBSDF.uexp" 4103
"../../../Engine/Plugins/Interchange/Assets/Content/Functions/MX_ConicalEDF.uasset" 4104
"../../../Engine/Plugins/Interchange/Assets/Content/Functions/MX_ConicalEDF.uexp" 4105
"../../../Engine/Plugins/Interchange/Assets/Content/Functions/MX_ConductorBSDF.uasset" 4106
"../../../Engine/Plugins/Interchange/Assets/Content/Functions/MX_ConductorBSDF.uexp" 4107
"../../../Engine/Plugins/Interchange/Assets/Content/Functions/MX_BurleyDiffuseBSDF.uasset" 4108
"../../../Engine/Plugins/Interchange/Assets/Content/Functions/MX_BurleyDiffuseBSDF.uexp" 4109
"../../../Engine/Plugins/Interchange/Assets/Content/Functions/MX_AnisotropicVDF.uasset" 4110
"../../../Engine/Plugins/Interchange/Assets/Content/Functions/MX_AnisotropicVDF.uexp" 4111
"../../../Engine/Plugins/Interchange/Assets/Content/Functions/MX_AbsorptionVDF.uasset" 4112
"../../../Engine/Plugins/Interchange/Assets/Content/Functions/MX_AbsorptionVDF.uexp" 4113
"../../../Engine/Plugins/Experimental/Water/Content/Meshes/RiverMesh.ubulk" 4114
"../../../Engine/Plugins/Experimental/Water/Content/Meshes/RiverMesh.uasset" 4115
"../../../Engine/Plugins/Experimental/Water/Content/Meshes/RiverMesh.uexp" 4116
"../../../Engine/Plugins/Experimental/Water/Content/Meshes/LakeMesh.ubulk" 4117
"../../../Engine/Plugins/Experimental/Water/Content/Meshes/LakeMesh.uasset" 4118
"../../../Engine/Plugins/Experimental/Water/Content/Meshes/LakeMesh.uexp" 4119
"../../../Engine/Plugins/Experimental/Water/Content/Materials/WaterInfo/DrawWaterInfo.uasset" 4120
"../../../Engine/Plugins/Experimental/Water/Content/Materials/WaterInfo/DrawWaterInfo.uexp" 4121
"../../../Engine/Plugins/Experimental/Water/Content/Curves/FloatCurve_WaterBodyIsland.uasset" 4122
"../../../Engine/Plugins/Experimental/Water/Content/Curves/FloatCurve_WaterBodyIsland.uexp" 4123
"../../../Engine/Plugins/Experimental/Water/Content/Curves/FloatCurve.uasset" 4124
"../../../Engine/Plugins/Experimental/Water/Content/Curves/FloatCurve.uexp" 4125
"../../../Engine/Plugins/Experimental/Landmass/Content/Landscape/Meshes/S_SpritePlane.ubulk" 4126
"../../../Engine/Plugins/Experimental/Landmass/Content/Landscape/Meshes/S_SpritePlane.uasset" 4127
"../../../Engine/Plugins/Experimental/Landmass/Content/Landscape/Meshes/S_SpritePlane.uexp" 4128
"../../../Engine/Plugins/Editor/SpeedTreeImporter/Content/SpeedTree9/game_wind_noise.ubulk" 4129
"../../../Engine/Plugins/Editor/SpeedTreeImporter/Content/SpeedTree9/game_wind_noise.uasset" 4130
"../../../Engine/Plugins/Editor/SpeedTreeImporter/Content/SpeedTree9/game_wind_noise.uexp" 4131
"../../../Engine/Plugins/Editor/SpeedTreeImporter/Content/SpeedTree9/UnpackDirection.uasset" 4132
"../../../Engine/Plugins/Editor/SpeedTreeImporter/Content/SpeedTree9/UnpackDirection.uexp" 4133
"../../../Engine/Content/Functions/Engine_MaterialFunctions02/ObjectLocalBounds.uasset" 4134
"../../../Engine/Content/Functions/Engine_MaterialFunctions02/ObjectLocalBounds.uexp" 4135
"../../../Engine/Content/Functions/Engine_MaterialFunctions02/UVs/BoundingBoxBased_0-1_UVW.uasset" 4136
"../../../Engine/Content/Functions/Engine_MaterialFunctions02/UVs/BoundingBoxBased_0-1_UVW.uexp" 4137
"../../../Engine/Plugins/Editor/SpeedTreeImporter/Content/SpeedTree9/UnpackInteger3.uasset" 4138
"../../../Engine/Plugins/Editor/SpeedTreeImporter/Content/SpeedTree9/UnpackInteger3.uexp" 4139
"../../../Engine/Plugins/Editor/SpeedTreeImporter/Content/SpeedTree9/SpeedTreeCameraFacing.uasset" 4140
"../../../Engine/Plugins/Editor/SpeedTreeImporter/Content/SpeedTree9/SpeedTreeCameraFacing.uexp" 4141
"../../../Engine/Content/Functions/Engine_MaterialFunctions02/WorldPositionOffset/ObjectScale.uasset" 4142
"../../../Engine/Content/Functions/Engine_MaterialFunctions02/WorldPositionOffset/ObjectScale.uexp" 4143
"../../../Engine/Plugins/Editor/SpeedTreeImporter/Content/SpeedTree9/SpeedTreeWindMotion.uasset" 4144
"../../../Engine/Plugins/Editor/SpeedTreeImporter/Content/SpeedTree9/SpeedTreeWindMotion.uexp" 4145
"../../../Engine/Plugins/Editor/SpeedTreeImporter/Content/SpeedTree9/SpeedTreeBranchMotion.uasset" 4146
"../../../Engine/Plugins/Editor/SpeedTreeImporter/Content/SpeedTree9/SpeedTreeBranchMotion.uexp" 4147
"../../../Engine/Plugins/Editor/SpeedTreeImporter/Content/SpeedTree9/SpeedTreeWind.uasset" 4148
"../../../Engine/Plugins/Editor/SpeedTreeImporter/Content/SpeedTree9/SpeedTreeWind.uexp" 4149
"../../../Engine/Plugins/Editor/SpeedTreeImporter/Content/SpeedTree9/EmptyNormal.uasset" 4150
"../../../Engine/Plugins/Editor/SpeedTreeImporter/Content/SpeedTree9/EmptyNormal.uexp" 4151
"../../../Engine/Plugins/Editor/SpeedTreeImporter/Content/SpeedTree9/Empty.uasset" 4152
"../../../Engine/Plugins/Editor/SpeedTreeImporter/Content/SpeedTree9/Empty.uexp" 4153
"../../../Engine/Plugins/Editor/SpeedTreeImporter/Content/SpeedTree9/SpeedTreeMaster.uasset" 4154
"../../../Engine/Plugins/Editor/SpeedTreeImporter/Content/SpeedTree9/SpeedTreeMaster.uexp" 4155
"../../../Engine/Plugins/Editor/SpeedTreeImporter/Content/SpeedTree9/SpeedTreeBillboard.uasset" 4156
"../../../Engine/Plugins/Editor/SpeedTreeImporter/Content/SpeedTree9/SpeedTreeBillboard.uexp" 4157
"../../../Engine/Plugins/Editor/SpeedTreeImporter/Content/SpeedTree9/SpeedTreeBillboardMaster.uasset" 4158
"../../../Engine/Plugins/Editor/SpeedTreeImporter/Content/SpeedTree9/SpeedTreeBillboardMaster.uexp" 4159
"../../../Engine/Plugins/Animation/ControlRig/Content/M_Manip.uasset" 4160
"../../../Engine/Plugins/Animation/ControlRig/Content/M_Manip.uexp" 4161
"../../../Engine/Plugins/Animation/ControlRig/Content/Controls/ControlRig_Wedge_solid.ubulk" 4162
"../../../Engine/Plugins/Animation/ControlRig/Content/Controls/ControlRig_Wedge_solid.uasset" 4163
"../../../Engine/Plugins/Animation/ControlRig/Content/Controls/ControlRig_Wedge_solid.uexp" 4164
"../../../Engine/Plugins/Animation/ControlRig/Content/Controls/ControlRig_Wedge_3mm.ubulk" 4165
"../../../Engine/Plugins/Animation/ControlRig/Content/Controls/ControlRig_Wedge_3mm.uasset" 4166
"../../../Engine/Plugins/Animation/ControlRig/Content/Controls/ControlRig_Wedge_3mm.uexp" 4167
"../../../Engine/Plugins/Animation/ControlRig/Content/Controls/ControlRig_Wedge_1mm.ubulk" 4168
"../../../Engine/Plugins/Animation/ControlRig/Content/Controls/ControlRig_Wedge_1mm.uasset" 4169
"../../../Engine/Plugins/Animation/ControlRig/Content/Controls/ControlRig_Wedge_1mm.uexp" 4170
"../../../Engine/Plugins/Animation/ControlRig/Content/Controls/ControlRig_Triangle_solid.ubulk" 4171
"../../../Engine/Plugins/Animation/ControlRig/Content/Controls/ControlRig_Triangle_solid.uasset" 4172
"../../../Engine/Plugins/Animation/ControlRig/Content/Controls/ControlRig_Triangle_solid.uexp" 4173
"../../../Engine/Plugins/Animation/ControlRig/Content/Controls/ControlRig_Triangle_3mm.ubulk" 4174
"../../../Engine/Plugins/Animation/ControlRig/Content/Controls/ControlRig_Triangle_3mm.uasset" 4175
"../../../Engine/Plugins/Animation/ControlRig/Content/Controls/ControlRig_Triangle_3mm.uexp" 4176
"../../../Engine/Plugins/Animation/ControlRig/Content/Controls/ControlRig_Triangle_1mm.ubulk" 4177
"../../../Engine/Plugins/Animation/ControlRig/Content/Controls/ControlRig_Triangle_1mm.uasset" 4178
"../../../Engine/Plugins/Animation/ControlRig/Content/Controls/ControlRig_Triangle_1mm.uexp" 4179
"../../../Engine/Plugins/Animation/ControlRig/Content/Controls/ControlRig_Star4_solid.ubulk" 4180
"../../../Engine/Plugins/Animation/ControlRig/Content/Controls/ControlRig_Star4_solid.uasset" 4181
"../../../Engine/Plugins/Animation/ControlRig/Content/Controls/ControlRig_Star4_solid.uexp" 4182
"../../../Engine/Plugins/Animation/ControlRig/Content/Controls/ControlRig_Star4_3mm.ubulk" 4183
"../../../Engine/Plugins/Animation/ControlRig/Content/Controls/ControlRig_Star4_3mm.uasset" 4184
"../../../Engine/Plugins/Animation/ControlRig/Content/Controls/ControlRig_Star4_3mm.uexp" 4185
"../../../Engine/Plugins/Animation/ControlRig/Content/Controls/ControlRig_Star4_1mm.ubulk" 4186
"../../../Engine/Plugins/Animation/ControlRig/Content/Controls/ControlRig_Star4_1mm.uasset" 4187
"../../../Engine/Plugins/Animation/ControlRig/Content/Controls/ControlRig_Star4_1mm.uexp" 4188
"../../../Engine/Plugins/Animation/ControlRig/Content/Controls/ControlRig_Square_solid.ubulk" 4189
"../../../Engine/Plugins/Animation/ControlRig/Content/Controls/ControlRig_Square_solid.uasset" 4190
"../../../Engine/Plugins/Animation/ControlRig/Content/Controls/ControlRig_Square_solid.uexp" 4191
"../../../Engine/Plugins/Animation/ControlRig/Content/Controls/ControlRig_Square_Joystick.ubulk" 4192
"../../../Engine/Plugins/Animation/ControlRig/Content/Controls/ControlRig_Square_Joystick.uasset" 4193
"../../../Engine/Plugins/Animation/ControlRig/Content/Controls/ControlRig_Square_Joystick.uexp" 4194
"../../../Engine/Plugins/Animation/ControlRig/Content/Controls/ControlRig_Square_3mm.ubulk" 4195
"../../../Engine/Plugins/Animation/ControlRig/Content/Controls/ControlRig_Square_3mm.uasset" 4196
"../../../Engine/Plugins/Animation/ControlRig/Content/Controls/ControlRig_Square_3mm.uexp" 4197
"../../../Engine/Plugins/Animation/ControlRig/Content/Controls/ControlRig_Square_1mm.ubulk" 4198
"../../../Engine/Plugins/Animation/ControlRig/Content/Controls/ControlRig_Square_1mm.uasset" 4199
"../../../Engine/Plugins/Animation/ControlRig/Content/Controls/ControlRig_Square_1mm.uexp" 4200
"../../../Engine/Plugins/Animation/ControlRig/Content/Controls/ControlRig_Sphere_solid.ubulk" 4201
"../../../Engine/Plugins/Animation/ControlRig/Content/Controls/ControlRig_Sphere_solid.uasset" 4202
"../../../Engine/Plugins/Animation/ControlRig/Content/Controls/ControlRig_Sphere_solid.uexp" 4203
"../../../Engine/Plugins/Animation/ControlRig/Content/Controls/ControlRig_Sphere_3mm.ubulk" 4204
"../../../Engine/Plugins/Animation/ControlRig/Content/Controls/ControlRig_Sphere_3mm.uasset" 4205
"../../../Engine/Plugins/Animation/ControlRig/Content/Controls/ControlRig_Sphere_3mm.uexp" 4206
"../../../Engine/Plugins/Animation/ControlRig/Content/Controls/ControlRig_Sphere_1mm.ubulk" 4207
"../../../Engine/Plugins/Animation/ControlRig/Content/Controls/ControlRig_Sphere_1mm.uasset" 4208
"../../../Engine/Plugins/Animation/ControlRig/Content/Controls/ControlRig_Sphere_1mm.uexp" 4209
"../../../Engine/Plugins/Animation/ControlRig/Content/Controls/ControlRig_RoundedTriangle_solid.ubulk" 4210
"../../../Engine/Plugins/Animation/ControlRig/Content/Controls/ControlRig_RoundedTriangle_solid.uasset" 4211
"../../../Engine/Plugins/Animation/ControlRig/Content/Controls/ControlRig_RoundedTriangle_solid.uexp" 4212
"../../../Engine/Plugins/Animation/ControlRig/Content/Controls/ControlRig_RoundedTriangle_3mm.ubulk" 4213
"../../../Engine/Plugins/Animation/ControlRig/Content/Controls/ControlRig_RoundedTriangle_3mm.uasset" 4214
"../../../Engine/Plugins/Animation/ControlRig/Content/Controls/ControlRig_RoundedTriangle_3mm.uexp" 4215
"../../../Engine/Plugins/Animation/ControlRig/Content/Controls/ControlRig_RoundedTriangle_1mm.ubulk" 4216
"../../../Engine/Plugins/Animation/ControlRig/Content/Controls/ControlRig_RoundedTriangle_1mm.uasset" 4217
"../../../Engine/Plugins/Animation/ControlRig/Content/Controls/ControlRig_RoundedTriangle_1mm.uexp" 4218
"../../../Engine/Plugins/Animation/ControlRig/Content/Controls/ControlRig_RoundedSquare_solid.ubulk" 4219
"../../../Engine/Plugins/Animation/ControlRig/Content/Controls/ControlRig_RoundedSquare_solid.uasset" 4220
"../../../Engine/Plugins/Animation/ControlRig/Content/Controls/ControlRig_RoundedSquare_solid.uexp" 4221
"../../../Engine/Plugins/Animation/ControlRig/Content/Controls/ControlRig_RoundedSquare_3mm.ubulk" 4222
"../../../Engine/Plugins/Animation/ControlRig/Content/Controls/ControlRig_RoundedSquare_3mm.uasset" 4223
"../../../Engine/Plugins/Animation/ControlRig/Content/Controls/ControlRig_RoundedSquare_3mm.uexp" 4224
"../../../Engine/Plugins/Animation/ControlRig/Content/Controls/ControlRig_RoundedSquare_1mm.ubulk" 4225
"../../../Engine/Plugins/Animation/ControlRig/Content/Controls/ControlRig_RoundedSquare_1mm.uasset" 4226
"../../../Engine/Plugins/Animation/ControlRig/Content/Controls/ControlRig_RoundedSquare_1mm.uexp" 4227
"../../../Engine/Plugins/Animation/ControlRig/Content/Controls/ControlRig_QuarterCircle_solid.ubulk" 4228
"../../../Engine/Plugins/Animation/ControlRig/Content/Controls/ControlRig_QuarterCircle_solid.uasset" 4229
"../../../Engine/Plugins/Animation/ControlRig/Content/Controls/ControlRig_QuarterCircle_solid.uexp" 4230
"../../../Engine/Plugins/Animation/ControlRig/Content/Controls/ControlRig_QuarterCircle_3mm.ubulk" 4231
"../../../Engine/Plugins/Animation/ControlRig/Content/Controls/ControlRig_QuarterCircle_3mm.uasset" 4232
"../../../Engine/Plugins/Animation/ControlRig/Content/Controls/ControlRig_QuarterCircle_3mm.uexp" 4233
"../../../Engine/Plugins/Animation/ControlRig/Content/Controls/ControlRig_QuarterCircle_1mm.ubulk" 4234
"../../../Engine/Plugins/Animation/ControlRig/Content/Controls/ControlRig_QuarterCircle_1mm.uasset" 4235
"../../../Engine/Plugins/Animation/ControlRig/Content/Controls/ControlRig_QuarterCircle_1mm.uexp" 4236
"../../../Engine/Plugins/Animation/ControlRig/Content/Controls/ControlRig_Pyramid_solid.ubulk" 4237
"../../../Engine/Plugins/Animation/ControlRig/Content/Controls/ControlRig_Pyramid_solid.uasset" 4238
"../../../Engine/Plugins/Animation/ControlRig/Content/Controls/ControlRig_Pyramid_solid.uexp" 4239
"../../../Engine/Plugins/Animation/ControlRig/Content/Controls/ControlRig_Pyramid_3mm.ubulk" 4240
"../../../Engine/Plugins/Animation/ControlRig/Content/Controls/ControlRig_Pyramid_3mm.uasset" 4241
"../../../Engine/Plugins/Animation/ControlRig/Content/Controls/ControlRig_Pyramid_3mm.uexp" 4242
"../../../Engine/Plugins/Animation/ControlRig/Content/Controls/ControlRig_Pyramid_1mm.ubulk" 4243
"../../../Engine/Plugins/Animation/ControlRig/Content/Controls/ControlRig_Pyramid_1mm.uasset" 4244
"../../../Engine/Plugins/Animation/ControlRig/Content/Controls/ControlRig_Pyramid_1mm.uexp" 4245
"../../../Engine/Plugins/Animation/ControlRig/Content/Controls/ControlRig_Octagon_solid.ubulk" 4246
"../../../Engine/Plugins/Animation/ControlRig/Content/Controls/ControlRig_Octagon_solid.uasset" 4247
"../../../Engine/Plugins/Animation/ControlRig/Content/Controls/ControlRig_Octagon_solid.uexp" 4248
"../../../Engine/Plugins/Animation/ControlRig/Content/Controls/ControlRig_Octagon_3mm.ubulk" 4249
"../../../Engine/Plugins/Animation/ControlRig/Content/Controls/ControlRig_Octagon_3mm.uasset" 4250
"../../../Engine/Plugins/Animation/ControlRig/Content/Controls/ControlRig_Octagon_3mm.uexp" 4251
"../../../Engine/Plugins/Animation/ControlRig/Content/Controls/ControlRig_Octagon_1mm.ubulk" 4252
"../../../Engine/Plugins/Animation/ControlRig/Content/Controls/ControlRig_Octagon_1mm.uasset" 4253
"../../../Engine/Plugins/Animation/ControlRig/Content/Controls/ControlRig_Octagon_1mm.uexp" 4254
"../../../Engine/Plugins/Animation/ControlRig/Content/Controls/ControlRig_Line.ubulk" 4255
"../../../Engine/Plugins/Animation/ControlRig/Content/Controls/ControlRig_Line.uasset" 4256
"../../../Engine/Plugins/Animation/ControlRig/Content/Controls/ControlRig_Line.uexp" 4257
"../../../Engine/Plugins/Animation/ControlRig/Content/Controls/ControlRig_Hexagon_solid.ubulk" 4258
"../../../Engine/Plugins/Animation/ControlRig/Content/Controls/ControlRig_Hexagon_solid.uasset" 4259
"../../../Engine/Plugins/Animation/ControlRig/Content/Controls/ControlRig_Hexagon_solid.uexp" 4260
"../../../Engine/Plugins/Animation/ControlRig/Content/Controls/ControlRig_Hexagon_3mm.ubulk" 4261
"../../../Engine/Plugins/Animation/ControlRig/Content/Controls/ControlRig_Hexagon_3mm.uasset" 4262
"../../../Engine/Plugins/Animation/ControlRig/Content/Controls/ControlRig_Hexagon_3mm.uexp" 4263
"../../../Engine/Plugins/Animation/ControlRig/Content/Controls/ControlRig_Hexagon_1mm.ubulk" 4264
"../../../Engine/Plugins/Animation/ControlRig/Content/Controls/ControlRig_Hexagon_1mm.uasset" 4265
"../../../Engine/Plugins/Animation/ControlRig/Content/Controls/ControlRig_Hexagon_1mm.uexp" 4266
"../../../Engine/Plugins/Animation/ControlRig/Content/Controls/ControlRig_HalfCircle_solid.ubulk" 4267
"../../../Engine/Plugins/Animation/ControlRig/Content/Controls/ControlRig_HalfCircle_solid.uasset" 4268
"../../../Engine/Plugins/Animation/ControlRig/Content/Controls/ControlRig_HalfCircle_solid.uexp" 4269
"../../../Engine/Plugins/Animation/ControlRig/Content/Controls/ControlRig_HalfCircle_3mm.ubulk" 4270
"../../../Engine/Plugins/Animation/ControlRig/Content/Controls/ControlRig_HalfCircle_3mm.uasset" 4271
"../../../Engine/Plugins/Animation/ControlRig/Content/Controls/ControlRig_HalfCircle_3mm.uexp" 4272
"../../../Engine/Plugins/Animation/ControlRig/Content/Controls/ControlRig_HalfCircle_1mm.ubulk" 4273
"../../../Engine/Plugins/Animation/ControlRig/Content/Controls/ControlRig_HalfCircle_1mm.uasset" 4274
"../../../Engine/Plugins/Animation/ControlRig/Content/Controls/ControlRig_HalfCircle_1mm.uexp" 4275
"../../../Engine/Plugins/Animation/ControlRig/Content/Controls/ControlRig_Diamond_solid.ubulk" 4276
"../../../Engine/Plugins/Animation/ControlRig/Content/Controls/ControlRig_Diamond_solid.uasset" 4277
"../../../Engine/Plugins/Animation/ControlRig/Content/Controls/ControlRig_Diamond_solid.uexp" 4278
"../../../Engine/Plugins/Animation/ControlRig/Content/Controls/ControlRig_Diamond_3mm.ubulk" 4279
"../../../Engine/Plugins/Animation/ControlRig/Content/Controls/ControlRig_Diamond_3mm.uasset" 4280
"../../../Engine/Plugins/Animation/ControlRig/Content/Controls/ControlRig_Diamond_3mm.uexp" 4281
"../../../Engine/Plugins/Animation/ControlRig/Content/Controls/ControlRig_Diamond_1mm.ubulk" 4282
"../../../Engine/Plugins/Animation/ControlRig/Content/Controls/ControlRig_Diamond_1mm.uasset" 4283
"../../../Engine/Plugins/Animation/ControlRig/Content/Controls/ControlRig_Diamond_1mm.uexp" 4284
"../../../Engine/Plugins/Animation/ControlRig/Content/Controls/ControlRig_Circle_solid.ubulk" 4285
"../../../Engine/Plugins/Animation/ControlRig/Content/Controls/ControlRig_Circle_solid.uasset" 4286
"../../../Engine/Plugins/Animation/ControlRig/Content/Controls/ControlRig_Circle_solid.uexp" 4287
"../../../Engine/Plugins/Animation/ControlRig/Content/Controls/ControlRig_Circle_3mm.ubulk" 4288
"../../../Engine/Plugins/Animation/ControlRig/Content/Controls/ControlRig_Circle_3mm.uasset" 4289
"../../../Engine/Plugins/Animation/ControlRig/Content/Controls/ControlRig_Circle_3mm.uexp" 4290
"../../../Engine/Plugins/Animation/ControlRig/Content/Controls/ControlRig_Circle_1mm.ubulk" 4291
"../../../Engine/Plugins/Animation/ControlRig/Content/Controls/ControlRig_Circle_1mm.uasset" 4292
"../../../Engine/Plugins/Animation/ControlRig/Content/Controls/ControlRig_Circle_1mm.uexp" 4293
"../../../Engine/Plugins/Animation/ControlRig/Content/Controls/ControlRig_Box_solid.ubulk" 4294
"../../../Engine/Plugins/Animation/ControlRig/Content/Controls/ControlRig_Box_solid.uasset" 4295
"../../../Engine/Plugins/Animation/ControlRig/Content/Controls/ControlRig_Box_solid.uexp" 4296
"../../../Engine/Plugins/Animation/ControlRig/Content/Controls/ControlRig_Box_3mm.ubulk" 4297
"../../../Engine/Plugins/Animation/ControlRig/Content/Controls/ControlRig_Box_3mm.uasset" 4298
"../../../Engine/Plugins/Animation/ControlRig/Content/Controls/ControlRig_Box_3mm.uexp" 4299
"../../../Engine/Plugins/Animation/ControlRig/Content/Controls/ControlRig_Box_1mm.ubulk" 4300
"../../../Engine/Plugins/Animation/ControlRig/Content/Controls/ControlRig_Box_1mm.uasset" 4301
"../../../Engine/Plugins/Animation/ControlRig/Content/Controls/ControlRig_Box_1mm.uexp" 4302
"../../../Engine/Plugins/Animation/ControlRig/Content/Controls/ControlRig_Arrow_solid.ubulk" 4303
"../../../Engine/Plugins/Animation/ControlRig/Content/Controls/ControlRig_Arrow_solid.uasset" 4304
"../../../Engine/Plugins/Animation/ControlRig/Content/Controls/ControlRig_Arrow_solid.uexp" 4305
"../../../Engine/Plugins/Animation/ControlRig/Content/Controls/ControlRig_Arrow_3mm.ubulk" 4306
"../../../Engine/Plugins/Animation/ControlRig/Content/Controls/ControlRig_Arrow_3mm.uasset" 4307
"../../../Engine/Plugins/Animation/ControlRig/Content/Controls/ControlRig_Arrow_3mm.uexp" 4308
"../../../Engine/Plugins/Animation/ControlRig/Content/Controls/ControlRig_Arrow_1mm.ubulk" 4309
"../../../Engine/Plugins/Animation/ControlRig/Content/Controls/ControlRig_Arrow_1mm.uasset" 4310
"../../../Engine/Plugins/Animation/ControlRig/Content/Controls/ControlRig_Arrow_1mm.uexp" 4311
"../../../Engine/Plugins/Animation/ControlRig/Content/Controls/ControlRig_Arrow4_solid.ubulk" 4312
"../../../Engine/Plugins/Animation/ControlRig/Content/Controls/ControlRig_Arrow4_solid.uasset" 4313
"../../../Engine/Plugins/Animation/ControlRig/Content/Controls/ControlRig_Arrow4_solid.uexp" 4314
"../../../Engine/Plugins/Animation/ControlRig/Content/Controls/ControlRig_Arrow4_3mm.ubulk" 4315
"../../../Engine/Plugins/Animation/ControlRig/Content/Controls/ControlRig_Arrow4_3mm.uasset" 4316
"../../../Engine/Plugins/Animation/ControlRig/Content/Controls/ControlRig_Arrow4_3mm.uexp" 4317
"../../../Engine/Plugins/Animation/ControlRig/Content/Controls/ControlRig_Arrow4_1mm.ubulk" 4318
"../../../Engine/Plugins/Animation/ControlRig/Content/Controls/ControlRig_Arrow4_1mm.uasset" 4319
"../../../Engine/Plugins/Animation/ControlRig/Content/Controls/ControlRig_Arrow4_1mm.uexp" 4320
"../../../Engine/Plugins/Animation/ControlRig/Content/Controls/ControlRig_Arrow2_solid.ubulk" 4321
"../../../Engine/Plugins/Animation/ControlRig/Content/Controls/ControlRig_Arrow2_solid.uasset" 4322
"../../../Engine/Plugins/Animation/ControlRig/Content/Controls/ControlRig_Arrow2_solid.uexp" 4323
"../../../Engine/Plugins/Animation/ControlRig/Content/Controls/ControlRig_Arrow2_3mm.ubulk" 4324
"../../../Engine/Plugins/Animation/ControlRig/Content/Controls/ControlRig_Arrow2_3mm.uasset" 4325
"../../../Engine/Plugins/Animation/ControlRig/Content/Controls/ControlRig_Arrow2_3mm.uexp" 4326
"../../../Engine/Plugins/Animation/ControlRig/Content/Controls/ControlRig_Arrow2_1mm.ubulk" 4327
"../../../Engine/Plugins/Animation/ControlRig/Content/Controls/ControlRig_Arrow2_1mm.uasset" 4328
"../../../Engine/Plugins/Animation/ControlRig/Content/Controls/ControlRig_Arrow2_1mm.uexp" 4329
"../../../Engine/Plugins/Animation/ControlRig/Content/Controls/ControlRigXRayMaterial.uasset" 4330
"../../../Engine/Plugins/Animation/ControlRig/Content/Controls/ControlRigXRayMaterial.uexp" 4331
"../../../Engine/Plugins/Animation/ControlRig/Content/Controls/ControlRigGizmoMaterial.uasset" 4332
"../../../Engine/Plugins/Animation/ControlRig/Content/Controls/ControlRigGizmoMaterial.uexp" 4333
"../../../Engine/Plugins/2D/Paper2D/Content/DefaultSpriteMaterial.uasset" 4334
"../../../Engine/Plugins/2D/Paper2D/Content/DefaultSpriteMaterial.uexp" 4335
"../../../Engine/Plugins/2D/Paper2D/Content/OpaqueUnlitSpriteMaterial.uasset" 4336
"../../../Engine/Plugins/2D/Paper2D/Content/OpaqueUnlitSpriteMaterial.uexp" 4337
"../../../Engine/Plugins/2D/Paper2D/Content/MaskedUnlitSpriteMaterial.uasset" 4338
"../../../Engine/Plugins/2D/Paper2D/Content/MaskedUnlitSpriteMaterial.uexp" 4339
"../../../Engine/Content/VREditor/TransformGizmo/StartRotationHandleIndicator.ubulk" 4340
"../../../Engine/Content/VREditor/TransformGizmo/StartRotationHandleIndicator.uasset" 4341
"../../../Engine/Content/VREditor/TransformGizmo/StartRotationHandleIndicator.uexp" 4342
"../../../Engine/Content/VREditor/Sounds/UI/Drop_Item_From_ContentBrowser.ubulk" 4343
"../../../Engine/Content/VREditor/Sounds/UI/Drop_Item_From_ContentBrowser.uasset" 4344
"../../../Engine/Content/VREditor/Sounds/UI/Drop_Item_From_ContentBrowser.uexp" 4345
"../../../Engine/Content/VREditor/TransformGizmo/PlaneTranslationHandle.ubulk" 4346
"../../../Engine/Content/VREditor/TransformGizmo/PlaneTranslationHandle.uasset" 4347
"../../../Engine/Content/VREditor/TransformGizmo/PlaneTranslationHandle.uexp" 4348
"../../../Engine/Content/VREditor/Sounds/UI/Object_Snaps_To_Grid.ubulk" 4349
"../../../Engine/Content/VREditor/Sounds/UI/Object_Snaps_To_Grid.uasset" 4350
"../../../Engine/Content/VREditor/Sounds/UI/Object_Snaps_To_Grid.uexp" 4351
"../../../Engine/Content/VREditor/Sounds/UI/Selection_Changes.ubulk" 4352
"../../../Engine/Content/VREditor/Sounds/UI/Selection_Changes.uasset" 4353
"../../../Engine/Content/VREditor/Sounds/UI/Selection_Changes.uexp" 4354
"../../../Engine/Content/VREditor/TransformGizmo/TranslucentTransformGizmoMaterial_Inst.uasset" 4355
"../../../Engine/Content/VREditor/TransformGizmo/TranslucentTransformGizmoMaterial_Inst.uexp" 4356
"../../../Engine/Content/VREditor/TransformGizmo/TransformGizmoFreeRotation.ubulk" 4357
"../../../Engine/Content/VREditor/TransformGizmo/TransformGizmoFreeRotation.uasset" 4358
"../../../Engine/Content/VREditor/TransformGizmo/TransformGizmoFreeRotation.uexp" 4359
"../../../Engine/Content/VREditor/Sounds/UI/Scaling_Down.ubulk" 4360
"../../../Engine/Content/VREditor/Sounds/UI/Scaling_Down.uasset" 4361
"../../../Engine/Content/VREditor/Sounds/UI/Scaling_Down.uexp" 4362
"../../../Engine/Content/Functions/Engine_MaterialFunctions02/SplitComponents.uasset" 4363
"../../../Engine/Content/Functions/Engine_MaterialFunctions02/SplitComponents.uexp" 4364
"../../../Engine/Content/VREditor/SnapGrid/SnapGridMaterial.uasset" 4365
"../../../Engine/Content/VREditor/SnapGrid/SnapGridMaterial.uexp" 4366
"../../../Engine/Content/VREditor/SnapGrid/SnapGridPlaneMesh.ubulk" 4367
"../../../Engine/Content/VREditor/SnapGrid/SnapGridPlaneMesh.uasset" 4368
"../../../Engine/Content/VREditor/SnapGrid/SnapGridPlaneMesh.uexp" 4369
"../../../Engine/Content/VREditor/Sounds/UI/Scaling_Up.ubulk" 4370
"../../../Engine/Content/VREditor/Sounds/UI/Scaling_Up.uasset" 4371
"../../../Engine/Content/VREditor/Sounds/UI/Scaling_Up.uexp" 4372
"../../../Engine/Content/VREditor/TransformGizmo/TransformGizmoMaterial_Inst.uasset" 4373
"../../../Engine/Content/VREditor/TransformGizmo/TransformGizmoMaterial_Inst.uexp" 4374
"../../../Engine/Content/VREditor/Sounds/UI/Gizmo_Handle_Clicked.ubulk" 4375
"../../../Engine/Content/VREditor/Sounds/UI/Gizmo_Handle_Clicked.uasset" 4376
"../../../Engine/Content/VREditor/Sounds/UI/Gizmo_Handle_Clicked.uexp" 4377
"../../../Engine/Content/VREditor/TransformGizmo/RotationHandleQuarter.ubulk" 4378
"../../../Engine/Content/VREditor/TransformGizmo/RotationHandleQuarter.uasset" 4379
"../../../Engine/Content/VREditor/TransformGizmo/RotationHandleQuarter.uexp" 4380
"../../../Engine/Content/VREditor/TransformGizmo/TranslateArrowHandle.ubulk" 4381
"../../../Engine/Content/VREditor/TransformGizmo/TranslateArrowHandle.uasset" 4382
"../../../Engine/Content/VREditor/TransformGizmo/TranslateArrowHandle.uexp" 4383
"../../../Engine/Content/VREditor/TransformGizmo/RotationHandleIndicator.ubulk" 4384
"../../../Engine/Content/VREditor/TransformGizmo/RotationHandleIndicator.uasset" 4385
"../../../Engine/Content/VREditor/TransformGizmo/RotationHandleIndicator.uexp" 4386
"../../../Engine/Content/VREditor/TransformGizmo/UniformScaleHandle.ubulk" 4387
"../../../Engine/Content/VREditor/TransformGizmo/UniformScaleHandle.uasset" 4388
"../../../Engine/Content/VREditor/TransformGizmo/UniformScaleHandle.uexp" 4389
"../../../Engine/Content/VREditor/TransformGizmo/RotationHandleFull.ubulk" 4390
"../../../Engine/Content/VREditor/TransformGizmo/RotationHandleFull.uasset" 4391
"../../../Engine/Content/VREditor/TransformGizmo/RotationHandleFull.uexp" 4392
"../../../Engine/Content/VREditor/Sounds/UI/Object_PickUp.ubulk" 4393
"../../../Engine/Content/VREditor/Sounds/UI/Object_PickUp.uasset" 4394
"../../../Engine/Content/VREditor/Sounds/UI/Object_PickUp.uexp" 4395
"../../../Engine/Content/ArtTools/RenderToTexture/Meshes/S_1_Unit_Plane.ubulk" 4396
"../../../Engine/Content/ArtTools/RenderToTexture/Meshes/S_1_Unit_Plane.uasset" 4397
"../../../Engine/Content/ArtTools/RenderToTexture/Meshes/S_1_Unit_Plane.uexp" 4398
"../../../Engine/Content/EngineSky/VolumetricClouds/T_CloudMask.ubulk" 4399
"../../../Engine/Content/EngineSky/VolumetricClouds/T_CloudMask.uasset" 4400
"../../../Engine/Content/EngineSky/VolumetricClouds/T_CloudMask.uexp" 4401
"../../../Engine/Content/EngineSky/VolumetricClouds/VT_Lightning.uasset" 4402
"../../../Engine/Content/EngineSky/VolumetricClouds/VT_Lightning.uexp" 4403
"../../../Engine/Content/EngineSky/VolumetricClouds/T_Profile_08.ubulk" 4404
"../../../Engine/Content/EngineSky/VolumetricClouds/T_Profile_08.uasset" 4405
"../../../Engine/Content/EngineSky/VolumetricClouds/T_Profile_08.uexp" 4406
"../../../Engine/Content/Functions/Engine_MaterialFunctions02/Utility/MakeFloat4.uasset" 4407
"../../../Engine/Content/Functions/Engine_MaterialFunctions02/Utility/MakeFloat4.uexp" 4408
"../../../Engine/Content/Functions/Engine_MaterialFunctions01/Units/Km-to-Cm.uasset" 4409
"../../../Engine/Content/Functions/Engine_MaterialFunctions01/Units/Km-to-Cm.uexp" 4410
"../../../Engine/Content/Functions/Engine_MaterialFunctions02/Utility/BreakOutFloat4Components.uasset" 4411
"../../../Engine/Content/Functions/Engine_MaterialFunctions02/Utility/BreakOutFloat4Components.uexp" 4412
"../../../Engine/Content/EngineSky/VolumetricClouds/T_CloudPattern.ubulk" 4413
"../../../Engine/Content/EngineSky/VolumetricClouds/T_CloudPattern.uasset" 4414
"../../../Engine/Content/EngineSky/VolumetricClouds/T_CloudPattern.uexp" 4415
"../../../Engine/Content/EngineSky/VolumetricClouds/VT_PerlinWorley_Balanced.uasset" 4416
"../../../Engine/Content/EngineSky/VolumetricClouds/VT_PerlinWorley_Balanced.uexp" 4417
"../../../Engine/Content/EngineSky/VolumetricClouds/m_SimpleVolumetricCloud.uasset" 4418
"../../../Engine/Content/EngineSky/VolumetricClouds/m_SimpleVolumetricCloud.uexp" 4419
"../../../Engine/Content/EngineSky/VolumetricClouds/m_SimpleVolumetricCloud_Inst.uasset" 4420
"../../../Engine/Content/EngineSky/VolumetricClouds/m_SimpleVolumetricCloud_Inst.uexp" 4421
"../../../Engine/Content/EngineResources/WhiteSquareTexture.uasset" 4422
"../../../Engine/Content/EngineResources/WhiteSquareTexture.uexp" 4423
"../../../Engine/Content/EngineMaterials/Widget3DPassThrough.uasset" 4424
"../../../Engine/Content/EngineMaterials/Widget3DPassThrough.uexp" 4425
"../../../Engine/Content/EngineMaterials/Widget3DPassThrough_Translucent.uasset" 4426
"../../../Engine/Content/EngineMaterials/Widget3DPassThrough_Translucent.uexp" 4427
"../../../Engine/Content/EngineMaterials/Widget3DPassThrough_Translucent_OneSided.uasset" 4428
"../../../Engine/Content/EngineMaterials/Widget3DPassThrough_Translucent_OneSided.uexp" 4429
"../../../Engine/Content/EngineMaterials/Widget3DPassThrough_Opaque.uasset" 4430
"../../../Engine/Content/EngineMaterials/Widget3DPassThrough_Opaque.uexp" 4431
"../../../Engine/Content/EngineMaterials/Widget3DPassThrough_Opaque_OneSided.uasset" 4432
"../../../Engine/Content/EngineMaterials/Widget3DPassThrough_Opaque_OneSided.uexp" 4433
"../../../Engine/Content/EngineMaterials/Widget3DPassThrough_Masked_OneSided.uasset" 4434
"../../../Engine/Content/EngineMaterials/Widget3DPassThrough_Masked_OneSided.uexp" 4435
"../../../Engine/Content/EngineMaterials/Widget3DPassThrough_Masked.uasset" 4436
"../../../Engine/Content/EngineMaterials/Widget3DPassThrough_Masked.uexp" 4437
"../../../Engine/Content/EngineMaterials/WeightMapPlaceholderTexture.uasset" 4438
"../../../Engine/Content/EngineMaterials/WeightMapPlaceholderTexture.uexp" 4439
"../../../Engine/Content/EngineMaterials/WeightMapArrayPlaceholderTexture.uasset" 4440
"../../../Engine/Content/EngineMaterials/WeightMapArrayPlaceholderTexture.uexp" 4441
"../../../Engine/Content/EngineMaterials/RemoveSurfaceMaterial.uasset" 4442
"../../../Engine/Content/EngineMaterials/RemoveSurfaceMaterial.uexp" 4443
"../../../Engine/Content/EngineMaterials/DefaultCalibrationGrayscale.uasset" 4444
"../../../Engine/Content/EngineMaterials/DefaultCalibrationGrayscale.uexp" 4445
"../../../Engine/Content/EngineMaterials/PPM_DefaultCalibrationGrayscale.uasset" 4446
"../../../Engine/Content/EngineMaterials/PPM_DefaultCalibrationGrayscale.uexp" 4447
"../../../Engine/Content/EngineMaterials/DefaultCalibrationColor.uasset" 4448
"../../../Engine/Content/EngineMaterials/DefaultCalibrationColor.uexp" 4449
"../../../Engine/Content/EngineMaterials/PPM_DefaultCalibrationColor.uasset" 4450
"../../../Engine/Content/EngineMaterials/PPM_DefaultCalibrationColor.uexp" 4451
"../../../Engine/Content/EngineMaterials/PhAT_JointLimitMaterial.uasset" 4452
"../../../Engine/Content/EngineMaterials/PhAT_JointLimitMaterial.uexp" 4453
"../../../Engine/Content/EngineMaterials/NaniteHiddenSectionMaterial.uasset" 4454
"../../../Engine/Content/EngineMaterials/NaniteHiddenSectionMaterial.uexp" 4455
"../../../Engine/Content/EngineMaterials/InvalidLightmapSettings.ubulk" 4456
"../../../Engine/Content/EngineMaterials/InvalidLightmapSettings.uasset" 4457
"../../../Engine/Content/EngineMaterials/InvalidLightmapSettings.uexp" 4458
"../../../Engine/Content/EngineMaterials/M_InvalidLightmapSettings.uasset" 4459
"../../../Engine/Content/EngineMaterials/M_InvalidLightmapSettings.uexp" 4460
"../../../Engine/Content/EngineMaterials/GizmoMaterial.uasset" 4461
"../../../Engine/Content/EngineMaterials/GizmoMaterial.uexp" 4462
"../../../Engine/Content/EngineMaterials/BaseFlattenEmissiveMap_VT.uasset" 4463
"../../../Engine/Content/EngineMaterials/BaseFlattenEmissiveMap_VT.uexp" 4464
"../../../Engine/Content/EngineMaterials/BaseFlattenGrayscaleMap_VT.uasset" 4465
"../../../Engine/Content/EngineMaterials/BaseFlattenGrayscaleMap_VT.uexp" 4466
"../../../Engine/Content/EngineMaterials/BaseFlattenLinearColor_VT.uasset" 4467
"../../../Engine/Content/EngineMaterials/BaseFlattenLinearColor_VT.uexp" 4468
"../../../Engine/Content/EngineMaterials/Black_1x1_EXR_Texture_VT.uasset" 4469
"../../../Engine/Content/EngineMaterials/Black_1x1_EXR_Texture_VT.uexp" 4470
"../../../Engine/Content/EngineMaterials/BaseFlattenDiffuseMap_VT.uasset" 4471
"../../../Engine/Content/EngineMaterials/BaseFlattenDiffuseMap_VT.uexp" 4472
"../../../Engine/Content/EngineMaterials/BaseFlattenNormalMap_VT.uasset" 4473
"../../../Engine/Content/EngineMaterials/BaseFlattenNormalMap_VT.uexp" 4474
"../../../Engine/Content/EngineMaterials/FlattenMaterial_WS_Normal_VT.uasset" 4475
"../../../Engine/Content/EngineMaterials/FlattenMaterial_WS_Normal_VT.uexp" 4476
"../../../Engine/Content/EngineMaterials/FlattenMaterial_VT.uasset" 4477
"../../../Engine/Content/EngineMaterials/FlattenMaterial_VT.uexp" 4478
"../../../Engine/Content/EngineMaterials/BaseFlattenNormalMap.uasset" 4479
"../../../Engine/Content/EngineMaterials/BaseFlattenNormalMap.uexp" 4480
"../../../Engine/Content/EngineMaterials/BaseFlattenGrayscaleMap.uasset" 4481
"../../../Engine/Content/EngineMaterials/BaseFlattenGrayscaleMap.uexp" 4482
"../../../Engine/Content/EngineMaterials/BaseFlattenDiffuseMap.uasset" 4483
"../../../Engine/Content/EngineMaterials/BaseFlattenDiffuseMap.uexp" 4484
"../../../Engine/Content/Functions/Engine_MaterialFunctions02/PivotPainter2/Black_1x1_EXR_Texture.uasset" 4485
"../../../Engine/Content/Functions/Engine_MaterialFunctions02/PivotPainter2/Black_1x1_EXR_Texture.uexp" 4486
"../../../Engine/Content/EngineMaterials/BaseFlattenEmissiveMap.uasset" 4487
"../../../Engine/Content/EngineMaterials/BaseFlattenEmissiveMap.uexp" 4488
"../../../Engine/Content/EngineMaterials/BaseFlattenLinearColor.uasset" 4489
"../../../Engine/Content/EngineMaterials/BaseFlattenLinearColor.uexp" 4490
"../../../Engine/Content/EngineMaterials/FlattenMaterial.uasset" 4491
"../../../Engine/Content/EngineMaterials/FlattenMaterial.uexp" 4492
"../../../Engine/Content/EngineMaterials/DefaultWhiteGrid_Low.uasset" 4493
"../../../Engine/Content/EngineMaterials/DefaultWhiteGrid_Low.uexp" 4494
"../../../Engine/Content/EngineMaterials/EmissiveMeshMaterial.uasset" 4495
"../../../Engine/Content/EngineMaterials/EmissiveMeshMaterial.uexp" 4496
"../../../Engine/Content/EngineFonts/RobotoDistanceField.uasset" 4497
"../../../Engine/Content/EngineFonts/RobotoDistanceField.uexp" 4498
"../../../Engine/Content/EngineMaterials/DefaultTextMaterialOpaque.uasset" 4499
"../../../Engine/Content/EngineMaterials/DefaultTextMaterialOpaque.uexp" 4500
"../../../Engine/Content/EngineMaterials/DefaultPostProcessMaterial.uasset" 4501
"../../../Engine/Content/EngineMaterials/DefaultPostProcessMaterial.uexp" 4502
"../../../Engine/Content/EngineMaterials/DefaultLightFunctionMaterial.uasset" 4503
"../../../Engine/Content/EngineMaterials/DefaultLightFunctionMaterial.uexp" 4504
"../../../Engine/Content/EngineMaterials/DefaultDeferredDecalMaterial.uasset" 4505
"../../../Engine/Content/EngineMaterials/DefaultDeferredDecalMaterial.uexp" 4506
"../../../Engine/Content/EngineDebugMaterials/VolumeToRender.uasset" 4507
"../../../Engine/Content/EngineDebugMaterials/VolumeToRender.uexp" 4508
"../../../Engine/Content/EngineDebugMaterials/M_VolumeRenderSphereTracePP.uasset" 4509
"../../../Engine/Content/EngineDebugMaterials/M_VolumeRenderSphereTracePP.uexp" 4510
"../../../Engine/Content/EngineDebugMaterials/M_SimpleUnlitTranslucent.uasset" 4511
"../../../Engine/Content/EngineDebugMaterials/M_SimpleUnlitTranslucent.uexp" 4512
"../../../Engine/Content/EngineDebugMaterials/DebugMeshMaterial.uasset" 4513
"../../../Engine/Content/EngineDebugMaterials/DebugMeshMaterial.uexp" 4514
"../../../Engine/Content/EngineDebugMaterials/DebugEditorMaterial.uasset" 4515
"../../../Engine/Content/EngineDebugMaterials/DebugEditorMaterial.uexp" 4516
"../../../Engine/Content/EditorMaterials/PreviewShadowIndicator.ubulk" 4517
"../../../Engine/Content/EditorMaterials/PreviewShadowIndicator.uasset" 4518
"../../../Engine/Content/EditorMaterials/PreviewShadowIndicator.uexp" 4519
"../../../Engine/Content/EditorMaterials/PreviewShadowIndicatorMaterial.uasset" 4520
"../../../Engine/Content/EditorMaterials/PreviewShadowIndicatorMaterial.uexp" 4521
"../../../Engine/Content/EditorMaterials/PhAT_UnselectedMaterial.uasset" 4522
"../../../Engine/Content/EditorMaterials/PhAT_UnselectedMaterial.uexp" 4523
"../../../Engine/Content/EditorMaterials/PhAT_NoCollisionMaterial.uasset" 4524
"../../../Engine/Content/EditorMaterials/PhAT_NoCollisionMaterial.uexp" 4525
"../../../Engine/Content/EditorMaterials/Dataflow/DataflowVertexMaterial.uasset" 4526
"../../../Engine/Content/EditorMaterials/Dataflow/DataflowVertexMaterial.uexp" 4527
"../../../Engine/Content/EditorMaterials/Dataflow/DataflowTwoSidedVertexMaterial.uasset" 4528
"../../../Engine/Content/EditorMaterials/Dataflow/DataflowTwoSidedVertexMaterial.uexp" 4529
"../../../Engine/Content/EditorLandscapeResources/SplineEditorMeshMat.uasset" 4530
"../../../Engine/Content/EditorLandscapeResources/SplineEditorMeshMat.uexp" 4531
"../../../Engine/Content/EditorLandscapeResources/SplineEditorMesh.ubulk" 4532
"../../../Engine/Content/EditorLandscapeResources/SplineEditorMesh.uasset" 4533
"../../../Engine/Content/EditorLandscapeResources/SplineEditorMesh.uexp" 4534
"../../../Engine/Content/BasicShapes/Plane.ubulk" 4535
"../../../Engine/Content/BasicShapes/Plane.uasset" 4536
"../../../Engine/Content/BasicShapes/Plane.uexp" 4537
"../../../Engine/Content/BasicShapes/Cone.ubulk" 4538
"../../../Engine/Content/BasicShapes/Cone.uasset" 4539
"../../../Engine/Content/BasicShapes/Cone.uexp" 4540
"../../../Engine/Content/Functions/Engine_MaterialFunctions01/Shading/PowerToRoughness.uasset" 4541
"../../../Engine/Content/Functions/Engine_MaterialFunctions01/Shading/PowerToRoughness.uexp" 4542
"../../../Engine/Content/Functions/Engine_MaterialFunctions01/Shading/ConvertFromDiffSpec.uasset" 4543
"../../../Engine/Content/Functions/Engine_MaterialFunctions01/Shading/ConvertFromDiffSpec.uexp" 4544
"../../../Engine/Content/EngineMaterials/Substrate/Volume/SubstrateSimpleVolumeLUT3D.uasset" 4545
"../../../Engine/Content/EngineMaterials/Substrate/Volume/SubstrateSimpleVolumeLUT3D.uexp" 4546
"../../../Engine/Content/EngineMaterials/Substrate/Volume/SubstrateSimpleVolumeEnvLUT3D.uasset" 4547
"../../../Engine/Content/EngineMaterials/Substrate/Volume/SubstrateSimpleVolumeEnvLUT3D.uexp" 4548
"../../../Engine/Content/EngineMaterials/Substrate/GLints2/AGlintTex2dArray2.uasset" 4549
"../../../Engine/Content/EngineMaterials/Substrate/GLints2/AGlintTex2dArray2.uexp" 4550
"../../../Engine/Content/EngineMaterials/Substrate/GLints/AGlintTex2dArray.uasset" 4551
"../../../Engine/Content/EngineMaterials/Substrate/GLints/AGlintTex2dArray.uexp" 4552
"G:/Projets Unreal en cours/ICAN_Backrooms/Content/MetaHumans/Common/Controls/M_RigControlActor_Black.uasset" 4553
"G:/Projets Unreal en cours/ICAN_Backrooms/Content/MetaHumans/Common/Controls/M_RigControlActor_Black.uexp" 4554
"G:/Projets Unreal en cours/ICAN_Backrooms/Content/MetaHumans/Common/Controls/faceboard_followGrp.ubulk" 4555
"G:/Projets Unreal en cours/ICAN_Backrooms/Content/MetaHumans/Common/Controls/faceboard_followGrp.uasset" 4556
"G:/Projets Unreal en cours/ICAN_Backrooms/Content/MetaHumans/Common/Controls/faceboard_followGrp.uexp" 4557
"G:/Projets Unreal en cours/ICAN_Backrooms/Content/MetaHumans/Common/Controls/faceboard_2x.ubulk" 4558
"G:/Projets Unreal en cours/ICAN_Backrooms/Content/MetaHumans/Common/Controls/faceboard_2x.uasset" 4559
"G:/Projets Unreal en cours/ICAN_Backrooms/Content/MetaHumans/Common/Controls/faceboard_2x.uexp" 4560
"G:/Projets Unreal en cours/ICAN_Backrooms/Content/MetaHumans/Common/Controls/convergence_3l.ubulk" 4561
"G:/Projets Unreal en cours/ICAN_Backrooms/Content/MetaHumans/Common/Controls/convergence_3l.uasset" 4562
"G:/Projets Unreal en cours/ICAN_Backrooms/Content/MetaHumans/Common/Controls/convergence_3l.uexp" 4563
"G:/Projets Unreal en cours/ICAN_Backrooms/Content/MetaHumans/Common/Common/f_tal_nrw_body_preview.uasset" 4564
"G:/Projets Unreal en cours/ICAN_Backrooms/Content/MetaHumans/Common/Common/f_tal_nrw_body_preview.uexp" 4565
"G:/Projets Unreal en cours/ICAN_Backrooms/Content/Characters/UE5_Mannequins/Rigs/PA_Mannequin.uasset" 4566
"G:/Projets Unreal en cours/ICAN_Backrooms/Content/Characters/UE5_Mannequins/Rigs/PA_Mannequin.uexp" 4567
"G:/Projets Unreal en cours/ICAN_Backrooms/Content/Characters/UE5_Mannequins/Meshes/SK_Mannequin.uasset" 4568
"G:/Projets Unreal en cours/ICAN_Backrooms/Content/Characters/UE5_Mannequins/Meshes/SK_Mannequin.uexp" 4569
"G:/Projets Unreal en cours/ICAN_Backrooms/Content/Characters/UE5_Mannequins/Textures/Manny/T_Manny_01_ASAOPMASK_MSK.ubulk" 4570
"G:/Projets Unreal en cours/ICAN_Backrooms/Content/Characters/UE5_Mannequins/Textures/Manny/T_Manny_01_ASAOPMASK_MSK.uasset" 4571
"G:/Projets Unreal en cours/ICAN_Backrooms/Content/Characters/UE5_Mannequins/Textures/Manny/T_Manny_01_ASAOPMASK_MSK.uexp" 4572
"G:/Projets Unreal en cours/ICAN_Backrooms/Content/Characters/UE5_Mannequins/Textures/Manny/T_Manny_01_N.ubulk" 4573
"G:/Projets Unreal en cours/ICAN_Backrooms/Content/Characters/UE5_Mannequins/Textures/Manny/T_Manny_01_N.uasset" 4574
"G:/Projets Unreal en cours/ICAN_Backrooms/Content/Characters/UE5_Mannequins/Textures/Manny/T_Manny_01_N.uexp" 4575
"G:/Projets Unreal en cours/ICAN_Backrooms/Content/Characters/UE5_Mannequins/Textures/Manny/T_Manny_01_Tan.ubulk" 4576
"G:/Projets Unreal en cours/ICAN_Backrooms/Content/Characters/UE5_Mannequins/Textures/Manny/T_Manny_01_Tan.uasset" 4577
"G:/Projets Unreal en cours/ICAN_Backrooms/Content/Characters/UE5_Mannequins/Textures/Manny/T_Manny_01_Tan.uexp" 4578
"G:/Projets Unreal en cours/ICAN_Backrooms/Content/Characters/UE5_Mannequins/Textures/Manny/T_Manny_01_D.ubulk" 4579
"G:/Projets Unreal en cours/ICAN_Backrooms/Content/Characters/UE5_Mannequins/Textures/Manny/T_Manny_01_D.uasset" 4580
"G:/Projets Unreal en cours/ICAN_Backrooms/Content/Characters/UE5_Mannequins/Textures/Manny/T_Manny_01_D.uexp" 4581
"G:/Projets Unreal en cours/ICAN_Backrooms/Content/Characters/UE5_Mannequins/Textures/Manny/T_Manny_01_BN.ubulk" 4582
"G:/Projets Unreal en cours/ICAN_Backrooms/Content/Characters/UE5_Mannequins/Textures/Manny/T_Manny_01_BN.uasset" 4583
"G:/Projets Unreal en cours/ICAN_Backrooms/Content/Characters/UE5_Mannequins/Textures/Manny/T_Manny_01_BN.uexp" 4584
"G:/Projets Unreal en cours/ICAN_Backrooms/Content/Characters/UE5_Mannequins/Textures/Manny/T_Manny_01_MSR_MSK.ubulk" 4585
"G:/Projets Unreal en cours/ICAN_Backrooms/Content/Characters/UE5_Mannequins/Textures/Manny/T_Manny_01_MSR_MSK.uasset" 4586
"G:/Projets Unreal en cours/ICAN_Backrooms/Content/Characters/UE5_Mannequins/Textures/Manny/T_Manny_01_MSR_MSK.uexp" 4587
"G:/Projets Unreal en cours/ICAN_Backrooms/Content/Characters/UE5_Mannequins/Textures/Manny/T_Manny_01_CCRCCPlastic_MSK.ubulk" 4588
"G:/Projets Unreal en cours/ICAN_Backrooms/Content/Characters/UE5_Mannequins/Textures/Manny/T_Manny_01_CCRCCPlastic_MSK.uasset" 4589
"G:/Projets Unreal en cours/ICAN_Backrooms/Content/Characters/UE5_Mannequins/Textures/Manny/T_Manny_01_CCRCCPlastic_MSK.uexp" 4590
"G:/Projets Unreal en cours/ICAN_Backrooms/Content/Characters/UE5_Mannequins/Textures/Shared/T_UE_Logo_M.uasset" 4591
"G:/Projets Unreal en cours/ICAN_Backrooms/Content/Characters/UE5_Mannequins/Textures/Shared/T_UE_Logo_M.uexp" 4592
"G:/Projets Unreal en cours/ICAN_Backrooms/Content/Characters/UE5_Mannequins/Materials/Functions/MF_logo3layers.uasset" 4593
"G:/Projets Unreal en cours/ICAN_Backrooms/Content/Characters/UE5_Mannequins/Materials/Functions/MF_logo3layers.uexp" 4594
"G:/Projets Unreal en cours/ICAN_Backrooms/Content/Characters/UE5_Mannequins/Materials/Functions/ChromaticCurve.uasset" 4595
"G:/Projets Unreal en cours/ICAN_Backrooms/Content/Characters/UE5_Mannequins/Materials/Functions/ChromaticCurve.uexp" 4596
"G:/Projets Unreal en cours/ICAN_Backrooms/Content/Characters/UE5_Mannequins/Materials/Functions/CA_Mannequin.uasset" 4597
"G:/Projets Unreal en cours/ICAN_Backrooms/Content/Characters/UE5_Mannequins/Materials/Functions/CA_Mannequin.uexp" 4598
"G:/Projets Unreal en cours/ICAN_Backrooms/Content/Characters/UE5_Mannequins/Materials/Functions/MF_Diffraction.uasset" 4599
"G:/Projets Unreal en cours/ICAN_Backrooms/Content/Characters/UE5_Mannequins/Materials/Functions/MF_Diffraction.uexp" 4600
"G:/Projets Unreal en cours/ICAN_Backrooms/Content/Characters/UE5_Mannequins/Materials/Functions/ML_BaseColorFallOff.uasset" 4601
"G:/Projets Unreal en cours/ICAN_Backrooms/Content/Characters/UE5_Mannequins/Materials/Functions/ML_BaseColorFallOff.uexp" 4602
"G:/Projets Unreal en cours/ICAN_Backrooms/Content/Characters/UE5_Mannequins/Materials/M_Mannequin.uasset" 4603
"G:/Projets Unreal en cours/ICAN_Backrooms/Content/Characters/UE5_Mannequins/Materials/M_Mannequin.uexp" 4604
"G:/Projets Unreal en cours/ICAN_Backrooms/Content/Characters/UE5_Mannequins/Materials/Instances/Manny/MI_Manny_01.uasset" 4605
"G:/Projets Unreal en cours/ICAN_Backrooms/Content/Characters/UE5_Mannequins/Materials/Instances/Manny/MI_Manny_01.uexp" 4606
"G:/Projets Unreal en cours/ICAN_Backrooms/Content/Characters/UE5_Mannequins/Textures/Manny/T_Manny_02_BN.ubulk" 4607
"G:/Projets Unreal en cours/ICAN_Backrooms/Content/Characters/UE5_Mannequins/Textures/Manny/T_Manny_02_BN.uasset" 4608
"G:/Projets Unreal en cours/ICAN_Backrooms/Content/Characters/UE5_Mannequins/Textures/Manny/T_Manny_02_BN.uexp" 4609
"G:/Projets Unreal en cours/ICAN_Backrooms/Content/Characters/UE5_Mannequins/Textures/Manny/T_Manny_02_MSR_MSK.ubulk" 4610
"G:/Projets Unreal en cours/ICAN_Backrooms/Content/Characters/UE5_Mannequins/Textures/Manny/T_Manny_02_MSR_MSK.uasset" 4611
"G:/Projets Unreal en cours/ICAN_Backrooms/Content/Characters/UE5_Mannequins/Textures/Manny/T_Manny_02_MSR_MSK.uexp" 4612
"G:/Projets Unreal en cours/ICAN_Backrooms/Content/Characters/UE5_Mannequins/Textures/Manny/T_Manny_02_Tan.ubulk" 4613
"G:/Projets Unreal en cours/ICAN_Backrooms/Content/Characters/UE5_Mannequins/Textures/Manny/T_Manny_02_Tan.uasset" 4614
"G:/Projets Unreal en cours/ICAN_Backrooms/Content/Characters/UE5_Mannequins/Textures/Manny/T_Manny_02_Tan.uexp" 4615
"G:/Projets Unreal en cours/ICAN_Backrooms/Content/Characters/UE5_Mannequins/Textures/Manny/T_Manny_02_CCRCCPlastic_MSK.ubulk" 4616
"G:/Projets Unreal en cours/ICAN_Backrooms/Content/Characters/UE5_Mannequins/Textures/Manny/T_Manny_02_CCRCCPlastic_MSK.uasset" 4617
"G:/Projets Unreal en cours/ICAN_Backrooms/Content/Characters/UE5_Mannequins/Textures/Manny/T_Manny_02_CCRCCPlastic_MSK.uexp" 4618
"G:/Projets Unreal en cours/ICAN_Backrooms/Content/Characters/UE5_Mannequins/Textures/Manny/T_Manny_02_D.ubulk" 4619
"G:/Projets Unreal en cours/ICAN_Backrooms/Content/Characters/UE5_Mannequins/Textures/Manny/T_Manny_02_D.uasset" 4620
"G:/Projets Unreal en cours/ICAN_Backrooms/Content/Characters/UE5_Mannequins/Textures/Manny/T_Manny_02_D.uexp" 4621
"G:/Projets Unreal en cours/ICAN_Backrooms/Content/Characters/UE5_Mannequins/Textures/Manny/T_Manny_02_ASAOPMASK_MSK.ubulk" 4622
"G:/Projets Unreal en cours/ICAN_Backrooms/Content/Characters/UE5_Mannequins/Textures/Manny/T_Manny_02_ASAOPMASK_MSK.uasset" 4623
"G:/Projets Unreal en cours/ICAN_Backrooms/Content/Characters/UE5_Mannequins/Textures/Manny/T_Manny_02_ASAOPMASK_MSK.uexp" 4624
"G:/Projets Unreal en cours/ICAN_Backrooms/Content/Characters/UE5_Mannequins/Textures/Manny/T_Manny_02_N.ubulk" 4625
"G:/Projets Unreal en cours/ICAN_Backrooms/Content/Characters/UE5_Mannequins/Textures/Manny/T_Manny_02_N.uasset" 4626
"G:/Projets Unreal en cours/ICAN_Backrooms/Content/Characters/UE5_Mannequins/Textures/Manny/T_Manny_02_N.uexp" 4627
"G:/Projets Unreal en cours/ICAN_Backrooms/Content/Characters/UE5_Mannequins/Materials/Instances/Manny/MI_Manny_02.uasset" 4628
"G:/Projets Unreal en cours/ICAN_Backrooms/Content/Characters/UE5_Mannequins/Materials/Instances/Manny/MI_Manny_02.uexp" 4629
"G:/Projets Unreal en cours/ICAN_Backrooms/Content/Characters/UE5_Mannequins/Rigs/Poses/Manny/Manny_thigh_l_pose.uasset" 4630
"G:/Projets Unreal en cours/ICAN_Backrooms/Content/Characters/UE5_Mannequins/Rigs/Poses/Manny/Manny_thigh_l_pose.uexp" 4631
"G:/Projets Unreal en cours/ICAN_Backrooms/Content/Characters/UE5_Mannequins/Rigs/Poses/Manny/Manny_thigh_r_pose.uasset" 4632
"G:/Projets Unreal en cours/ICAN_Backrooms/Content/Characters/UE5_Mannequins/Rigs/Poses/Manny/Manny_thigh_r_pose.uexp" 4633
"G:/Projets Unreal en cours/ICAN_Backrooms/Content/Characters/UE5_Mannequins/Rigs/Poses/Manny/Manny_lowerarm_l_pose.uasset" 4634
"G:/Projets Unreal en cours/ICAN_Backrooms/Content/Characters/UE5_Mannequins/Rigs/Poses/Manny/Manny_lowerarm_l_pose.uexp" 4635
"G:/Projets Unreal en cours/ICAN_Backrooms/Content/Characters/UE5_Mannequins/Rigs/Poses/Manny/Manny_upperarm_r_pose.uasset" 4636
"G:/Projets Unreal en cours/ICAN_Backrooms/Content/Characters/UE5_Mannequins/Rigs/Poses/Manny/Manny_upperarm_r_pose.uexp" 4637
"G:/Projets Unreal en cours/ICAN_Backrooms/Content/Characters/UE5_Mannequins/Rigs/CR_Mannequin_Procedural.uasset" 4638
"G:/Projets Unreal en cours/ICAN_Backrooms/Content/Characters/UE5_Mannequins/Rigs/CR_Mannequin_Procedural.uexp" 4639
"G:/Projets Unreal en cours/ICAN_Backrooms/Content/Characters/UE5_Mannequins/Rigs/Poses/Manny/Manny_calf_r_pose.uasset" 4640
"G:/Projets Unreal en cours/ICAN_Backrooms/Content/Characters/UE5_Mannequins/Rigs/Poses/Manny/Manny_calf_r_pose.uexp" 4641
"G:/Projets Unreal en cours/ICAN_Backrooms/Content/Characters/UE5_Mannequins/Rigs/Poses/Manny/Manny_foot_l_pose.uasset" 4642
"G:/Projets Unreal en cours/ICAN_Backrooms/Content/Characters/UE5_Mannequins/Rigs/Poses/Manny/Manny_foot_l_pose.uexp" 4643
"G:/Projets Unreal en cours/ICAN_Backrooms/Content/Characters/UE5_Mannequins/Rigs/Poses/Manny/Manny_lowerarm_r_pose.uasset" 4644
"G:/Projets Unreal en cours/ICAN_Backrooms/Content/Characters/UE5_Mannequins/Rigs/Poses/Manny/Manny_lowerarm_r_pose.uexp" 4645
"G:/Projets Unreal en cours/ICAN_Backrooms/Content/Characters/UE5_Mannequins/Rigs/Poses/Manny/Manny_upperarm_l_pose.uasset" 4646
"G:/Projets Unreal en cours/ICAN_Backrooms/Content/Characters/UE5_Mannequins/Rigs/Poses/Manny/Manny_upperarm_l_pose.uexp" 4647
"G:/Projets Unreal en cours/ICAN_Backrooms/Content/Characters/UE5_Mannequins/Rigs/Poses/Manny/Manny_clavicle_r_pose.uasset" 4648
"G:/Projets Unreal en cours/ICAN_Backrooms/Content/Characters/UE5_Mannequins/Rigs/Poses/Manny/Manny_clavicle_r_pose.uexp" 4649
"G:/Projets Unreal en cours/ICAN_Backrooms/Content/Characters/UE5_Mannequins/Rigs/Poses/Manny/Manny_hand_r_pose.uasset" 4650
"G:/Projets Unreal en cours/ICAN_Backrooms/Content/Characters/UE5_Mannequins/Rigs/Poses/Manny/Manny_hand_r_pose.uexp" 4651
"G:/Projets Unreal en cours/ICAN_Backrooms/Content/Characters/UE5_Mannequins/Rigs/Poses/Manny/Manny_hand_l_pose.uasset" 4652
"G:/Projets Unreal en cours/ICAN_Backrooms/Content/Characters/UE5_Mannequins/Rigs/Poses/Manny/Manny_hand_l_pose.uexp" 4653
"G:/Projets Unreal en cours/ICAN_Backrooms/Content/Characters/UE5_Mannequins/Rigs/Poses/Manny/Manny_calf_l_pose.uasset" 4654
"G:/Projets Unreal en cours/ICAN_Backrooms/Content/Characters/UE5_Mannequins/Rigs/Poses/Manny/Manny_calf_l_pose.uexp" 4655
"G:/Projets Unreal en cours/ICAN_Backrooms/Content/Characters/UE5_Mannequins/Rigs/Poses/Manny/Manny_clavicle_l_pose.uasset" 4656
"G:/Projets Unreal en cours/ICAN_Backrooms/Content/Characters/UE5_Mannequins/Rigs/Poses/Manny/Manny_clavicle_l_pose.uexp" 4657
"G:/Projets Unreal en cours/ICAN_Backrooms/Content/Characters/UE5_Mannequins/Rigs/Poses/Manny/Manny_foot_r_pose.uasset" 4658
"G:/Projets Unreal en cours/ICAN_Backrooms/Content/Characters/UE5_Mannequins/Rigs/Poses/Manny/Manny_foot_r_pose.uexp" 4659
"G:/Projets Unreal en cours/ICAN_Backrooms/Content/Characters/UE5_Mannequins/Rigs/ABP_Manny_PostProcess.uasset" 4660
"G:/Projets Unreal en cours/ICAN_Backrooms/Content/Characters/UE5_Mannequins/Rigs/ABP_Manny_PostProcess.uexp" 4661
"G:/Projets Unreal en cours/ICAN_Backrooms/Content/Characters/UE5_Mannequins/Meshes/SKM_Manny.uasset" 4662
"G:/Projets Unreal en cours/ICAN_Backrooms/Content/Characters/UE5_Mannequins/Meshes/SKM_Manny.uexp" 4663
"G:/Projets Unreal en cours/ICAN_Backrooms/Content/Asset/Props/TRASH/TEXT_UV.ubulk" 4664
"G:/Projets Unreal en cours/ICAN_Backrooms/Content/Asset/Props/TRASH/TEXT_UV.uasset" 4665
"G:/Projets Unreal en cours/ICAN_Backrooms/Content/Asset/Props/TRASH/TEXT_UV.uexp" 4666
"G:/Projets Unreal en cours/ICAN_Backrooms/Content/Asset/Props/TRASH/UV.uasset" 4667
"G:/Projets Unreal en cours/ICAN_Backrooms/Content/Asset/Props/TRASH/UV.uexp" 4668
"G:/Projets Unreal en cours/ICAN_Backrooms/Content/Asset/Props/TRASH/Retopo_Cube_010.ubulk" 4669
"G:/Projets Unreal en cours/ICAN_Backrooms/Content/Asset/Props/TRASH/Retopo_Cube_010.uasset" 4670
"G:/Projets Unreal en cours/ICAN_Backrooms/Content/Asset/Props/TRASH/Retopo_Cube_010.uexp" 4671
"G:/Projets Unreal en cours/ICAN_Backrooms/Content/Asset/Props/TRASH/Retopo_Cube_002.ubulk" 4672
"G:/Projets Unreal en cours/ICAN_Backrooms/Content/Asset/Props/TRASH/Retopo_Cube_002.uasset" 4673
"G:/Projets Unreal en cours/ICAN_Backrooms/Content/Asset/Props/TRASH/Retopo_Cube_002.uexp" 4674
"G:/Projets Unreal en cours/ICAN_Backrooms/Content/Asset/Props/TRASH/Retopo_Cube_001.ubulk" 4675
"G:/Projets Unreal en cours/ICAN_Backrooms/Content/Asset/Props/TRASH/Retopo_Cube_001.uasset" 4676
"G:/Projets Unreal en cours/ICAN_Backrooms/Content/Asset/Props/TRASH/Retopo_Cube_001.uexp" 4677
"G:/Projets Unreal en cours/ICAN_Backrooms/Content/Asset/Props/SHOW_ROOM/ShowRoom_ESTRADE.uasset" 4678
"G:/Projets Unreal en cours/ICAN_Backrooms/Content/Asset/Props/SHOW_ROOM/ShowRoom_ESTRADE.uexp" 4679
"G:/Projets Unreal en cours/ICAN_Backrooms/Content/Asset/Props/SHOW_ROOM/PANNEAU.uasset" 4680
"G:/Projets Unreal en cours/ICAN_Backrooms/Content/Asset/Props/SHOW_ROOM/PANNEAU.uexp" 4681
"G:/Projets Unreal en cours/ICAN_Backrooms/Content/Asset/Props/SHOW_ROOM/Metal.uasset" 4682
"G:/Projets Unreal en cours/ICAN_Backrooms/Content/Asset/Props/SHOW_ROOM/Metal.uexp" 4683
"G:/Projets Unreal en cours/ICAN_Backrooms/Content/Asset/Props/SHOW_ROOM/Glow.uasset" 4684
"G:/Projets Unreal en cours/ICAN_Backrooms/Content/Asset/Props/SHOW_ROOM/Glow.uexp" 4685
"G:/Projets Unreal en cours/ICAN_Backrooms/Content/Asset/Props/SHOW_ROOM/Combi.uasset" 4686
"G:/Projets Unreal en cours/ICAN_Backrooms/Content/Asset/Props/SHOW_ROOM/Combi.uexp" 4687
"G:/Projets Unreal en cours/ICAN_Backrooms/Content/Asset/Props/SHOW_ROOM/TEST_MONTRER_PERSO.ubulk" 4688
"G:/Projets Unreal en cours/ICAN_Backrooms/Content/Asset/Props/SHOW_ROOM/TEST_MONTRER_PERSO.uasset" 4689
"G:/Projets Unreal en cours/ICAN_Backrooms/Content/Asset/Props/SHOW_ROOM/TEST_MONTRER_PERSO.uexp" 4690
"G:/Projets Unreal en cours/ICAN_Backrooms/Content/Asset/Props/Bureau/Metal.uasset" 4691
"G:/Projets Unreal en cours/ICAN_Backrooms/Content/Asset/Props/Bureau/Metal.uexp" 4692
"G:/Projets Unreal en cours/ICAN_Backrooms/Content/Asset/Props/SHOW_ROOM/Showroom3.ubulk" 4693
"G:/Projets Unreal en cours/ICAN_Backrooms/Content/Asset/Props/SHOW_ROOM/Showroom3.uasset" 4694
"G:/Projets Unreal en cours/ICAN_Backrooms/Content/Asset/Props/SHOW_ROOM/Showroom3.uexp" 4695
"G:/Projets Unreal en cours/ICAN_Backrooms/Content/Asset/Props/SHOW_ROOM/Showroom2.ubulk" 4696
"G:/Projets Unreal en cours/ICAN_Backrooms/Content/Asset/Props/SHOW_ROOM/Showroom2.uasset" 4697
"G:/Projets Unreal en cours/ICAN_Backrooms/Content/Asset/Props/SHOW_ROOM/Showroom2.uexp" 4698
"G:/Projets Unreal en cours/ICAN_Backrooms/Content/Asset/Props/SHOW_ROOM/Showroom.ubulk" 4699
"G:/Projets Unreal en cours/ICAN_Backrooms/Content/Asset/Props/SHOW_ROOM/Showroom.uasset" 4700
"G:/Projets Unreal en cours/ICAN_Backrooms/Content/Asset/Props/SHOW_ROOM/Showroom.uexp" 4701
"G:/Projets Unreal en cours/ICAN_Backrooms/Content/Asset/Props/OPEN_SPACE/CHAISE_BUREAU/Couleur.uasset" 4702
"G:/Projets Unreal en cours/ICAN_Backrooms/Content/Asset/Props/OPEN_SPACE/CHAISE_BUREAU/Couleur.uexp" 4703
"G:/Projets Unreal en cours/ICAN_Backrooms/Content/Asset/Props/SECURITY_CAM/SECURITY_CAM.ubulk" 4704
"G:/Projets Unreal en cours/ICAN_Backrooms/Content/Asset/Props/SECURITY_CAM/SECURITY_CAM.uasset" 4705
"G:/Projets Unreal en cours/ICAN_Backrooms/Content/Asset/Props/SECURITY_CAM/SECURITY_CAM.uexp" 4706
"G:/Projets Unreal en cours/ICAN_Backrooms/Content/Asset/Props/SCREEN/meme-dog-dogecoin-doge-cryptocur.uasset" 4707
"G:/Projets Unreal en cours/ICAN_Backrooms/Content/Asset/Props/SCREEN/meme-dog-dogecoin-doge-cryptocur.uexp" 4708
"G:/Projets Unreal en cours/ICAN_Backrooms/Content/Asset/Props/SCREEN/SCREEN2.uasset" 4709
"G:/Projets Unreal en cours/ICAN_Backrooms/Content/Asset/Props/SCREEN/SCREEN2.uexp" 4710
"G:/Projets Unreal en cours/ICAN_Backrooms/Content/Asset/Props/SCREEN/TEXT_UV.ubulk" 4711
"G:/Projets Unreal en cours/ICAN_Backrooms/Content/Asset/Props/SCREEN/TEXT_UV.uasset" 4712
"G:/Projets Unreal en cours/ICAN_Backrooms/Content/Asset/Props/SCREEN/TEXT_UV.uexp" 4713
"G:/Projets Unreal en cours/ICAN_Backrooms/Content/Asset/Props/SCREEN/UV.uasset" 4714
"G:/Projets Unreal en cours/ICAN_Backrooms/Content/Asset/Props/SCREEN/UV.uexp" 4715
"G:/Projets Unreal en cours/ICAN_Backrooms/Content/Asset/Props/SCREEN/Chill-guy-meme-9au02y_upscayl_8x_digital-art-4x.uasset" 4716
"G:/Projets Unreal en cours/ICAN_Backrooms/Content/Asset/Props/SCREEN/Chill-guy-meme-9au02y_upscayl_8x_digital-art-4x.uexp" 4717
"G:/Projets Unreal en cours/ICAN_Backrooms/Content/Asset/Props/SCREEN/SCREEN.uasset" 4718
"G:/Projets Unreal en cours/ICAN_Backrooms/Content/Asset/Props/SCREEN/SCREEN.uexp" 4719
"G:/Projets Unreal en cours/ICAN_Backrooms/Content/Asset/Props/SCREEN/SCREEN1.ubulk" 4720
"G:/Projets Unreal en cours/ICAN_Backrooms/Content/Asset/Props/SCREEN/SCREEN1.uasset" 4721
"G:/Projets Unreal en cours/ICAN_Backrooms/Content/Asset/Props/SCREEN/SCREEN1.uexp" 4722
"G:/Projets Unreal en cours/ICAN_Backrooms/Content/Asset/Props/ETAGERE/Metal.uasset" 4723
"G:/Projets Unreal en cours/ICAN_Backrooms/Content/Asset/Props/ETAGERE/Metal.uexp" 4724
"G:/Projets Unreal en cours/ICAN_Backrooms/Content/Asset/Props/PORTE_MANTEAU/FABRIC_1_FRONT_4138.uasset" 4725
"G:/Projets Unreal en cours/ICAN_Backrooms/Content/Asset/Props/PORTE_MANTEAU/FABRIC_1_FRONT_4138.uexp" 4726
"G:/Projets Unreal en cours/ICAN_Backrooms/Content/Asset/Props/PORTE_MANTEAU/PORTE_MANTEAU.ubulk" 4727
"G:/Projets Unreal en cours/ICAN_Backrooms/Content/Asset/Props/PORTE_MANTEAU/PORTE_MANTEAU.uasset" 4728
"G:/Projets Unreal en cours/ICAN_Backrooms/Content/Asset/Props/PORTE_MANTEAU/PORTE_MANTEAU.uexp" 4729
"G:/Projets Unreal en cours/ICAN_Backrooms/Content/Asset/Props/POLICE_TAPE/Tape001_4K-JPG_NormalGL.ubulk" 4730
"G:/Projets Unreal en cours/ICAN_Backrooms/Content/Asset/Props/POLICE_TAPE/Tape001_4K-JPG_NormalGL.uasset" 4731
"G:/Projets Unreal en cours/ICAN_Backrooms/Content/Asset/Props/POLICE_TAPE/Tape001_4K-JPG_NormalGL.uexp" 4732
"G:/Projets Unreal en cours/ICAN_Backrooms/Content/Asset/Props/POLICE_TAPE/Tape001_4K-JPG_Roughness.ubulk" 4733
"G:/Projets Unreal en cours/ICAN_Backrooms/Content/Asset/Props/POLICE_TAPE/Tape001_4K-JPG_Roughness.uasset" 4734
"G:/Projets Unreal en cours/ICAN_Backrooms/Content/Asset/Props/POLICE_TAPE/Tape001_4K-JPG_Roughness.uexp" 4735
"G:/Projets Unreal en cours/ICAN_Backrooms/Content/Asset/Props/POLICE_TAPE/Tape001_4K-JPG_Color.ubulk" 4736
"G:/Projets Unreal en cours/ICAN_Backrooms/Content/Asset/Props/POLICE_TAPE/Tape001_4K-JPG_Color.uasset" 4737
"G:/Projets Unreal en cours/ICAN_Backrooms/Content/Asset/Props/POLICE_TAPE/Tape001_4K-JPG_Color.uexp" 4738
"G:/Projets Unreal en cours/ICAN_Backrooms/Content/Asset/Props/POLICE_TAPE/Tape001_4K-JPG_Opacity.ubulk" 4739
"G:/Projets Unreal en cours/ICAN_Backrooms/Content/Asset/Props/POLICE_TAPE/Tape001_4K-JPG_Opacity.uasset" 4740
"G:/Projets Unreal en cours/ICAN_Backrooms/Content/Asset/Props/POLICE_TAPE/Tape001_4K-JPG_Opacity.uexp" 4741
"G:/Projets Unreal en cours/ICAN_Backrooms/Content/Asset/Props/POLICE_TAPE/Tape001_4K-JPG_Color_Mat.uasset" 4742
"G:/Projets Unreal en cours/ICAN_Backrooms/Content/Asset/Props/POLICE_TAPE/Tape001_4K-JPG_Color_Mat.uexp" 4743
"G:/Projets Unreal en cours/ICAN_Backrooms/Content/Asset/Props/HORLOGE/Couleur.uasset" 4744
"G:/Projets Unreal en cours/ICAN_Backrooms/Content/Asset/Props/HORLOGE/Couleur.uexp" 4745
"G:/Projets Unreal en cours/ICAN_Backrooms/Content/Asset/Props/HORLOGE/Ordure.uasset" 4746
"G:/Projets Unreal en cours/ICAN_Backrooms/Content/Asset/Props/HORLOGE/Ordure.uexp" 4747
"G:/Projets Unreal en cours/ICAN_Backrooms/Content/Asset/Props/HORLOGE/HORLOGE.ubulk" 4748
"G:/Projets Unreal en cours/ICAN_Backrooms/Content/Asset/Props/HORLOGE/HORLOGE.uasset" 4749
"G:/Projets Unreal en cours/ICAN_Backrooms/Content/Asset/Props/HORLOGE/HORLOGE.uexp" 4750
"G:/Projets Unreal en cours/ICAN_Backrooms/Content/Asset/Props/GLITCH_WARNING/WARNING.uasset" 4751
"G:/Projets Unreal en cours/ICAN_Backrooms/Content/Asset/Props/GLITCH_WARNING/WARNING.uexp" 4752
"G:/Projets Unreal en cours/ICAN_Backrooms/Content/Asset/Props/GLITCH_WARNING/WARNING1.uasset" 4753
"G:/Projets Unreal en cours/ICAN_Backrooms/Content/Asset/Props/GLITCH_WARNING/WARNING1.uexp" 4754
"G:/Projets Unreal en cours/ICAN_Backrooms/Content/Asset/Props/GLITCH_WARNING/GLITCH_WARNING.ubulk" 4755
"G:/Projets Unreal en cours/ICAN_Backrooms/Content/Asset/Props/GLITCH_WARNING/GLITCH_WARNING.uasset" 4756
"G:/Projets Unreal en cours/ICAN_Backrooms/Content/Asset/Props/GLITCH_WARNING/GLITCH_WARNING.uexp" 4757
"G:/Projets Unreal en cours/ICAN_Backrooms/Content/Asset/Props/FONTAINE_A_EAU/TEXT_UV.ubulk" 4758
"G:/Projets Unreal en cours/ICAN_Backrooms/Content/Asset/Props/FONTAINE_A_EAU/TEXT_UV.uasset" 4759
"G:/Projets Unreal en cours/ICAN_Backrooms/Content/Asset/Props/FONTAINE_A_EAU/TEXT_UV.uexp" 4760
"G:/Projets Unreal en cours/ICAN_Backrooms/Content/Asset/Props/FONTAINE_A_EAU/UV.uasset" 4761
"G:/Projets Unreal en cours/ICAN_Backrooms/Content/Asset/Props/FONTAINE_A_EAU/UV.uexp" 4762
"G:/Projets Unreal en cours/ICAN_Backrooms/Content/Asset/Props/FONTAINE_A_EAU/FONTAINE_A_EAU.ubulk" 4763
"G:/Projets Unreal en cours/ICAN_Backrooms/Content/Asset/Props/FONTAINE_A_EAU/FONTAINE_A_EAU.uasset" 4764
"G:/Projets Unreal en cours/ICAN_Backrooms/Content/Asset/Props/FONTAINE_A_EAU/FONTAINE_A_EAU.uexp" 4765
"G:/Projets Unreal en cours/ICAN_Backrooms/Content/Asset/Props/ETAGERE/ETAGERE_2.ubulk" 4766
"G:/Projets Unreal en cours/ICAN_Backrooms/Content/Asset/Props/ETAGERE/ETAGERE_2.uasset" 4767
"G:/Projets Unreal en cours/ICAN_Backrooms/Content/Asset/Props/ETAGERE/ETAGERE_2.uexp" 4768
"G:/Projets Unreal en cours/ICAN_Backrooms/Content/Asset/Props/ETAGERE/ETAGERE.ubulk" 4769
"G:/Projets Unreal en cours/ICAN_Backrooms/Content/Asset/Props/ETAGERE/ETAGERE.uasset" 4770
"G:/Projets Unreal en cours/ICAN_Backrooms/Content/Asset/Props/ETAGERE/ETAGERE.uexp" 4771
"G:/Projets Unreal en cours/ICAN_Backrooms/Content/Asset/Props/CASIER/CASIER_SEMI_OUVERT.ubulk" 4772
"G:/Projets Unreal en cours/ICAN_Backrooms/Content/Asset/Props/CASIER/CASIER_SEMI_OUVERT.uasset" 4773
"G:/Projets Unreal en cours/ICAN_Backrooms/Content/Asset/Props/CASIER/CASIER_SEMI_OUVERT.uexp" 4774
"G:/Projets Unreal en cours/ICAN_Backrooms/Content/Asset/Props/CASIER/CASIER_FERME.ubulk" 4775
"G:/Projets Unreal en cours/ICAN_Backrooms/Content/Asset/Props/CASIER/CASIER_FERME.uasset" 4776
"G:/Projets Unreal en cours/ICAN_Backrooms/Content/Asset/Props/CASIER/CASIER_FERME.uexp" 4777
"G:/Projets Unreal en cours/ICAN_Backrooms/Content/Asset/Props/CASIER/CASIER.ubulk" 4778
"G:/Projets Unreal en cours/ICAN_Backrooms/Content/Asset/Props/CASIER/CASIER.uasset" 4779
"G:/Projets Unreal en cours/ICAN_Backrooms/Content/Asset/Props/CASIER/CASIER.uexp" 4780
"G:/Projets Unreal en cours/ICAN_Backrooms/Content/Asset/Props/Bureau/Mug.uasset" 4781
"G:/Projets Unreal en cours/ICAN_Backrooms/Content/Asset/Props/Bureau/Mug.uexp" 4782
"G:/Projets Unreal en cours/ICAN_Backrooms/Content/Asset/Props/Bureau/Bouchon.uasset" 4783
"G:/Projets Unreal en cours/ICAN_Backrooms/Content/Asset/Props/Bureau/Bouchon.uexp" 4784
"G:/Projets Unreal en cours/ICAN_Backrooms/Content/Asset/Props/Bureau/Table.uasset" 4785
"G:/Projets Unreal en cours/ICAN_Backrooms/Content/Asset/Props/Bureau/Table.uexp" 4786
"G:/Projets Unreal en cours/ICAN_Backrooms/Content/Asset/Props/Bureau/Asset_test.ubulk" 4787
"G:/Projets Unreal en cours/ICAN_Backrooms/Content/Asset/Props/Bureau/Asset_test.uasset" 4788
"G:/Projets Unreal en cours/ICAN_Backrooms/Content/Asset/Props/Bureau/Asset_test.uexp" 4789
"G:/Projets Unreal en cours/ICAN_Backrooms/Content/Asset/GRAFITI/CODE/7531_Mat.uasset" 4790
"G:/Projets Unreal en cours/ICAN_Backrooms/Content/Asset/GRAFITI/CODE/7531_Mat.uexp" 4791
"G:/Projets Unreal en cours/ICAN_Backrooms/Content/Asset/Block/SELLING/M_BLOCK_SELLING_LIGHT.uasset" 4792
"G:/Projets Unreal en cours/ICAN_Backrooms/Content/Asset/Block/SELLING/M_BLOCK_SELLING_LIGHT.uexp" 4793
"G:/Projets Unreal en cours/ICAN_Backrooms/Content/Asset/Block/SELLING/BLOCK_LIGHT.ubulk" 4794
"G:/Projets Unreal en cours/ICAN_Backrooms/Content/Asset/Block/SELLING/BLOCK_LIGHT.uasset" 4795
"G:/Projets Unreal en cours/ICAN_Backrooms/Content/Asset/Block/SELLING/BLOCK_LIGHT.uexp" 4796
"G:/Projets Unreal en cours/ICAN_Backrooms/Content/Asset/Block/SELLING/M_BLOCK_SELLING_FULL.uasset" 4797
"G:/Projets Unreal en cours/ICAN_Backrooms/Content/Asset/Block/SELLING/M_BLOCK_SELLING_FULL.uexp" 4798
"G:/Projets Unreal en cours/ICAN_Backrooms/Content/Asset/Block/SELLING/BLOCK_FULL.ubulk" 4799
"G:/Projets Unreal en cours/ICAN_Backrooms/Content/Asset/Block/SELLING/BLOCK_FULL.uasset" 4800
"G:/Projets Unreal en cours/ICAN_Backrooms/Content/Asset/Block/SELLING/BLOCK_FULL.uexp" 4801
"G:/Projets Unreal en cours/ICAN_Backrooms/Content/MetaHumans/Common/Common/Mocap/m_med_nrw_body_mocap.uasset" 4802
"G:/Projets Unreal en cours/ICAN_Backrooms/Content/MetaHumans/Common/Common/Mocap/m_med_nrw_body_mocap.uexp" 4803
"G:/Projets Unreal en cours/ICAN_Backrooms/Content/MATERIAL/BLOCK/SELLING/LIGHT/BLOCK_M_BLOCK_SELLING_LIGHT_Emissive.ubulk" 4804
"G:/Projets Unreal en cours/ICAN_Backrooms/Content/MATERIAL/BLOCK/SELLING/LIGHT/BLOCK_M_BLOCK_SELLING_LIGHT_Emissive.uasset" 4805
"G:/Projets Unreal en cours/ICAN_Backrooms/Content/MATERIAL/BLOCK/SELLING/LIGHT/BLOCK_M_BLOCK_SELLING_LIGHT_Emissive.uexp" 4806
"G:/Projets Unreal en cours/ICAN_Backrooms/Content/MATERIAL/BLOCK/SELLING/LIGHT/BLOCK_M_BLOCK_SELLING_LIGHT_Normal.ubulk" 4807
"G:/Projets Unreal en cours/ICAN_Backrooms/Content/MATERIAL/BLOCK/SELLING/LIGHT/BLOCK_M_BLOCK_SELLING_LIGHT_Normal.uasset" 4808
"G:/Projets Unreal en cours/ICAN_Backrooms/Content/MATERIAL/BLOCK/SELLING/LIGHT/BLOCK_M_BLOCK_SELLING_LIGHT_Normal.uexp" 4809
"G:/Projets Unreal en cours/ICAN_Backrooms/Content/MATERIAL/BLOCK/SELLING/LIGHT/BLOCK_M_BLOCK_SELLING_LIGHT_OcclusionRoughnessMetallic.ubulk" 4810
"G:/Projets Unreal en cours/ICAN_Backrooms/Content/MATERIAL/BLOCK/SELLING/LIGHT/BLOCK_M_BLOCK_SELLING_LIGHT_OcclusionRoughnessMetallic.uasset" 4811
"G:/Projets Unreal en cours/ICAN_Backrooms/Content/MATERIAL/BLOCK/SELLING/LIGHT/BLOCK_M_BLOCK_SELLING_LIGHT_OcclusionRoughnessMetallic.uexp" 4812
"G:/Projets Unreal en cours/ICAN_Backrooms/Content/MATERIAL/BLOCK/SELLING/LIGHT/BLOCK_M_BLOCK_SELLING_LIGHT_BaseColor.ubulk" 4813
"G:/Projets Unreal en cours/ICAN_Backrooms/Content/MATERIAL/BLOCK/SELLING/LIGHT/BLOCK_M_BLOCK_SELLING_LIGHT_BaseColor.uasset" 4814
"G:/Projets Unreal en cours/ICAN_Backrooms/Content/MATERIAL/BLOCK/SELLING/LIGHT/BLOCK_M_BLOCK_SELLING_LIGHT_BaseColor.uexp" 4815
"G:/Projets Unreal en cours/ICAN_Backrooms/Content/MATERIAL/BLOCK/SELLING/LIGHT/BLOCK_M_BLOCK_SELLING_LIGHT_BaseColor_Mat.uasset" 4816
"G:/Projets Unreal en cours/ICAN_Backrooms/Content/MATERIAL/BLOCK/SELLING/LIGHT/BLOCK_M_BLOCK_SELLING_LIGHT_BaseColor_Mat.uexp" 4817
"G:/Projets Unreal en cours/ICAN_Backrooms/Content/MATERIAL/BLOCK/SELLING/LIGHT/BLOCK_M_BLOCK_SELLING_LIGHT_BaseColor_Mat_Inst.uasset" 4818
"G:/Projets Unreal en cours/ICAN_Backrooms/Content/MATERIAL/BLOCK/SELLING/LIGHT/BLOCK_M_BLOCK_SELLING_LIGHT_BaseColor_Mat_Inst.uexp" 4819
"G:/Projets Unreal en cours/ICAN_Backrooms/Content/MATERIAL/BLOCK/SELLING/FULL/BLOCK_M_BLOCK_SELLING_FULL_OcclusionRoughnessMetallic.ubulk" 4820
"G:/Projets Unreal en cours/ICAN_Backrooms/Content/MATERIAL/BLOCK/SELLING/FULL/BLOCK_M_BLOCK_SELLING_FULL_OcclusionRoughnessMetallic.uasset" 4821
"G:/Projets Unreal en cours/ICAN_Backrooms/Content/MATERIAL/BLOCK/SELLING/FULL/BLOCK_M_BLOCK_SELLING_FULL_OcclusionRoughnessMetallic.uexp" 4822
"G:/Projets Unreal en cours/ICAN_Backrooms/Content/MATERIAL/BLOCK/SELLING/FULL/BLOCK_M_BLOCK_SELLING_FULL_BaseColor.ubulk" 4823
"G:/Projets Unreal en cours/ICAN_Backrooms/Content/MATERIAL/BLOCK/SELLING/FULL/BLOCK_M_BLOCK_SELLING_FULL_BaseColor.uasset" 4824
"G:/Projets Unreal en cours/ICAN_Backrooms/Content/MATERIAL/BLOCK/SELLING/FULL/BLOCK_M_BLOCK_SELLING_FULL_BaseColor.uexp" 4825
"G:/Projets Unreal en cours/ICAN_Backrooms/Content/MATERIAL/BLOCK/SELLING/FULL/BLOCK_M_BLOCK_SELLING_FULL_Normal.ubulk" 4826
"G:/Projets Unreal en cours/ICAN_Backrooms/Content/MATERIAL/BLOCK/SELLING/FULL/BLOCK_M_BLOCK_SELLING_FULL_Normal.uasset" 4827
"G:/Projets Unreal en cours/ICAN_Backrooms/Content/MATERIAL/BLOCK/SELLING/FULL/BLOCK_M_BLOCK_SELLING_FULL_Normal.uexp" 4828
"G:/Projets Unreal en cours/ICAN_Backrooms/Content/MATERIAL/BLOCK/SELLING/FULL/BLOCK_M_BLOCK_SELLING_FULL_BaseColor_Mat.uasset" 4829
"G:/Projets Unreal en cours/ICAN_Backrooms/Content/MATERIAL/BLOCK/SELLING/FULL/BLOCK_M_BLOCK_SELLING_FULL_BaseColor_Mat.uexp" 4830
"G:/Projets Unreal en cours/ICAN_Backrooms/Content/Asset/Props/OPEN_SPACE/BUREAU_OPEN_SPACE/Couleur.uasset" 4831
"G:/Projets Unreal en cours/ICAN_Backrooms/Content/Asset/Props/OPEN_SPACE/BUREAU_OPEN_SPACE/Couleur.uexp" 4832
"G:/Projets Unreal en cours/ICAN_Backrooms/Content/Asset/Props/PORTE/PORTE_SIMPLE/PORTE_PORTE.ubulk" 4833
"G:/Projets Unreal en cours/ICAN_Backrooms/Content/Asset/Props/PORTE/PORTE_SIMPLE/PORTE_PORTE.uasset" 4834
"G:/Projets Unreal en cours/ICAN_Backrooms/Content/Asset/Props/PORTE/PORTE_SIMPLE/PORTE_PORTE.uexp" 4835
"G:/Projets Unreal en cours/ICAN_Backrooms/Content/Asset/Props/Bureau/Couleur.uasset" 4836
"G:/Projets Unreal en cours/ICAN_Backrooms/Content/Asset/Props/Bureau/Couleur.uexp" 4837
"G:/Projets Unreal en cours/ICAN_Backrooms/Content/Asset/Props/PORTE/PORTE_SIMPLE/CADRAN_PORTE.ubulk" 4838
"G:/Projets Unreal en cours/ICAN_Backrooms/Content/Asset/Props/PORTE/PORTE_SIMPLE/CADRAN_PORTE.uasset" 4839
"G:/Projets Unreal en cours/ICAN_Backrooms/Content/Asset/Props/PORTE/PORTE_SIMPLE/CADRAN_PORTE.uexp" 4840
"G:/Projets Unreal en cours/ICAN_Backrooms/Content/Asset/Props/OPEN_SPACE/CHAISE_BUREAU/Bouchon.uasset" 4841
"G:/Projets Unreal en cours/ICAN_Backrooms/Content/Asset/Props/OPEN_SPACE/CHAISE_BUREAU/Bouchon.uexp" 4842
"G:/Projets Unreal en cours/ICAN_Backrooms/Content/Asset/Props/OPEN_SPACE/CHAISE_BUREAU/TEXT_UV.ubulk" 4843
"G:/Projets Unreal en cours/ICAN_Backrooms/Content/Asset/Props/OPEN_SPACE/CHAISE_BUREAU/TEXT_UV.uasset" 4844
"G:/Projets Unreal en cours/ICAN_Backrooms/Content/Asset/Props/OPEN_SPACE/CHAISE_BUREAU/TEXT_UV.uexp" 4845
"G:/Projets Unreal en cours/ICAN_Backrooms/Content/Asset/Props/OPEN_SPACE/CHAISE_BUREAU/UV.uasset" 4846
"G:/Projets Unreal en cours/ICAN_Backrooms/Content/Asset/Props/OPEN_SPACE/CHAISE_BUREAU/UV.uexp" 4847
"G:/Projets Unreal en cours/ICAN_Backrooms/Content/Asset/Props/OPEN_SPACE/CHAISE_BUREAU/CHAISE_BUREAU.ubulk" 4848
"G:/Projets Unreal en cours/ICAN_Backrooms/Content/Asset/Props/OPEN_SPACE/CHAISE_BUREAU/CHAISE_BUREAU.uasset" 4849
"G:/Projets Unreal en cours/ICAN_Backrooms/Content/Asset/Props/OPEN_SPACE/CHAISE_BUREAU/CHAISE_BUREAU.uexp" 4850
"G:/Projets Unreal en cours/ICAN_Backrooms/Content/Asset/Props/OPEN_SPACE/BUREAU_OPEN_SPACE/TEXT_UV.ubulk" 4851
"G:/Projets Unreal en cours/ICAN_Backrooms/Content/Asset/Props/OPEN_SPACE/BUREAU_OPEN_SPACE/TEXT_UV.uasset" 4852
"G:/Projets Unreal en cours/ICAN_Backrooms/Content/Asset/Props/OPEN_SPACE/BUREAU_OPEN_SPACE/TEXT_UV.uexp" 4853
"G:/Projets Unreal en cours/ICAN_Backrooms/Content/Asset/Props/OPEN_SPACE/BUREAU_OPEN_SPACE/UV.uasset" 4854
"G:/Projets Unreal en cours/ICAN_Backrooms/Content/Asset/Props/OPEN_SPACE/BUREAU_OPEN_SPACE/UV.uexp" 4855
"G:/Projets Unreal en cours/ICAN_Backrooms/Content/Asset/Props/OPEN_SPACE/BUREAU_OPEN_SPACE/Bouchon.uasset" 4856
"G:/Projets Unreal en cours/ICAN_Backrooms/Content/Asset/Props/OPEN_SPACE/BUREAU_OPEN_SPACE/Bouchon.uexp" 4857
"G:/Projets Unreal en cours/ICAN_Backrooms/Content/Asset/Props/OPEN_SPACE/BUREAU_OPEN_SPACE/BUREAU_OPEN_SPACE.ubulk" 4858
"G:/Projets Unreal en cours/ICAN_Backrooms/Content/Asset/Props/OPEN_SPACE/BUREAU_OPEN_SPACE/BUREAU_OPEN_SPACE.uasset" 4859
"G:/Projets Unreal en cours/ICAN_Backrooms/Content/Asset/Props/OPEN_SPACE/BUREAU_OPEN_SPACE/BUREAU_OPEN_SPACE.uexp" 4860
"G:/Projets Unreal en cours/ICAN_Backrooms/Content/Asset/Props/Itmes/KEY/TEXT_UV.ubulk" 4861
"G:/Projets Unreal en cours/ICAN_Backrooms/Content/Asset/Props/Itmes/KEY/TEXT_UV.uasset" 4862
"G:/Projets Unreal en cours/ICAN_Backrooms/Content/Asset/Props/Itmes/KEY/TEXT_UV.uexp" 4863
"G:/Projets Unreal en cours/ICAN_Backrooms/Content/Asset/Props/Itmes/KEY/UV.uasset" 4864
"G:/Projets Unreal en cours/ICAN_Backrooms/Content/Asset/Props/Itmes/KEY/UV.uexp" 4865
"G:/Projets Unreal en cours/ICAN_Backrooms/Content/Asset/Props/Itmes/KEY/KEY.ubulk" 4866
"G:/Projets Unreal en cours/ICAN_Backrooms/Content/Asset/Props/Itmes/KEY/KEY.uasset" 4867
"G:/Projets Unreal en cours/ICAN_Backrooms/Content/Asset/Props/Itmes/KEY/KEY.uexp" 4868
"../../../Engine/Content/EditorResources/S_Terrain.ubulk" 4869
"../../../Engine/Content/EditorResources/S_Terrain.uasset" 4870
"../../../Engine/Content/EditorResources/S_Terrain.uexp" 4871
"../../../Engine/Content/Functions/Engine_MaterialFunctions02/WorldPositionOffset/V2/ObjectScale.uasset" 4872
"../../../Engine/Content/Functions/Engine_MaterialFunctions02/WorldPositionOffset/V2/ObjectScale.uexp" 4873
"../../../Engine/Content/Functions/Engine_MaterialFunctions02/WorldPositionOffset/ComponentPivotLocation.uasset" 4874
"../../../Engine/Content/Functions/Engine_MaterialFunctions02/WorldPositionOffset/ComponentPivotLocation.uexp" 4875
"../../../Engine/Content/Functions/Engine_MaterialFunctions02/WorldPositionOffset/Sprite.uasset" 4876
"../../../Engine/Content/Functions/Engine_MaterialFunctions02/WorldPositionOffset/Sprite.uexp" 4877
"../../../Engine/Plugins/Experimental/Landmass/Content/Landscape/BlueprintBrushes/Materials/Sprite/M_BrushSprite_01.uasset" 4878
"../../../Engine/Plugins/Experimental/Landmass/Content/Landscape/BlueprintBrushes/Materials/Sprite/M_BrushSprite_01.uexp" 4879
"../../../Engine/Plugins/Experimental/Landmass/Content/Landscape/BlueprintBrushes/MPC/MPC_Landscape.uasset" 4880
"../../../Engine/Plugins/Experimental/Landmass/Content/Landscape/BlueprintBrushes/MPC/MPC_Landscape.uexp" 4881
"../../../Engine/Plugins/Experimental/Landmass/Content/Landscape/BlueprintBrushes/MF/LandmassBrush_UVs.uasset" 4882
"../../../Engine/Plugins/Experimental/Landmass/Content/Landscape/BlueprintBrushes/MF/LandmassBrush_UVs.uexp" 4883
"../../../Engine/Plugins/Experimental/Landmass/Content/Landscape/BlueprintBrushes/MF/LandmassBrush_EdgeFalloff.uasset" 4884
"../../../Engine/Plugins/Experimental/Landmass/Content/Landscape/BlueprintBrushes/MF/LandmassBrush_EdgeFalloff.uexp" 4885
"../../../Engine/Plugins/Experimental/Landmass/Content/Landscape/BlueprintBrushes/MF/PointSampleLandscapeUVs.uasset" 4886
"../../../Engine/Plugins/Experimental/Landmass/Content/Landscape/BlueprintBrushes/MF/PointSampleLandscapeUVs.uexp" 4887
"../../../Engine/Content/Functions/Engine_MaterialFunctions03/Blends/Blend_Screen.uasset" 4888
"../../../Engine/Content/Functions/Engine_MaterialFunctions03/Blends/Blend_Screen.uexp" 4889
"../../../Engine/Content/Functions/Engine_MaterialFunctions03/Procedurals/ComputeFilterWidth.uasset" 4890
"../../../Engine/Content/Functions/Engine_MaterialFunctions03/Procedurals/ComputeFilterWidth.uexp" 4891
"../../../Engine/Content/EditorMaterials/TilingAALineIntegral.uasset" 4892
"../../../Engine/Content/EditorMaterials/TilingAALineIntegral.uexp" 4893
"../../../Engine/Content/EditorMaterials/TilingAALineBoxFiltered.uasset" 4894
"../../../Engine/Content/EditorMaterials/TilingAALineBoxFiltered.uexp" 4895
"../../../Engine/Content/EditorMaterials/TilingAAGrid.uasset" 4896
"../../../Engine/Content/EditorMaterials/TilingAAGrid.uexp" 4897
"../../../Engine/Plugins/Experimental/Landmass/Content/Landscape/OldPrototype_BP/Mats/MF/UnpackRG8Height.uasset" 4898
"../../../Engine/Plugins/Experimental/Landmass/Content/Landscape/OldPrototype_BP/Mats/MF/UnpackRG8Height.uexp" 4899
"../../../Engine/Plugins/Experimental/Landmass/Content/Landscape/BlueprintBrushes/MF/Landmass_BrushTilt.uasset" 4900
"../../../Engine/Plugins/Experimental/Landmass/Content/Landscape/BlueprintBrushes/MF/Landmass_BrushTilt.uexp" 4901
"../../../Engine/Content/ArtTools/RenderToTexture/Textures/T_EV_BlankWhite_01.uasset" 4902
"../../../Engine/Content/ArtTools/RenderToTexture/Textures/T_EV_BlankWhite_01.uexp" 4903
"../../../Engine/Content/Functions/Engine_MaterialFunctions01/ImageAdjustment/SCurve.uasset" 4904
"../../../Engine/Content/Functions/Engine_MaterialFunctions01/ImageAdjustment/SCurve.uexp" 4905
"../../../Engine/Content/EngineResources/Black_Low.uasset" 4906
"../../../Engine/Content/EngineResources/Black_Low.uexp" 4907
"../../../Engine/Plugins/Experimental/Landmass/Content/Landscape/BlueprintBrushes/MF/LandmassBrush_Noise.uasset" 4908
"../../../Engine/Plugins/Experimental/Landmass/Content/Landscape/BlueprintBrushes/MF/LandmassBrush_Noise.uexp" 4909
"../../../Engine/Plugins/Experimental/Landmass/Content/Landscape/BlueprintBrushes/Materials/BrushMaterials/BasicFunctions/LandmassBrush_ShapeMask.uasset" 4910
"../../../Engine/Plugins/Experimental/Landmass/Content/Landscape/BlueprintBrushes/Materials/BrushMaterials/BasicFunctions/LandmassBrush_ShapeMask.uexp" 4911
"../../../Engine/Plugins/Experimental/Landmass/Content/Landscape/BlueprintBrushes/Materials/Internal/BrushBounds.uasset" 4912
"../../../Engine/Plugins/Experimental/Landmass/Content/Landscape/BlueprintBrushes/Materials/Internal/BrushBounds.uexp" 4913
"G:/Projets Unreal en cours/ICAN_Backrooms/Content/MetaHumans/Common/Common/Animation/Retargeting/RTG_MetaHuman_f_tal_nrw.uasset" 4914
"G:/Projets Unreal en cours/ICAN_Backrooms/Content/MetaHumans/Common/Common/Animation/Retargeting/RTG_MetaHuman_f_tal_nrw.uexp" 4915
"G:/Projets Unreal en cours/ICAN_Backrooms/Content/MetaHumans/Common/Common/Animation/Retargeting/ABP_MetaHuman_f_tal_nrw_Retargeting.uasset" 4916
"G:/Projets Unreal en cours/ICAN_Backrooms/Content/MetaHumans/Common/Common/Animation/Retargeting/ABP_MetaHuman_f_tal_nrw_Retargeting.uexp" 4917
"G:/Projets Unreal en cours/ICAN_Backrooms/Content/Blueprints/Puzzle/Puzzle/Paint/ASSET/laban_toile.uasset" 4918
"G:/Projets Unreal en cours/ICAN_Backrooms/Content/Blueprints/Puzzle/Puzzle/Paint/ASSET/laban_toile.uexp" 4919
"G:/Projets Unreal en cours/ICAN_Backrooms/Content/Blueprints/Puzzle/Puzzle/Paint/ASSET/laban_toile1.uasset" 4920
"G:/Projets Unreal en cours/ICAN_Backrooms/Content/Blueprints/Puzzle/Puzzle/Paint/ASSET/laban_toile1.uexp" 4921
"G:/Projets Unreal en cours/ICAN_Backrooms/Content/Blueprints/Puzzle/Puzzle/Paint/ASSET/Paint2.ubulk" 4922
"G:/Projets Unreal en cours/ICAN_Backrooms/Content/Blueprints/Puzzle/Puzzle/Paint/ASSET/Paint2.uasset" 4923
"G:/Projets Unreal en cours/ICAN_Backrooms/Content/Blueprints/Puzzle/Puzzle/Paint/ASSET/Paint2.uexp" 4924
"G:/Projets Unreal en cours/ICAN_Backrooms/Content/Blueprints/Puzzle/Puzzle/Paint/ASSET/2902a5fc8934f1bf1e40aef0b9420412.uasset" 4925
"G:/Projets Unreal en cours/ICAN_Backrooms/Content/Blueprints/Puzzle/Puzzle/Paint/ASSET/2902a5fc8934f1bf1e40aef0b9420412.uexp" 4926
"G:/Projets Unreal en cours/ICAN_Backrooms/Content/Blueprints/Puzzle/Puzzle/Paint/ASSET/2902a5fc8934f1bf1e40aef0b94204121.uasset" 4927
"G:/Projets Unreal en cours/ICAN_Backrooms/Content/Blueprints/Puzzle/Puzzle/Paint/ASSET/2902a5fc8934f1bf1e40aef0b94204121.uexp" 4928
"G:/Projets Unreal en cours/ICAN_Backrooms/Content/Blueprints/Puzzle/Puzzle/Paint/ASSET/Paint.ubulk" 4929
"G:/Projets Unreal en cours/ICAN_Backrooms/Content/Blueprints/Puzzle/Puzzle/Paint/ASSET/Paint.uasset" 4930
"G:/Projets Unreal en cours/ICAN_Backrooms/Content/Blueprints/Puzzle/Puzzle/Paint/ASSET/Paint.uexp" 4931
"G:/Projets Unreal en cours/ICAN_Backrooms/Content/Blueprints/ScriptedEventTriggers/Sequencers/SEQ_EnemyTest.uasset" 4932
"G:/Projets Unreal en cours/ICAN_Backrooms/Content/Blueprints/ScriptedEventTriggers/Sequencers/SEQ_EnemyTest.uexp" 4933
"G:/Projets Unreal en cours/ICAN_Backrooms/Content/Blueprints/ScriptedEventTriggers/Sequencers/SEQ_Test.uasset" 4934
"G:/Projets Unreal en cours/ICAN_Backrooms/Content/Blueprints/ScriptedEventTriggers/Sequencers/SEQ_Test.uexp" 4935
"G:/Projets Unreal en cours/ICAN_Backrooms/Content/Characters/Paragon/Heroes/TwinBlast/Rigs/IK_TwinBlast_Retarget.uasset" 4936
"G:/Projets Unreal en cours/ICAN_Backrooms/Content/Characters/Paragon/Heroes/TwinBlast/Rigs/IK_TwinBlast_Retarget.uexp" 4937
"G:/Projets Unreal en cours/ICAN_Backrooms/Content/MetaHumans/Common/Common/Animation/Retargeting/IK_MetaHuman_f_tal_nrw.uasset" 4938
"G:/Projets Unreal en cours/ICAN_Backrooms/Content/MetaHumans/Common/Common/Animation/Retargeting/IK_MetaHuman_f_tal_nrw.uexp" 4939
"G:/Projets Unreal en cours/ICAN_Backrooms/Content/MetaHumans/Common/Common/Rigs/IK_Metahuman_Retarget.uasset" 4940
"G:/Projets Unreal en cours/ICAN_Backrooms/Content/MetaHumans/Common/Common/Rigs/IK_Metahuman_Retarget.uexp" 4941
"G:/Projets Unreal en cours/ICAN_Backrooms/Content/Characters/Echo/Rigs/IK_Echo_Retarget.uasset" 4942
"G:/Projets Unreal en cours/ICAN_Backrooms/Content/Characters/Echo/Rigs/IK_Echo_Retarget.uexp" 4943
"G:/Projets Unreal en cours/ICAN_Backrooms/Content/Characters/UE4_Mannequin/Rigs/IK_UE4_Mannequin_Retarget.uasset" 4944
"G:/Projets Unreal en cours/ICAN_Backrooms/Content/Characters/UE4_Mannequin/Rigs/IK_UE4_Mannequin_Retarget.uexp" 4945
"G:/Projets Unreal en cours/ICAN_Backrooms/Content/Characters/UE5_Mannequins/Rigs/IK_UE5_Mannequin_Retarget.uasset" 4946
"G:/Projets Unreal en cours/ICAN_Backrooms/Content/Characters/UE5_Mannequins/Rigs/IK_UE5_Mannequin_Retarget.uexp" 4947
"G:/Projets Unreal en cours/ICAN_Backrooms/Content/Characters/UEFN_Mannequin/Rigs/IK_UEFN_Mannequin.uasset" 4948
"G:/Projets Unreal en cours/ICAN_Backrooms/Content/Characters/UEFN_Mannequin/Rigs/IK_UEFN_Mannequin.uexp" 4949
"../../../Engine/Content/EngineResources/LandscapeVisibilityLayerInfo.uasset" 4950
"../../../Engine/Content/EngineResources/LandscapeVisibilityLayerInfo.uexp" 4951
"../../../Engine/Plugins/Animation/DeformerGraph/Content/DeformerFunctions/DG_Function_ComputeNormalsTangents.uasset" 4952
"../../../Engine/Plugins/Animation/DeformerGraph/Content/DeformerFunctions/DG_Function_ComputeNormalsTangents.uexp" 4953
"../../../Engine/Plugins/Animation/DeformerGraph/Content/DeformerFunctions/DG_Function_LinearBlendSkin_Morph_Cloth.uasset" 4954
"../../../Engine/Plugins/Animation/DeformerGraph/Content/DeformerFunctions/DG_Function_LinearBlendSkin_Morph_Cloth.uexp" 4955
"../../../Engine/Plugins/Animation/DeformerGraph/Content/DeformerFunctions/DG_Function_LinearBlendSkin_Morph_Cloth_PositionOnly.uasset" 4956
"../../../Engine/Plugins/Animation/DeformerGraph/Content/DeformerFunctions/DG_Function_LinearBlendSkin_Morph_Cloth_PositionOnly.uexp" 4957
"../../../Engine/Plugins/Animation/DeformerGraph/Content/Deformers/DG_LinearBlendSkin_Morph_Cloth.uasset" 4958
"../../../Engine/Plugins/Animation/DeformerGraph/Content/Deformers/DG_LinearBlendSkin_Morph_Cloth.uexp" 4959
"../../../Engine/Plugins/Animation/DeformerGraph/Content/Deformers/DG_LinearBlendSkin_Morph_Cloth_RecomputeNormals.uasset" 4960
"../../../Engine/Plugins/Animation/DeformerGraph/Content/Deformers/DG_LinearBlendSkin_Morph_Cloth_RecomputeNormals.uexp" 4961
"../../../Engine/Plugins/NNE/NNEDenoiser/Content/NNEDT_Oidn2-3_Balanced.uasset" 4962
"../../../Engine/Plugins/NNE/NNEDenoiser/Content/NNEDT_Oidn2-3_Balanced.uexp" 4963
"../../../Engine/Plugins/NNE/NNEDenoiser/Content/NNEDT_Oidn2-3_Balanced_Alpha.uasset" 4964
"../../../Engine/Plugins/NNE/NNEDenoiser/Content/NNEDT_Oidn2-3_Balanced_Alpha.uexp" 4965
"../../../Engine/Plugins/NNE/NNEDenoiser/Content/NNED_Oidn2-3_Balanced.uasset" 4966
"../../../Engine/Plugins/NNE/NNEDenoiser/Content/NNED_Oidn2-3_Balanced.uexp" 4967
"../../../Engine/Plugins/NNE/NNEDenoiser/Content/NNED_Oidn2-3_Balanced_Alpha.uasset" 4968
"../../../Engine/Plugins/NNE/NNEDenoiser/Content/NNED_Oidn2-3_Balanced_Alpha.uexp" 4969
"../../../Engine/Plugins/NNE/NNEDenoiser/Content/NNED_Oidn2-3_Fast.uasset" 4970
"../../../Engine/Plugins/NNE/NNEDenoiser/Content/NNED_Oidn2-3_Fast.uexp" 4971
"../../../Engine/Plugins/NNE/NNEDenoiser/Content/NNED_Oidn2-3_Fast_Alpha.uasset" 4972
"../../../Engine/Plugins/NNE/NNEDenoiser/Content/NNED_Oidn2-3_Fast_Alpha.uexp" 4973
"../../../Engine/Plugins/NNE/NNEDenoiser/Content/NNED_Oidn2-3_HighQuality.uasset" 4974
"../../../Engine/Plugins/NNE/NNEDenoiser/Content/NNED_Oidn2-3_HighQuality.uexp" 4975
"../../../Engine/Plugins/NNE/NNEDenoiser/Content/NNED_Oidn2-3_HighQuality_Alpha.uasset" 4976
"../../../Engine/Plugins/NNE/NNEDenoiser/Content/NNED_Oidn2-3_HighQuality_Alpha.uexp" 4977
"../../../Engine/Plugins/NNE/NNEDenoiser/Content/NNE_oidn2-3-0_rt_hdr_alb_nrm_small__dyn__fp16_opset11_DenoiseAlpha.uasset" 4978
"../../../Engine/Plugins/NNE/NNEDenoiser/Content/NNE_oidn2-3-0_rt_hdr_alb_nrm_small__dyn__fp16_opset11_DenoiseAlpha.uexp" 4979
"../../../Engine/Plugins/NNE/NNEDenoiser/Content/NNE_oidn2-3-0_rt_hdr_alb_nrm_small__dyn__fp16_opset11_ForwardAlpha.uasset" 4980
"../../../Engine/Plugins/NNE/NNEDenoiser/Content/NNE_oidn2-3-0_rt_hdr_alb_nrm_small__dyn__fp16_opset11_ForwardAlpha.uexp" 4981
"../../../Engine/Plugins/NNE/NNEDenoiser/Content/NNE_oidn2-3-0_rt_hdr_alb_nrm__dyn__fp16_opset11_DenoiseAlpha.uasset" 4982
"../../../Engine/Plugins/NNE/NNEDenoiser/Content/NNE_oidn2-3-0_rt_hdr_alb_nrm__dyn__fp16_opset11_DenoiseAlpha.uexp" 4983
"../../../Engine/Plugins/NNE/NNEDenoiser/Content/NNE_oidn2-3-0_rt_hdr_alb_nrm__dyn__fp16_opset11_ForwardAlpha.uasset" 4984
"../../../Engine/Plugins/NNE/NNEDenoiser/Content/NNE_oidn2-3-0_rt_hdr_alb_nrm__dyn__fp16_opset11_ForwardAlpha.uexp" 4985
"../../../Engine/Plugins/NNE/NNEDenoiser/Content/NNE_oidn2-3-0_rt_hdr_calb_cnrm_large__dyn__fp16_opset11_DenoiseAlpha.uasset" 4986
"../../../Engine/Plugins/NNE/NNEDenoiser/Content/NNE_oidn2-3-0_rt_hdr_calb_cnrm_large__dyn__fp16_opset11_DenoiseAlpha.uexp" 4987
"../../../Engine/Plugins/NNE/NNEDenoiser/Content/NNE_oidn2-3-0_rt_hdr_calb_cnrm_large__dyn__fp16_opset11_ForwardAlpha.uasset" 4988
"../../../Engine/Plugins/NNE/NNEDenoiser/Content/NNE_oidn2-3-0_rt_hdr_calb_cnrm_large__dyn__fp16_opset11_ForwardAlpha.uexp" 4989
"../../../Engine/Plugins/Runtime/HairStrands/Content/Materials/NiagaraHairMaterial.uasset" 4990
"../../../Engine/Plugins/Runtime/HairStrands/Content/Materials/NiagaraHairMaterial.uexp" 4991
"../../../Engine/Plugins/Runtime/HairStrands/Content/Emitters/StableRodsSystem.uasset" 4992
"../../../Engine/Plugins/Runtime/HairStrands/Content/Emitters/StableRodsSystem.uexp" 4993
"../../../Engine/Plugins/Runtime/HairStrands/Content/Emitters/StableSpringsSystem.uasset" 4994
"../../../Engine/Plugins/Runtime/HairStrands/Content/Emitters/StableSpringsSystem.uexp" 4995
"G:/Projets Unreal en cours/ICAN_Backrooms/Content/Characters/UE4_Mannequin/Meshes/SK_UE4_Mannequin.uasset" 4996
"G:/Projets Unreal en cours/ICAN_Backrooms/Content/Characters/UE4_Mannequin/Meshes/SK_UE4_Mannequin.uexp" 4997
"G:/Projets Unreal en cours/ICAN_Backrooms/Content/Characters/UE4_Mannequin/Materials/MaterialLayers/ML_Plastic_Shiny_Beige.uasset" 4998
"G:/Projets Unreal en cours/ICAN_Backrooms/Content/Characters/UE4_Mannequin/Materials/MaterialLayers/ML_Plastic_Shiny_Beige.uexp" 4999
"G:/Projets Unreal en cours/ICAN_Backrooms/Content/Characters/UE4_Mannequin/Materials/MaterialLayers/T_ML_Aluminum01_N.ubulk" 5000
"G:/Projets Unreal en cours/ICAN_Backrooms/Content/Characters/UE4_Mannequin/Materials/MaterialLayers/T_ML_Aluminum01_N.uasset" 5001
"G:/Projets Unreal en cours/ICAN_Backrooms/Content/Characters/UE4_Mannequin/Materials/MaterialLayers/T_ML_Aluminum01_N.uexp" 5002
"G:/Projets Unreal en cours/ICAN_Backrooms/Content/Characters/UE4_Mannequin/Materials/MaterialLayers/T_ML_Aluminum01.ubulk" 5003
"G:/Projets Unreal en cours/ICAN_Backrooms/Content/Characters/UE4_Mannequin/Materials/MaterialLayers/T_ML_Aluminum01.uasset" 5004
"G:/Projets Unreal en cours/ICAN_Backrooms/Content/Characters/UE4_Mannequin/Materials/MaterialLayers/T_ML_Aluminum01.uexp" 5005
"G:/Projets Unreal en cours/ICAN_Backrooms/Content/Characters/UE4_Mannequin/Materials/MaterialLayers/ML_SoftMetal_UE4.uasset" 5006
"G:/Projets Unreal en cours/ICAN_Backrooms/Content/Characters/UE4_Mannequin/Materials/MaterialLayers/ML_SoftMetal_UE4.uexp" 5007
"G:/Projets Unreal en cours/ICAN_Backrooms/Content/Characters/UE4_Mannequin/Materials/MaterialLayers/T_ML_Rubber_Blue_01_D.ubulk" 5008
"G:/Projets Unreal en cours/ICAN_Backrooms/Content/Characters/UE4_Mannequin/Materials/MaterialLayers/T_ML_Rubber_Blue_01_D.uasset" 5009
"G:/Projets Unreal en cours/ICAN_Backrooms/Content/Characters/UE4_Mannequin/Materials/MaterialLayers/T_ML_Rubber_Blue_01_D.uexp" 5010
"G:/Projets Unreal en cours/ICAN_Backrooms/Content/Characters/UE4_Mannequin/Textures/UE4_Mannequin__normals.ubulk" 5011
"G:/Projets Unreal en cours/ICAN_Backrooms/Content/Characters/UE4_Mannequin/Textures/UE4_Mannequin__normals.uasset" 5012
"G:/Projets Unreal en cours/ICAN_Backrooms/Content/Characters/UE4_Mannequin/Textures/UE4_Mannequin__normals.uexp" 5013
"../../../Engine/Content/Functions/MaterialLayerFunctions/MatLayerBlend_NormalBlend.uasset" 5014
"../../../Engine/Content/Functions/MaterialLayerFunctions/MatLayerBlend_NormalBlend.uexp" 5015
"G:/Projets Unreal en cours/ICAN_Backrooms/Content/Characters/UE4_Mannequin/Textures/UE4_LOGO_CARD.ubulk" 5016
"G:/Projets Unreal en cours/ICAN_Backrooms/Content/Characters/UE4_Mannequin/Textures/UE4_LOGO_CARD.uasset" 5017
"G:/Projets Unreal en cours/ICAN_Backrooms/Content/Characters/UE4_Mannequin/Textures/UE4_LOGO_CARD.uexp" 5018
"G:/Projets Unreal en cours/ICAN_Backrooms/Content/Characters/UE4_Mannequin/Materials/MaterialLayers/ML_Plastic_Shiny_Beige_LOGO.uasset" 5019
"G:/Projets Unreal en cours/ICAN_Backrooms/Content/Characters/UE4_Mannequin/Materials/MaterialLayers/ML_Plastic_Shiny_Beige_LOGO.uexp" 5020
"G:/Projets Unreal en cours/ICAN_Backrooms/Content/Characters/UE4_Mannequin/Textures/UE4_Mannequin_occlusion.ubulk" 5021
"G:/Projets Unreal en cours/ICAN_Backrooms/Content/Characters/UE4_Mannequin/Textures/UE4_Mannequin_occlusion.uasset" 5022
"G:/Projets Unreal en cours/ICAN_Backrooms/Content/Characters/UE4_Mannequin/Textures/UE4_Mannequin_occlusion.uexp" 5023
"G:/Projets Unreal en cours/ICAN_Backrooms/Content/Characters/UE4_Mannequin/Materials/MaterialLayers/T_ML_Rubber_Blue_01_N.ubulk" 5024
"G:/Projets Unreal en cours/ICAN_Backrooms/Content/Characters/UE4_Mannequin/Materials/MaterialLayers/T_ML_Rubber_Blue_01_N.uasset" 5025
"G:/Projets Unreal en cours/ICAN_Backrooms/Content/Characters/UE4_Mannequin/Materials/MaterialLayers/T_ML_Rubber_Blue_01_N.uexp" 5026
"G:/Projets Unreal en cours/ICAN_Backrooms/Content/Characters/UE4_Mannequin/Materials/MaterialLayers/ML_GlossyBlack_Latex_UE4.uasset" 5027
"G:/Projets Unreal en cours/ICAN_Backrooms/Content/Characters/UE4_Mannequin/Materials/MaterialLayers/ML_GlossyBlack_Latex_UE4.uexp" 5028
"../../../Engine/Content/Functions/MaterialLayerFunctions/MatLayerBlend_Simple.uasset" 5029
"../../../Engine/Content/Functions/MaterialLayerFunctions/MatLayerBlend_Simple.uexp" 5030
"../../../Engine/Content/Functions/MaterialLayerFunctions/MatLayerBlend_AO.uasset" 5031
"../../../Engine/Content/Functions/MaterialLayerFunctions/MatLayerBlend_AO.uexp" 5032
"G:/Projets Unreal en cours/ICAN_Backrooms/Content/Characters/UE4_Mannequin/Textures/UE4_Mannequin_MAT_MASKA.ubulk" 5033
"G:/Projets Unreal en cours/ICAN_Backrooms/Content/Characters/UE4_Mannequin/Textures/UE4_Mannequin_MAT_MASKA.uasset" 5034
"G:/Projets Unreal en cours/ICAN_Backrooms/Content/Characters/UE4_Mannequin/Textures/UE4_Mannequin_MAT_MASKA.uexp" 5035
"G:/Projets Unreal en cours/ICAN_Backrooms/Content/Characters/UE4_Mannequin/Materials/M_UE4_Mannequin_Body.uasset" 5036
"G:/Projets Unreal en cours/ICAN_Backrooms/Content/Characters/UE4_Mannequin/Materials/M_UE4_Mannequin_Body.uexp" 5037
"G:/Projets Unreal en cours/ICAN_Backrooms/Content/Characters/UE4_Mannequin/Textures/UE4Man_Logo_N.ubulk" 5038
"G:/Projets Unreal en cours/ICAN_Backrooms/Content/Characters/UE4_Mannequin/Textures/UE4Man_Logo_N.uasset" 5039
"G:/Projets Unreal en cours/ICAN_Backrooms/Content/Characters/UE4_Mannequin/Textures/UE4Man_Logo_N.uexp" 5040
"G:/Projets Unreal en cours/ICAN_Backrooms/Content/Characters/UE4_Mannequin/Materials/MI_UE4_Mannequin_ChestLogo.uasset" 5041
"G:/Projets Unreal en cours/ICAN_Backrooms/Content/Characters/UE4_Mannequin/Materials/MI_UE4_Mannequin_ChestLogo.uexp" 5042
"G:/Projets Unreal en cours/ICAN_Backrooms/Content/Characters/UE4_Mannequin/Rigs/PA_UE4_Mannequin.uasset" 5043
"G:/Projets Unreal en cours/ICAN_Backrooms/Content/Characters/UE4_Mannequin/Rigs/PA_UE4_Mannequin.uexp" 5044
"G:/Projets Unreal en cours/ICAN_Backrooms/Content/Characters/UE4_Mannequin/Meshes/SKM_UE4_Mannequin.uasset" 5045
"G:/Projets Unreal en cours/ICAN_Backrooms/Content/Characters/UE4_Mannequin/Meshes/SKM_UE4_Mannequin.uexp" 5046
"G:/Projets Unreal en cours/ICAN_Backrooms/Content/Blueprints/RetargetedCharacters/CBP_SandboxCharacter_UE4_Mannequin.uasset" 5047
"G:/Projets Unreal en cours/ICAN_Backrooms/Content/Blueprints/RetargetedCharacters/CBP_SandboxCharacter_UE4_Mannequin.uexp" 5048
"G:/Projets Unreal en cours/ICAN_Backrooms/Content/Characters/UE5_Mannequins/Textures/Quinn/T_Quinn_02ID_Tan.ubulk" 5049
"G:/Projets Unreal en cours/ICAN_Backrooms/Content/Characters/UE5_Mannequins/Textures/Quinn/T_Quinn_02ID_Tan.uasset" 5050
"G:/Projets Unreal en cours/ICAN_Backrooms/Content/Characters/UE5_Mannequins/Textures/Quinn/T_Quinn_02ID_Tan.uexp" 5051
"G:/Projets Unreal en cours/ICAN_Backrooms/Content/Characters/UE5_Mannequins/Textures/Quinn/T_Quinn_02ID_D.ubulk" 5052
"G:/Projets Unreal en cours/ICAN_Backrooms/Content/Characters/UE5_Mannequins/Textures/Quinn/T_Quinn_02ID_D.uasset" 5053
"G:/Projets Unreal en cours/ICAN_Backrooms/Content/Characters/UE5_Mannequins/Textures/Quinn/T_Quinn_02ID_D.uexp" 5054
"G:/Projets Unreal en cours/ICAN_Backrooms/Content/Characters/UE5_Mannequins/Textures/Quinn/T_Quinn_02ID_MSR_MSK.ubulk" 5055
"G:/Projets Unreal en cours/ICAN_Backrooms/Content/Characters/UE5_Mannequins/Textures/Quinn/T_Quinn_02ID_MSR_MSK.uasset" 5056
"G:/Projets Unreal en cours/ICAN_Backrooms/Content/Characters/UE5_Mannequins/Textures/Quinn/T_Quinn_02ID_MSR_MSK.uexp" 5057
"G:/Projets Unreal en cours/ICAN_Backrooms/Content/Characters/UE5_Mannequins/Textures/Quinn/T_Quinn_02_ASAOMASK_MSK.ubulk" 5058
"G:/Projets Unreal en cours/ICAN_Backrooms/Content/Characters/UE5_Mannequins/Textures/Quinn/T_Quinn_02_ASAOMASK_MSK.uasset" 5059
"G:/Projets Unreal en cours/ICAN_Backrooms/Content/Characters/UE5_Mannequins/Textures/Quinn/T_Quinn_02_ASAOMASK_MSK.uexp" 5060
"G:/Projets Unreal en cours/ICAN_Backrooms/Content/Characters/UE5_Mannequins/Textures/Quinn/T_Quinn_02_CCRCCPlastic_MSK.ubulk" 5061
"G:/Projets Unreal en cours/ICAN_Backrooms/Content/Characters/UE5_Mannequins/Textures/Quinn/T_Quinn_02_CCRCCPlastic_MSK.uasset" 5062
"G:/Projets Unreal en cours/ICAN_Backrooms/Content/Characters/UE5_Mannequins/Textures/Quinn/T_Quinn_02_CCRCCPlastic_MSK.uexp" 5063
"G:/Projets Unreal en cours/ICAN_Backrooms/Content/Characters/UE5_Mannequins/Textures/Quinn/T_Quinn_02ID_N.ubulk" 5064
"G:/Projets Unreal en cours/ICAN_Backrooms/Content/Characters/UE5_Mannequins/Textures/Quinn/T_Quinn_02ID_N.uasset" 5065
"G:/Projets Unreal en cours/ICAN_Backrooms/Content/Characters/UE5_Mannequins/Textures/Quinn/T_Quinn_02ID_N.uexp" 5066
"G:/Projets Unreal en cours/ICAN_Backrooms/Content/Characters/UE5_Mannequins/Textures/Quinn/T_Quinn_02ID_BN.ubulk" 5067
"G:/Projets Unreal en cours/ICAN_Backrooms/Content/Characters/UE5_Mannequins/Textures/Quinn/T_Quinn_02ID_BN.uasset" 5068
"G:/Projets Unreal en cours/ICAN_Backrooms/Content/Characters/UE5_Mannequins/Textures/Quinn/T_Quinn_02ID_BN.uexp" 5069
"G:/Projets Unreal en cours/ICAN_Backrooms/Content/Characters/UE5_Mannequins/Textures/Quinn/T_Quinn_01ID_N.ubulk" 5070
"G:/Projets Unreal en cours/ICAN_Backrooms/Content/Characters/UE5_Mannequins/Textures/Quinn/T_Quinn_01ID_N.uasset" 5071
"G:/Projets Unreal en cours/ICAN_Backrooms/Content/Characters/UE5_Mannequins/Textures/Quinn/T_Quinn_01ID_N.uexp" 5072
"G:/Projets Unreal en cours/ICAN_Backrooms/Content/Characters/UE5_Mannequins/Textures/Quinn/T_Quinn_01_ASAOMASK_MSK.ubulk" 5073
"G:/Projets Unreal en cours/ICAN_Backrooms/Content/Characters/UE5_Mannequins/Textures/Quinn/T_Quinn_01_ASAOMASK_MSK.uasset" 5074
"G:/Projets Unreal en cours/ICAN_Backrooms/Content/Characters/UE5_Mannequins/Textures/Quinn/T_Quinn_01_ASAOMASK_MSK.uexp" 5075
"G:/Projets Unreal en cours/ICAN_Backrooms/Content/Characters/UE5_Mannequins/Textures/Quinn/T_Quinn_01ID_D.ubulk" 5076
"G:/Projets Unreal en cours/ICAN_Backrooms/Content/Characters/UE5_Mannequins/Textures/Quinn/T_Quinn_01ID_D.uasset" 5077
"G:/Projets Unreal en cours/ICAN_Backrooms/Content/Characters/UE5_Mannequins/Textures/Quinn/T_Quinn_01ID_D.uexp" 5078
"G:/Projets Unreal en cours/ICAN_Backrooms/Content/Characters/UE5_Mannequins/Textures/Quinn/T_Quinn_01_CCRCCPlastic_MSK.ubulk" 5079
"G:/Projets Unreal en cours/ICAN_Backrooms/Content/Characters/UE5_Mannequins/Textures/Quinn/T_Quinn_01_CCRCCPlastic_MSK.uasset" 5080
"G:/Projets Unreal en cours/ICAN_Backrooms/Content/Characters/UE5_Mannequins/Textures/Quinn/T_Quinn_01_CCRCCPlastic_MSK.uexp" 5081
"G:/Projets Unreal en cours/ICAN_Backrooms/Content/Characters/UE5_Mannequins/Textures/Quinn/T_Quinn_01ID_BN.ubulk" 5082
"G:/Projets Unreal en cours/ICAN_Backrooms/Content/Characters/UE5_Mannequins/Textures/Quinn/T_Quinn_01ID_BN.uasset" 5083
"G:/Projets Unreal en cours/ICAN_Backrooms/Content/Characters/UE5_Mannequins/Textures/Quinn/T_Quinn_01ID_BN.uexp" 5084
"G:/Projets Unreal en cours/ICAN_Backrooms/Content/Characters/UE5_Mannequins/Textures/Quinn/T_Quinn_01ID_MSR_MSK.ubulk" 5085
"G:/Projets Unreal en cours/ICAN_Backrooms/Content/Characters/UE5_Mannequins/Textures/Quinn/T_Quinn_01ID_MSR_MSK.uasset" 5086
"G:/Projets Unreal en cours/ICAN_Backrooms/Content/Characters/UE5_Mannequins/Textures/Quinn/T_Quinn_01ID_MSR_MSK.uexp" 5087
"G:/Projets Unreal en cours/ICAN_Backrooms/Content/Characters/UE5_Mannequins/Textures/Quinn/T_Quinn_01ID_Tan.ubulk" 5088
"G:/Projets Unreal en cours/ICAN_Backrooms/Content/Characters/UE5_Mannequins/Textures/Quinn/T_Quinn_01ID_Tan.uasset" 5089
"G:/Projets Unreal en cours/ICAN_Backrooms/Content/Characters/UE5_Mannequins/Textures/Quinn/T_Quinn_01ID_Tan.uexp" 5090
"G:/Projets Unreal en cours/ICAN_Backrooms/Content/Characters/UE5_Mannequins/Materials/Instances/Quinn/MI_Quinn_01.uasset" 5091
"G:/Projets Unreal en cours/ICAN_Backrooms/Content/Characters/UE5_Mannequins/Materials/Instances/Quinn/MI_Quinn_01.uexp" 5092
"G:/Projets Unreal en cours/ICAN_Backrooms/Content/Characters/UE5_Mannequins/Materials/Instances/Quinn/MI_Quinn_02.uasset" 5093
"G:/Projets Unreal en cours/ICAN_Backrooms/Content/Characters/UE5_Mannequins/Materials/Instances/Quinn/MI_Quinn_02.uexp" 5094
"G:/Projets Unreal en cours/ICAN_Backrooms/Content/Characters/UE5_Mannequins/Meshes/SKM_Quinn_Simple.uasset" 5095
"G:/Projets Unreal en cours/ICAN_Backrooms/Content/Characters/UE5_Mannequins/Meshes/SKM_Quinn_Simple.uexp" 5096
"G:/Projets Unreal en cours/ICAN_Backrooms/Content/Blueprints/RetargetedCharacters/CBP_SandboxCharacter_Quinn.uasset" 5097
"G:/Projets Unreal en cours/ICAN_Backrooms/Content/Blueprints/RetargetedCharacters/CBP_SandboxCharacter_Quinn.uexp" 5098
"G:/Projets Unreal en cours/ICAN_Backrooms/Content/MetaHumans/Kellan/Materials/MI_Hair2.uasset" 5099
"G:/Projets Unreal en cours/ICAN_Backrooms/Content/MetaHumans/Kellan/Materials/MI_Hair2.uexp" 5100
"G:/Projets Unreal en cours/ICAN_Backrooms/Content/MetaHumans/Kellan/Body/Textures/T_Feet_BaseColor.ubulk" 5101
"G:/Projets Unreal en cours/ICAN_Backrooms/Content/MetaHumans/Kellan/Body/Textures/T_Feet_BaseColor.uasset" 5102
"G:/Projets Unreal en cours/ICAN_Backrooms/Content/MetaHumans/Kellan/Body/Textures/T_Feet_BaseColor.uexp" 5103
"G:/Projets Unreal en cours/ICAN_Backrooms/Content/MetaHumans/Kellan/Body/Textures/T_Feet_Normal.ubulk" 5104
"G:/Projets Unreal en cours/ICAN_Backrooms/Content/MetaHumans/Kellan/Body/Textures/T_Feet_Normal.uasset" 5105
"G:/Projets Unreal en cours/ICAN_Backrooms/Content/MetaHumans/Kellan/Body/Textures/T_Feet_Normal.uexp" 5106
"G:/Projets Unreal en cours/ICAN_Backrooms/Content/MetaHumans/Kellan/Body/Textures/T_Feet_Specular.ubulk" 5107
"G:/Projets Unreal en cours/ICAN_Backrooms/Content/MetaHumans/Kellan/Body/Textures/T_Feet_Specular.uasset" 5108
"G:/Projets Unreal en cours/ICAN_Backrooms/Content/MetaHumans/Kellan/Body/Textures/T_Feet_Specular.uexp" 5109
"G:/Projets Unreal en cours/ICAN_Backrooms/Content/MetaHumans/Kellan/Shared/Materials/MI_Fabric_Feet_Simplified.uasset" 5110
"G:/Projets Unreal en cours/ICAN_Backrooms/Content/MetaHumans/Kellan/Shared/Materials/MI_Fabric_Feet_Simplified.uexp" 5111
"G:/Projets Unreal en cours/ICAN_Backrooms/Content/MetaHumans/Kellan/Materials/MI_Hair3.uasset" 5112
"G:/Projets Unreal en cours/ICAN_Backrooms/Content/MetaHumans/Kellan/Materials/MI_Hair3.uexp" 5113
"G:/Projets Unreal en cours/ICAN_Backrooms/Content/MetaHumans/Common/Materials/HighlightsTextures/HighlightsMask_dense.ubulk" 5114
"G:/Projets Unreal en cours/ICAN_Backrooms/Content/MetaHumans/Common/Materials/HighlightsTextures/HighlightsMask_dense.uasset" 5115
"G:/Projets Unreal en cours/ICAN_Backrooms/Content/MetaHumans/Common/Materials/HighlightsTextures/HighlightsMask_dense.uexp" 5116
"G:/Projets Unreal en cours/ICAN_Backrooms/Content/MetaHumans/Kellan/Materials/MI_Hair_Helmet.uasset" 5117
"G:/Projets Unreal en cours/ICAN_Backrooms/Content/MetaHumans/Kellan/Materials/MI_Hair_Helmet.uexp" 5118
"G:/Projets Unreal en cours/ICAN_Backrooms/Content/MetaHumans/Common/MaleHair/Textures/Eyebrows_M_Full_Cards/Compact/Eyebrows_M_Full_CardsAtlas_Attribute.ubulk" 5119
"G:/Projets Unreal en cours/ICAN_Backrooms/Content/MetaHumans/Common/MaleHair/Textures/Eyebrows_M_Full_Cards/Compact/Eyebrows_M_Full_CardsAtlas_Attribute.uasset" 5120
"G:/Projets Unreal en cours/ICAN_Backrooms/Content/MetaHumans/Common/MaleHair/Textures/Eyebrows_M_Full_Cards/Compact/Eyebrows_M_Full_CardsAtlas_Attribute.uexp" 5121
"G:/Projets Unreal en cours/ICAN_Backrooms/Content/MetaHumans/Kellan/MaleHair/Hair/Eyebrows_M_Full_CardsMesh_Group0_LOD3.ubulk" 5122
"G:/Projets Unreal en cours/ICAN_Backrooms/Content/MetaHumans/Kellan/MaleHair/Hair/Eyebrows_M_Full_CardsMesh_Group0_LOD3.uasset" 5123
"G:/Projets Unreal en cours/ICAN_Backrooms/Content/MetaHumans/Kellan/MaleHair/Hair/Eyebrows_M_Full_CardsMesh_Group0_LOD3.uexp" 5124
"G:/Projets Unreal en cours/ICAN_Backrooms/Content/MetaHumans/Kellan/MaleHair/Hair/Eyebrows_M_Full_CardsMesh_Group0_LOD1.ubulk" 5125
"G:/Projets Unreal en cours/ICAN_Backrooms/Content/MetaHumans/Kellan/MaleHair/Hair/Eyebrows_M_Full_CardsMesh_Group0_LOD1.uasset" 5126
"G:/Projets Unreal en cours/ICAN_Backrooms/Content/MetaHumans/Kellan/MaleHair/Hair/Eyebrows_M_Full_CardsMesh_Group0_LOD1.uexp" 5127
"G:/Projets Unreal en cours/ICAN_Backrooms/Content/MetaHumans/Common/MaleHair/Textures/Eyebrows_M_Full_Cards/Compact/Eyebrows_M_Full_CardsAtlas_Tangent.ubulk" 5128
"G:/Projets Unreal en cours/ICAN_Backrooms/Content/MetaHumans/Common/MaleHair/Textures/Eyebrows_M_Full_Cards/Compact/Eyebrows_M_Full_CardsAtlas_Tangent.uasset" 5129
"G:/Projets Unreal en cours/ICAN_Backrooms/Content/MetaHumans/Common/MaleHair/Textures/Eyebrows_M_Full_Cards/Compact/Eyebrows_M_Full_CardsAtlas_Tangent.uexp" 5130
"G:/Projets Unreal en cours/ICAN_Backrooms/Content/MetaHumans/Kellan/MaleHair/Hair/Eyebrows_M_Full.ubulk" 5131
"G:/Projets Unreal en cours/ICAN_Backrooms/Content/MetaHumans/Kellan/MaleHair/Hair/Eyebrows_M_Full.uasset" 5132
"G:/Projets Unreal en cours/ICAN_Backrooms/Content/MetaHumans/Kellan/MaleHair/Hair/Eyebrows_M_Full.uexp" 5133
"G:/Projets Unreal en cours/ICAN_Backrooms/Content/MetaHumans/Kellan/Face/Textures/T_HeadLOD5_BaseColor.ubulk" 5134
"G:/Projets Unreal en cours/ICAN_Backrooms/Content/MetaHumans/Kellan/Face/Textures/T_HeadLOD5_BaseColor.uasset" 5135
"G:/Projets Unreal en cours/ICAN_Backrooms/Content/MetaHumans/Kellan/Face/Textures/T_HeadLOD5_BaseColor.uexp" 5136
"G:/Projets Unreal en cours/ICAN_Backrooms/Content/MetaHumans/Kellan/Face/Textures/T_HeadLOD5_Specular.ubulk" 5137
"G:/Projets Unreal en cours/ICAN_Backrooms/Content/MetaHumans/Kellan/Face/Textures/T_HeadLOD5_Specular.uasset" 5138
"G:/Projets Unreal en cours/ICAN_Backrooms/Content/MetaHumans/Kellan/Face/Textures/T_HeadLOD5_Specular.uexp" 5139
"G:/Projets Unreal en cours/ICAN_Backrooms/Content/MetaHumans/Kellan/Face/Textures/T_HeadLOD3_Normal.ubulk" 5140
"G:/Projets Unreal en cours/ICAN_Backrooms/Content/MetaHumans/Kellan/Face/Textures/T_HeadLOD3_Normal.uasset" 5141
"G:/Projets Unreal en cours/ICAN_Backrooms/Content/MetaHumans/Kellan/Face/Textures/T_HeadLOD3_Normal.uexp" 5142
"G:/Projets Unreal en cours/ICAN_Backrooms/Content/MetaHumans/Kellan/Face/Textures/T_HeadLOD1_Normal.ubulk" 5143
"G:/Projets Unreal en cours/ICAN_Backrooms/Content/MetaHumans/Kellan/Face/Textures/T_HeadLOD1_Normal.uasset" 5144
"G:/Projets Unreal en cours/ICAN_Backrooms/Content/MetaHumans/Kellan/Face/Textures/T_HeadLOD1_Normal.uexp" 5145
"G:/Projets Unreal en cours/ICAN_Backrooms/Content/MetaHumans/Kellan/Face/Textures/T_HeadLOD1_BaseColor.ubulk" 5146
"G:/Projets Unreal en cours/ICAN_Backrooms/Content/MetaHumans/Kellan/Face/Textures/T_HeadLOD1_BaseColor.uasset" 5147
"G:/Projets Unreal en cours/ICAN_Backrooms/Content/MetaHumans/Kellan/Face/Textures/T_HeadLOD1_BaseColor.uexp" 5148
"G:/Projets Unreal en cours/ICAN_Backrooms/Content/MetaHumans/Kellan/Face/Textures/T_HeadLOD1_BaseColor_CM2.ubulk" 5149
"G:/Projets Unreal en cours/ICAN_Backrooms/Content/MetaHumans/Kellan/Face/Textures/T_HeadLOD1_BaseColor_CM2.uasset" 5150
"G:/Projets Unreal en cours/ICAN_Backrooms/Content/MetaHumans/Kellan/Face/Textures/T_HeadLOD1_BaseColor_CM2.uexp" 5151
"G:/Projets Unreal en cours/ICAN_Backrooms/Content/MetaHumans/Kellan/Face/Textures/T_HeadLOD1_BaseColor_CM3.ubulk" 5152
"G:/Projets Unreal en cours/ICAN_Backrooms/Content/MetaHumans/Kellan/Face/Textures/T_HeadLOD1_BaseColor_CM3.uasset" 5153
"G:/Projets Unreal en cours/ICAN_Backrooms/Content/MetaHumans/Kellan/Face/Textures/T_HeadLOD1_BaseColor_CM3.uexp" 5154
"G:/Projets Unreal en cours/ICAN_Backrooms/Content/MetaHumans/Kellan/Face/Textures/T_HeadLOD1_BaseColor_CM1.ubulk" 5155
"G:/Projets Unreal en cours/ICAN_Backrooms/Content/MetaHumans/Kellan/Face/Textures/T_HeadLOD1_BaseColor_CM1.uasset" 5156
"G:/Projets Unreal en cours/ICAN_Backrooms/Content/MetaHumans/Kellan/Face/Textures/T_HeadLOD1_BaseColor_CM1.uexp" 5157
"G:/Projets Unreal en cours/ICAN_Backrooms/Content/MetaHumans/Kellan/Face/Textures/T_HeadLOD1_Normal_WM3.ubulk" 5158
"G:/Projets Unreal en cours/ICAN_Backrooms/Content/MetaHumans/Kellan/Face/Textures/T_HeadLOD1_Normal_WM3.uasset" 5159
"G:/Projets Unreal en cours/ICAN_Backrooms/Content/MetaHumans/Kellan/Face/Textures/T_HeadLOD1_Normal_WM3.uexp" 5160
"G:/Projets Unreal en cours/ICAN_Backrooms/Content/MetaHumans/Kellan/Face/Textures/T_HeadLOD1_Normal_WM1.ubulk" 5161
"G:/Projets Unreal en cours/ICAN_Backrooms/Content/MetaHumans/Kellan/Face/Textures/T_HeadLOD1_Normal_WM1.uasset" 5162
"G:/Projets Unreal en cours/ICAN_Backrooms/Content/MetaHumans/Kellan/Face/Textures/T_HeadLOD1_Normal_WM1.uexp" 5163
"G:/Projets Unreal en cours/ICAN_Backrooms/Content/MetaHumans/Kellan/Face/Textures/T_HeadLOD1_Normal_WM2.ubulk" 5164
"G:/Projets Unreal en cours/ICAN_Backrooms/Content/MetaHumans/Kellan/Face/Textures/T_HeadLOD1_Normal_WM2.uasset" 5165
"G:/Projets Unreal en cours/ICAN_Backrooms/Content/MetaHumans/Kellan/Face/Textures/T_HeadLOD1_Normal_WM2.uexp" 5166
"G:/Projets Unreal en cours/ICAN_Backrooms/Content/MetaHumans/Kellan/Face/Materials/MI_HeadSynthesized_Simplified_LOD1.uasset" 5167
"G:/Projets Unreal en cours/ICAN_Backrooms/Content/MetaHumans/Kellan/Face/Materials/MI_HeadSynthesized_Simplified_LOD1.uexp" 5168
"G:/Projets Unreal en cours/ICAN_Backrooms/Content/MetaHumans/Kellan/Face/Textures/T_HeadLOD3_Specular.ubulk" 5169
"G:/Projets Unreal en cours/ICAN_Backrooms/Content/MetaHumans/Kellan/Face/Textures/T_HeadLOD3_Specular.uasset" 5170
"G:/Projets Unreal en cours/ICAN_Backrooms/Content/MetaHumans/Kellan/Face/Textures/T_HeadLOD3_Specular.uexp" 5171
"G:/Projets Unreal en cours/ICAN_Backrooms/Content/MetaHumans/Kellan/Face/Textures/T_HeadLOD3_BaseColor.ubulk" 5172
"G:/Projets Unreal en cours/ICAN_Backrooms/Content/MetaHumans/Kellan/Face/Textures/T_HeadLOD3_BaseColor.uasset" 5173
"G:/Projets Unreal en cours/ICAN_Backrooms/Content/MetaHumans/Kellan/Face/Textures/T_HeadLOD3_BaseColor.uexp" 5174
"G:/Projets Unreal en cours/ICAN_Backrooms/Content/MetaHumans/Kellan/Face/Materials/MI_HeadSynthesized_Simplified_LOD3.uasset" 5175
"G:/Projets Unreal en cours/ICAN_Backrooms/Content/MetaHumans/Kellan/Face/Materials/MI_HeadSynthesized_Simplified_LOD3.uexp" 5176
"G:/Projets Unreal en cours/ICAN_Backrooms/Content/MetaHumans/Kellan/Face/Textures/T_HeadLOD5_Normal.ubulk" 5177
"G:/Projets Unreal en cours/ICAN_Backrooms/Content/MetaHumans/Kellan/Face/Textures/T_HeadLOD5_Normal.uasset" 5178
"G:/Projets Unreal en cours/ICAN_Backrooms/Content/MetaHumans/Kellan/Face/Textures/T_HeadLOD5_Normal.uexp" 5179
"G:/Projets Unreal en cours/ICAN_Backrooms/Content/MetaHumans/Kellan/Face/Materials/MI_HeadSynthesized_Simplified_LOD5.uasset" 5180
"G:/Projets Unreal en cours/ICAN_Backrooms/Content/MetaHumans/Kellan/Face/Materials/MI_HeadSynthesized_Simplified_LOD5.uexp" 5181
"G:/Projets Unreal en cours/ICAN_Backrooms/Content/MetaHumans/Common/MaleHair/Textures/Eyelashes_S_Sparse_Cards/Eyelashes_S_Sparse_Coverage.ubulk" 5182
"G:/Projets Unreal en cours/ICAN_Backrooms/Content/MetaHumans/Common/MaleHair/Textures/Eyelashes_S_Sparse_Cards/Eyelashes_S_Sparse_Coverage.uasset" 5183
"G:/Projets Unreal en cours/ICAN_Backrooms/Content/MetaHumans/Common/MaleHair/Textures/Eyelashes_S_Sparse_Cards/Eyelashes_S_Sparse_Coverage.uexp" 5184
"G:/Projets Unreal en cours/ICAN_Backrooms/Content/MetaHumans/Kellan/Materials/M_EyelashLowerLODs_Inst.uasset" 5185
"G:/Projets Unreal en cours/ICAN_Backrooms/Content/MetaHumans/Kellan/Materials/M_EyelashLowerLODs_Inst.uexp" 5186
"G:/Projets Unreal en cours/ICAN_Backrooms/Content/MetaHumans/Kellan/Face/Materials/MI_Teeth_Simplified.uasset" 5187
"G:/Projets Unreal en cours/ICAN_Backrooms/Content/MetaHumans/Kellan/Face/Materials/MI_Teeth_Simplified.uexp" 5188
"G:/Projets Unreal en cours/ICAN_Backrooms/Content/MetaHumans/Common/Face/neckPoses/neckCorr_m_med_nrw_RBFSolver_pose.uasset" 5189
"G:/Projets Unreal en cours/ICAN_Backrooms/Content/MetaHumans/Common/Face/neckPoses/neckCorr_m_med_nrw_RBFSolver_pose.uexp" 5190
"G:/Projets Unreal en cours/ICAN_Backrooms/Content/MetaHumans/Kellan/Face/ABP_Kellan_Face_PostProcess.uasset" 5191
"G:/Projets Unreal en cours/ICAN_Backrooms/Content/MetaHumans/Kellan/Face/ABP_Kellan_Face_PostProcess.uexp" 5192
"G:/Projets Unreal en cours/ICAN_Backrooms/Content/MetaHumans/Kellan/Materials/M_EyeLash_HigherLODs_Inst.uasset" 5193
"G:/Projets Unreal en cours/ICAN_Backrooms/Content/MetaHumans/Kellan/Materials/M_EyeLash_HigherLODs_Inst.uexp" 5194
"G:/Projets Unreal en cours/ICAN_Backrooms/Content/MetaHumans/Kellan/Face/Materials/MI_MetaHumanEye_Simplified.uasset" 5195
"G:/Projets Unreal en cours/ICAN_Backrooms/Content/MetaHumans/Kellan/Face/Materials/MI_MetaHumanEye_Simplified.uexp" 5196
"G:/Projets Unreal en cours/ICAN_Backrooms/Content/MetaHumans/Kellan/Face/Kellan_FaceMesh.uasset" 5197
"G:/Projets Unreal en cours/ICAN_Backrooms/Content/MetaHumans/Kellan/Face/Kellan_FaceMesh.uexp" 5198
"G:/Projets Unreal en cours/ICAN_Backrooms/Content/MetaHumans/Kellan/MaleHair/GroomBinding/Eyebrows_M_Full_m_head_Archetype_Binding.ubulk" 5199
"G:/Projets Unreal en cours/ICAN_Backrooms/Content/MetaHumans/Kellan/MaleHair/GroomBinding/Eyebrows_M_Full_m_head_Archetype_Binding.uasset" 5200
"G:/Projets Unreal en cours/ICAN_Backrooms/Content/MetaHumans/Kellan/MaleHair/GroomBinding/Eyebrows_M_Full_m_head_Archetype_Binding.uexp" 5201
"G:/Projets Unreal en cours/ICAN_Backrooms/Content/MetaHumans/Kellan/MaleHair/Hair/Hair_S_360Waves.ubulk" 5202
"G:/Projets Unreal en cours/ICAN_Backrooms/Content/MetaHumans/Kellan/MaleHair/Hair/Hair_S_360Waves.uasset" 5203
"G:/Projets Unreal en cours/ICAN_Backrooms/Content/MetaHumans/Kellan/MaleHair/Hair/Hair_S_360Waves.uexp" 5204
"G:/Projets Unreal en cours/ICAN_Backrooms/Content/MetaHumans/Common/Male/Medium/NormalWeight/Shoes/RunningShoes/m_med_nrw_shs_runningshoes_Physics.uasset" 5205
"G:/Projets Unreal en cours/ICAN_Backrooms/Content/MetaHumans/Common/Male/Medium/NormalWeight/Shoes/RunningShoes/m_med_nrw_shs_runningshoes_Physics.uexp" 5206
"G:/Projets Unreal en cours/ICAN_Backrooms/Content/MetaHumans/Common/Female/Medium/NormalWeight/Shoes/CasualSneakers/mh_casualsneakers_Skeleton.uasset" 5207
"G:/Projets Unreal en cours/ICAN_Backrooms/Content/MetaHumans/Common/Female/Medium/NormalWeight/Shoes/CasualSneakers/mh_casualsneakers_Skeleton.uexp" 5208
"G:/Projets Unreal en cours/ICAN_Backrooms/Content/MetaHumans/Common/Female/Medium/NormalWeight/Shoes/CasualSneakers/mh_ShoeTongue_CtrlRig.uasset" 5209
"G:/Projets Unreal en cours/ICAN_Backrooms/Content/MetaHumans/Common/Female/Medium/NormalWeight/Shoes/CasualSneakers/mh_ShoeTongue_CtrlRig.uexp" 5210
"G:/Projets Unreal en cours/ICAN_Backrooms/Content/MetaHumans/Common/Female/Medium/NormalWeight/Shoes/CasualSneakers/mh_casualsneakers_Skeleton_ABP.uasset" 5211
"G:/Projets Unreal en cours/ICAN_Backrooms/Content/MetaHumans/Common/Female/Medium/NormalWeight/Shoes/CasualSneakers/mh_casualsneakers_Skeleton_ABP.uexp" 5212
"G:/Projets Unreal en cours/ICAN_Backrooms/Content/MetaHumans/Common/Male/Medium/NormalWeight/Shoes/RunningShoes/m_med_nrw_shs_runningshoes_High.uasset" 5213
"G:/Projets Unreal en cours/ICAN_Backrooms/Content/MetaHumans/Common/Male/Medium/NormalWeight/Shoes/RunningShoes/m_med_nrw_shs_runningshoes_High.uexp" 5214
"G:/Projets Unreal en cours/ICAN_Backrooms/Content/MetaHumans/Kellan/Body/Textures/T_Legs_Normal.ubulk" 5215
"G:/Projets Unreal en cours/ICAN_Backrooms/Content/MetaHumans/Kellan/Body/Textures/T_Legs_Normal.uasset" 5216
"G:/Projets Unreal en cours/ICAN_Backrooms/Content/MetaHumans/Kellan/Body/Textures/T_Legs_Normal.uexp" 5217
"G:/Projets Unreal en cours/ICAN_Backrooms/Content/MetaHumans/Kellan/Body/Textures/T_Legs_BaseColor.ubulk" 5218
"G:/Projets Unreal en cours/ICAN_Backrooms/Content/MetaHumans/Kellan/Body/Textures/T_Legs_BaseColor.uasset" 5219
"G:/Projets Unreal en cours/ICAN_Backrooms/Content/MetaHumans/Kellan/Body/Textures/T_Legs_BaseColor.uexp" 5220
"G:/Projets Unreal en cours/ICAN_Backrooms/Content/MetaHumans/Common/Shared/Materials/MI_Fabric_Legs_Simplified.uasset" 5221
"G:/Projets Unreal en cours/ICAN_Backrooms/Content/MetaHumans/Common/Shared/Materials/MI_Fabric_Legs_Simplified.uexp" 5222
"G:/Projets Unreal en cours/ICAN_Backrooms/Content/MetaHumans/Kellan/Body/Textures/T_Legs_Specular.ubulk" 5223
"G:/Projets Unreal en cours/ICAN_Backrooms/Content/MetaHumans/Kellan/Body/Textures/T_Legs_Specular.uasset" 5224
"G:/Projets Unreal en cours/ICAN_Backrooms/Content/MetaHumans/Kellan/Body/Textures/T_Legs_Specular.uexp" 5225
"G:/Projets Unreal en cours/ICAN_Backrooms/Content/MetaHumans/Kellan/Shared/Materials/MI_Fabric_Legs_Simplified.uasset" 5226
"G:/Projets Unreal en cours/ICAN_Backrooms/Content/MetaHumans/Kellan/Shared/Materials/MI_Fabric_Legs_Simplified.uexp" 5227
"G:/Projets Unreal en cours/ICAN_Backrooms/Content/MetaHumans/Kellan/MaleHair/GroomBinding/Hair_S_360Waves_m_med_nrw_head_skmesh_Face_Archetype_Binding.ubulk" 5228
"G:/Projets Unreal en cours/ICAN_Backrooms/Content/MetaHumans/Kellan/MaleHair/GroomBinding/Hair_S_360Waves_m_med_nrw_head_skmesh_Face_Archetype_Binding.uasset" 5229
"G:/Projets Unreal en cours/ICAN_Backrooms/Content/MetaHumans/Kellan/MaleHair/GroomBinding/Hair_S_360Waves_m_med_nrw_head_skmesh_Face_Archetype_Binding.uexp" 5230
"G:/Projets Unreal en cours/ICAN_Backrooms/Content/MetaHumans/Kellan/MaleHair/Hair/Mustache_S_Stubble.ubulk" 5231
"G:/Projets Unreal en cours/ICAN_Backrooms/Content/MetaHumans/Kellan/MaleHair/Hair/Mustache_S_Stubble.uasset" 5232
"G:/Projets Unreal en cours/ICAN_Backrooms/Content/MetaHumans/Kellan/MaleHair/Hair/Mustache_S_Stubble.uexp" 5233
"G:/Projets Unreal en cours/ICAN_Backrooms/Content/MetaHumans/Kellan/MaleHair/GroomBinding/Mustache_S_Stubble_m_head_Archetype_Binding.ubulk" 5234
"G:/Projets Unreal en cours/ICAN_Backrooms/Content/MetaHumans/Kellan/MaleHair/GroomBinding/Mustache_S_Stubble_m_head_Archetype_Binding.uasset" 5235
"G:/Projets Unreal en cours/ICAN_Backrooms/Content/MetaHumans/Kellan/MaleHair/GroomBinding/Mustache_S_Stubble_m_head_Archetype_Binding.uexp" 5236
"G:/Projets Unreal en cours/ICAN_Backrooms/Content/MetaHumans/Common/Shared/Materials/MI_Fabric_Torso_Simplified.uasset" 5237
"G:/Projets Unreal en cours/ICAN_Backrooms/Content/MetaHumans/Common/Shared/Materials/MI_Fabric_Torso_Simplified.uexp" 5238
"G:/Projets Unreal en cours/ICAN_Backrooms/Content/MetaHumans/Kellan/Body/Textures/T_Torso_Specular.ubulk" 5239
"G:/Projets Unreal en cours/ICAN_Backrooms/Content/MetaHumans/Kellan/Body/Textures/T_Torso_Specular.uasset" 5240
"G:/Projets Unreal en cours/ICAN_Backrooms/Content/MetaHumans/Kellan/Body/Textures/T_Torso_Specular.uexp" 5241
"G:/Projets Unreal en cours/ICAN_Backrooms/Content/MetaHumans/Kellan/Body/Textures/T_Torso_Normal.ubulk" 5242
"G:/Projets Unreal en cours/ICAN_Backrooms/Content/MetaHumans/Kellan/Body/Textures/T_Torso_Normal.uasset" 5243
"G:/Projets Unreal en cours/ICAN_Backrooms/Content/MetaHumans/Kellan/Body/Textures/T_Torso_Normal.uexp" 5244
"G:/Projets Unreal en cours/ICAN_Backrooms/Content/MetaHumans/Kellan/Body/Textures/T_Torso_BaseColor.ubulk" 5245
"G:/Projets Unreal en cours/ICAN_Backrooms/Content/MetaHumans/Kellan/Body/Textures/T_Torso_BaseColor.uasset" 5246
"G:/Projets Unreal en cours/ICAN_Backrooms/Content/MetaHumans/Kellan/Body/Textures/T_Torso_BaseColor.uexp" 5247
"G:/Projets Unreal en cours/ICAN_Backrooms/Content/MetaHumans/Kellan/Shared/Materials/MI_Fabric_Torso_Simplified.uasset" 5248
"G:/Projets Unreal en cours/ICAN_Backrooms/Content/MetaHumans/Kellan/Shared/Materials/MI_Fabric_Torso_Simplified.uexp" 5249
"G:/Projets Unreal en cours/ICAN_Backrooms/Content/MetaHumans/Common/Materials/RigidBody_PhysicsMaterial.uasset" 5250
"G:/Projets Unreal en cours/ICAN_Backrooms/Content/MetaHumans/Common/Materials/RigidBody_PhysicsMaterial.uexp" 5251
"G:/Projets Unreal en cours/ICAN_Backrooms/Content/MetaHumans/Common/Male/Medium/NormalWeight/Tops/Hoodie/Meshes/m_med_nrw_top_hoodie_strings_Physics.uasset" 5252
"G:/Projets Unreal en cours/ICAN_Backrooms/Content/MetaHumans/Common/Male/Medium/NormalWeight/Tops/Hoodie/Meshes/m_med_nrw_top_hoodie_strings_Physics.uexp" 5253
"G:/Projets Unreal en cours/ICAN_Backrooms/Content/MetaHumans/Common/Male/Medium/NormalWeight/Tops/Hoodie/Meshes/m_med_nrw_top_hoodie_nrm_Skeleton.uasset" 5254
"G:/Projets Unreal en cours/ICAN_Backrooms/Content/MetaHumans/Common/Male/Medium/NormalWeight/Tops/Hoodie/Meshes/m_med_nrw_top_hoodie_nrm_Skeleton.uexp" 5255
"G:/Projets Unreal en cours/ICAN_Backrooms/Content/MetaHumans/Common/Male/Medium/NormalWeight/Tops/Hoodie/Meshes/m_med_nrw_top_hoodie_nrm_CtrlRig.uasset" 5256
"G:/Projets Unreal en cours/ICAN_Backrooms/Content/MetaHumans/Common/Male/Medium/NormalWeight/Tops/Hoodie/Meshes/m_med_nrw_top_hoodie_nrm_CtrlRig.uexp" 5257
"G:/Projets Unreal en cours/ICAN_Backrooms/Content/MetaHumans/Common/Male/Medium/NormalWeight/Tops/Hoodie/Meshes/m_med_nrw_top_hoodie_Skeleton_AnimBP.uasset" 5258
"G:/Projets Unreal en cours/ICAN_Backrooms/Content/MetaHumans/Common/Male/Medium/NormalWeight/Tops/Hoodie/Meshes/m_med_nrw_top_hoodie_Skeleton_AnimBP.uexp" 5259
"../../../Engine/Content/Animation/DefaultAnimCurveCompressionSettings.uasset" 5260
"../../../Engine/Content/Animation/DefaultAnimCurveCompressionSettings.uexp" 5261
"../../../Engine/Content/Animation/DefaultAnimBoneCompressionSettings.uasset" 5262
"../../../Engine/Content/Animation/DefaultAnimBoneCompressionSettings.uexp" 5263
"G:/Projets Unreal en cours/ICAN_Backrooms/Content/MetaHumans/Common/Male/Medium/NormalWeight/Tops/Hoodie/Meshes/m_med_nrw_top_hoodie_bake_pose.uasset" 5264
"G:/Projets Unreal en cours/ICAN_Backrooms/Content/MetaHumans/Common/Male/Medium/NormalWeight/Tops/Hoodie/Meshes/m_med_nrw_top_hoodie_bake_pose.uexp" 5265
"G:/Projets Unreal en cours/ICAN_Backrooms/Content/MetaHumans/Common/Male/Medium/NormalWeight/Tops/Hoodie/Meshes/m_med_nrw_top_hoodie_nrm_High.uasset" 5266
"G:/Projets Unreal en cours/ICAN_Backrooms/Content/MetaHumans/Common/Male/Medium/NormalWeight/Tops/Hoodie/Meshes/m_med_nrw_top_hoodie_nrm_High.uexp" 5267
"G:/Projets Unreal en cours/ICAN_Backrooms/Content/MetaHumans/Kellan/Body/Textures/T_Body_Normal.ubulk" 5268
"G:/Projets Unreal en cours/ICAN_Backrooms/Content/MetaHumans/Kellan/Body/Textures/T_Body_Normal.uasset" 5269
"G:/Projets Unreal en cours/ICAN_Backrooms/Content/MetaHumans/Kellan/Body/Textures/T_Body_Normal.uexp" 5270
"G:/Projets Unreal en cours/ICAN_Backrooms/Content/MetaHumans/Kellan/Body/Textures/T_Body_BaseColor.ubulk" 5271
"G:/Projets Unreal en cours/ICAN_Backrooms/Content/MetaHumans/Kellan/Body/Textures/T_Body_BaseColor.uasset" 5272
"G:/Projets Unreal en cours/ICAN_Backrooms/Content/MetaHumans/Kellan/Body/Textures/T_Body_BaseColor.uexp" 5273
"G:/Projets Unreal en cours/ICAN_Backrooms/Content/MetaHumans/Kellan/Body/Textures/T_Body_Specular.ubulk" 5274
"G:/Projets Unreal en cours/ICAN_Backrooms/Content/MetaHumans/Kellan/Body/Textures/T_Body_Specular.uasset" 5275
"G:/Projets Unreal en cours/ICAN_Backrooms/Content/MetaHumans/Kellan/Body/Textures/T_Body_Specular.uexp" 5276
"G:/Projets Unreal en cours/ICAN_Backrooms/Content/MetaHumans/Kellan/Body/Materials/MI_BodySynthesized_Simplified.uasset" 5277
"G:/Projets Unreal en cours/ICAN_Backrooms/Content/MetaHumans/Kellan/Body/Materials/MI_BodySynthesized_Simplified.uexp" 5278
"G:/Projets Unreal en cours/ICAN_Backrooms/Content/MetaHumans/Kellan/Materials/MI_Facial_Hair.uasset" 5279
"G:/Projets Unreal en cours/ICAN_Backrooms/Content/MetaHumans/Kellan/Materials/MI_Facial_Hair.uexp" 5280
"G:/Projets Unreal en cours/ICAN_Backrooms/Content/MetaHumans/Common/Male/Medium/NormalWeight/Bottoms/Cargopants/m_med_nrw_btm_cargopants_High.uasset" 5281
"G:/Projets Unreal en cours/ICAN_Backrooms/Content/MetaHumans/Common/Male/Medium/NormalWeight/Bottoms/Cargopants/m_med_nrw_btm_cargopants_High.uexp" 5282
"G:/Projets Unreal en cours/ICAN_Backrooms/Content/MetaHumans/Kellan/Materials/MI_Hair1.uasset" 5283
"G:/Projets Unreal en cours/ICAN_Backrooms/Content/MetaHumans/Kellan/Materials/MI_Hair1.uexp" 5284
"G:/Projets Unreal en cours/ICAN_Backrooms/Content/MetaHumans/Common/Male/Medium/NormalWeight/Body/m_med_nrw_body_Physics.uasset" 5285
"G:/Projets Unreal en cours/ICAN_Backrooms/Content/MetaHumans/Common/Male/Medium/NormalWeight/Body/m_med_nrw_body_Physics.uexp" 5286
"G:/Projets Unreal en cours/ICAN_Backrooms/Content/MetaHumans/Common/Male/Medium/NormalWeight/Poses/m_med_nrw_hand_l_pose.uasset" 5287
"G:/Projets Unreal en cours/ICAN_Backrooms/Content/MetaHumans/Common/Male/Medium/NormalWeight/Poses/m_med_nrw_hand_l_pose.uexp" 5288
"G:/Projets Unreal en cours/ICAN_Backrooms/Content/MetaHumans/Common/Male/Medium/NormalWeight/Poses/m_med_nrw_pinky_03_r_pose.uasset" 5289
"G:/Projets Unreal en cours/ICAN_Backrooms/Content/MetaHumans/Common/Male/Medium/NormalWeight/Poses/m_med_nrw_pinky_03_r_pose.uexp" 5290
"G:/Projets Unreal en cours/ICAN_Backrooms/Content/MetaHumans/Common/Male/Medium/NormalWeight/Poses/m_med_nrw_pinky_02_r_pose.uasset" 5291
"G:/Projets Unreal en cours/ICAN_Backrooms/Content/MetaHumans/Common/Male/Medium/NormalWeight/Poses/m_med_nrw_pinky_02_r_pose.uexp" 5292
"G:/Projets Unreal en cours/ICAN_Backrooms/Content/MetaHumans/Common/Male/Medium/NormalWeight/Poses/m_med_nrw_index_01_l_pose.uasset" 5293
"G:/Projets Unreal en cours/ICAN_Backrooms/Content/MetaHumans/Common/Male/Medium/NormalWeight/Poses/m_med_nrw_index_01_l_pose.uexp" 5294
"G:/Projets Unreal en cours/ICAN_Backrooms/Content/MetaHumans/Common/Male/Medium/NormalWeight/Poses/m_med_nrw_clavicle_l_pose.uasset" 5295
"G:/Projets Unreal en cours/ICAN_Backrooms/Content/MetaHumans/Common/Male/Medium/NormalWeight/Poses/m_med_nrw_clavicle_l_pose.uexp" 5296
"G:/Projets Unreal en cours/ICAN_Backrooms/Content/MetaHumans/Common/Male/Medium/NormalWeight/Poses/m_med_nrw_thigh_r_pose.uasset" 5297
"G:/Projets Unreal en cours/ICAN_Backrooms/Content/MetaHumans/Common/Male/Medium/NormalWeight/Poses/m_med_nrw_thigh_r_pose.uexp" 5298
"G:/Projets Unreal en cours/ICAN_Backrooms/Content/MetaHumans/Common/Male/Medium/NormalWeight/Poses/m_med_nrw_thumb_02_l_pose.uasset" 5299
"G:/Projets Unreal en cours/ICAN_Backrooms/Content/MetaHumans/Common/Male/Medium/NormalWeight/Poses/m_med_nrw_thumb_02_l_pose.uexp" 5300
"G:/Projets Unreal en cours/ICAN_Backrooms/Content/MetaHumans/Common/Male/Medium/NormalWeight/Poses/m_med_nrw_upperarm_r_pose.uasset" 5301
"G:/Projets Unreal en cours/ICAN_Backrooms/Content/MetaHumans/Common/Male/Medium/NormalWeight/Poses/m_med_nrw_upperarm_r_pose.uexp" 5302
"G:/Projets Unreal en cours/ICAN_Backrooms/Content/MetaHumans/Common/Male/Medium/NormalWeight/Poses/m_med_nrw_ring_03_r_pose.uasset" 5303
"G:/Projets Unreal en cours/ICAN_Backrooms/Content/MetaHumans/Common/Male/Medium/NormalWeight/Poses/m_med_nrw_ring_03_r_pose.uexp" 5304
"G:/Projets Unreal en cours/ICAN_Backrooms/Content/MetaHumans/Common/Male/Medium/NormalWeight/Poses/m_med_nrw_ring_02_r_pose.uasset" 5305
"G:/Projets Unreal en cours/ICAN_Backrooms/Content/MetaHumans/Common/Male/Medium/NormalWeight/Poses/m_med_nrw_ring_02_r_pose.uexp" 5306
"G:/Projets Unreal en cours/ICAN_Backrooms/Content/MetaHumans/Common/Male/Medium/NormalWeight/Poses/m_med_nrw_calf_r_pose.uasset" 5307
"G:/Projets Unreal en cours/ICAN_Backrooms/Content/MetaHumans/Common/Male/Medium/NormalWeight/Poses/m_med_nrw_calf_r_pose.uexp" 5308
"G:/Projets Unreal en cours/ICAN_Backrooms/Content/MetaHumans/Common/Male/Medium/NormalWeight/Poses/m_med_nrw_lowerarm_r_pose.uasset" 5309
"G:/Projets Unreal en cours/ICAN_Backrooms/Content/MetaHumans/Common/Male/Medium/NormalWeight/Poses/m_med_nrw_lowerarm_r_pose.uexp" 5310
"G:/Projets Unreal en cours/ICAN_Backrooms/Content/MetaHumans/Common/Male/Medium/NormalWeight/Poses/m_med_nrw_pinky_03_l_pose.uasset" 5311
"G:/Projets Unreal en cours/ICAN_Backrooms/Content/MetaHumans/Common/Male/Medium/NormalWeight/Poses/m_med_nrw_pinky_03_l_pose.uexp" 5312
"G:/Projets Unreal en cours/ICAN_Backrooms/Content/MetaHumans/Common/Male/Medium/NormalWeight/Poses/m_med_nrw_ring_01_r_pose.uasset" 5313
"G:/Projets Unreal en cours/ICAN_Backrooms/Content/MetaHumans/Common/Male/Medium/NormalWeight/Poses/m_med_nrw_ring_01_r_pose.uexp" 5314
"G:/Projets Unreal en cours/ICAN_Backrooms/Content/MetaHumans/Common/Male/Medium/NormalWeight/Poses/m_med_nrw_foot_r_pose.uasset" 5315
"G:/Projets Unreal en cours/ICAN_Backrooms/Content/MetaHumans/Common/Male/Medium/NormalWeight/Poses/m_med_nrw_foot_r_pose.uexp" 5316
"G:/Projets Unreal en cours/ICAN_Backrooms/Content/MetaHumans/Common/Male/Medium/NormalWeight/Poses/m_med_nrw_ring_02_l_pose.uasset" 5317
"G:/Projets Unreal en cours/ICAN_Backrooms/Content/MetaHumans/Common/Male/Medium/NormalWeight/Poses/m_med_nrw_ring_02_l_pose.uexp" 5318
"G:/Projets Unreal en cours/ICAN_Backrooms/Content/MetaHumans/Common/Male/Medium/NormalWeight/Poses/m_med_nrw_calf_l_pose.uasset" 5319
"G:/Projets Unreal en cours/ICAN_Backrooms/Content/MetaHumans/Common/Male/Medium/NormalWeight/Poses/m_med_nrw_calf_l_pose.uexp" 5320
"G:/Projets Unreal en cours/ICAN_Backrooms/Content/MetaHumans/Common/Male/Medium/NormalWeight/Poses/m_med_nrw_thumb_02_r_pose.uasset" 5321
"G:/Projets Unreal en cours/ICAN_Backrooms/Content/MetaHumans/Common/Male/Medium/NormalWeight/Poses/m_med_nrw_thumb_02_r_pose.uexp" 5322
"G:/Projets Unreal en cours/ICAN_Backrooms/Content/MetaHumans/Common/Male/Medium/NormalWeight/Poses/m_med_nrw_lowerarm_l_pose.uasset" 5323
"G:/Projets Unreal en cours/ICAN_Backrooms/Content/MetaHumans/Common/Male/Medium/NormalWeight/Poses/m_med_nrw_lowerarm_l_pose.uexp" 5324
"G:/Projets Unreal en cours/ICAN_Backrooms/Content/MetaHumans/Common/Male/Medium/NormalWeight/Poses/m_med_nrw_index_02_r_pose.uasset" 5325
"G:/Projets Unreal en cours/ICAN_Backrooms/Content/MetaHumans/Common/Male/Medium/NormalWeight/Poses/m_med_nrw_index_02_r_pose.uexp" 5326
"G:/Projets Unreal en cours/ICAN_Backrooms/Content/MetaHumans/Common/Male/Medium/NormalWeight/Poses/m_med_nrw_thumb_03_r_pose.uasset" 5327
"G:/Projets Unreal en cours/ICAN_Backrooms/Content/MetaHumans/Common/Male/Medium/NormalWeight/Poses/m_med_nrw_thumb_03_r_pose.uexp" 5328
"G:/Projets Unreal en cours/ICAN_Backrooms/Content/MetaHumans/Common/Male/Medium/NormalWeight/Poses/m_med_nrw_thumb_03_l_pose.uasset" 5329
"G:/Projets Unreal en cours/ICAN_Backrooms/Content/MetaHumans/Common/Male/Medium/NormalWeight/Poses/m_med_nrw_thumb_03_l_pose.uexp" 5330
"G:/Projets Unreal en cours/ICAN_Backrooms/Content/MetaHumans/Common/Male/Medium/NormalWeight/Poses/m_med_nrw_index_03_r_pose.uasset" 5331
"G:/Projets Unreal en cours/ICAN_Backrooms/Content/MetaHumans/Common/Male/Medium/NormalWeight/Poses/m_med_nrw_index_03_r_pose.uexp" 5332
"G:/Projets Unreal en cours/ICAN_Backrooms/Content/MetaHumans/Common/Male/Medium/NormalWeight/Poses/m_med_nrw_pinky_02_l_pose.uasset" 5333
"G:/Projets Unreal en cours/ICAN_Backrooms/Content/MetaHumans/Common/Male/Medium/NormalWeight/Poses/m_med_nrw_pinky_02_l_pose.uexp" 5334
"G:/Projets Unreal en cours/ICAN_Backrooms/Content/MetaHumans/Common/Male/Medium/NormalWeight/Poses/m_med_nrw_index_03_l_pose.uasset" 5335
"G:/Projets Unreal en cours/ICAN_Backrooms/Content/MetaHumans/Common/Male/Medium/NormalWeight/Poses/m_med_nrw_index_03_l_pose.uexp" 5336
"G:/Projets Unreal en cours/ICAN_Backrooms/Content/MetaHumans/Common/Male/Medium/NormalWeight/Poses/m_med_nrw_ring_01_l_pose.uasset" 5337
"G:/Projets Unreal en cours/ICAN_Backrooms/Content/MetaHumans/Common/Male/Medium/NormalWeight/Poses/m_med_nrw_ring_01_l_pose.uexp" 5338
"G:/Projets Unreal en cours/ICAN_Backrooms/Content/MetaHumans/Common/Male/Medium/NormalWeight/Poses/m_med_nrw_thigh_l_pose.uasset" 5339
"G:/Projets Unreal en cours/ICAN_Backrooms/Content/MetaHumans/Common/Male/Medium/NormalWeight/Poses/m_med_nrw_thigh_l_pose.uexp" 5340
"G:/Projets Unreal en cours/ICAN_Backrooms/Content/MetaHumans/Common/Male/Medium/NormalWeight/Poses/m_med_nrw_middle_03_l_pose.uasset" 5341
"G:/Projets Unreal en cours/ICAN_Backrooms/Content/MetaHumans/Common/Male/Medium/NormalWeight/Poses/m_med_nrw_middle_03_l_pose.uexp" 5342
"G:/Projets Unreal en cours/ICAN_Backrooms/Content/MetaHumans/Common/Male/Medium/NormalWeight/Poses/m_med_nrw_middle_02_r_pose.uasset" 5343
"G:/Projets Unreal en cours/ICAN_Backrooms/Content/MetaHumans/Common/Male/Medium/NormalWeight/Poses/m_med_nrw_middle_02_r_pose.uexp" 5344
"G:/Projets Unreal en cours/ICAN_Backrooms/Content/MetaHumans/Common/Male/Medium/NormalWeight/Poses/m_med_nrw_ring_03_l_pose.uasset" 5345
"G:/Projets Unreal en cours/ICAN_Backrooms/Content/MetaHumans/Common/Male/Medium/NormalWeight/Poses/m_med_nrw_ring_03_l_pose.uexp" 5346
"G:/Projets Unreal en cours/ICAN_Backrooms/Content/MetaHumans/Common/Male/Medium/NormalWeight/Poses/m_med_nrw_upperarm_l_pose.uasset" 5347
"G:/Projets Unreal en cours/ICAN_Backrooms/Content/MetaHumans/Common/Male/Medium/NormalWeight/Poses/m_med_nrw_upperarm_l_pose.uexp" 5348
"G:/Projets Unreal en cours/ICAN_Backrooms/Content/MetaHumans/Common/Male/Medium/NormalWeight/Poses/m_med_nrw_pinky_01_r_pose.uasset" 5349
"G:/Projets Unreal en cours/ICAN_Backrooms/Content/MetaHumans/Common/Male/Medium/NormalWeight/Poses/m_med_nrw_pinky_01_r_pose.uexp" 5350
"G:/Projets Unreal en cours/ICAN_Backrooms/Content/MetaHumans/Common/Male/Medium/NormalWeight/Poses/m_med_nrw_pinky_01_l_pose.uasset" 5351
"G:/Projets Unreal en cours/ICAN_Backrooms/Content/MetaHumans/Common/Male/Medium/NormalWeight/Poses/m_med_nrw_pinky_01_l_pose.uexp" 5352
"G:/Projets Unreal en cours/ICAN_Backrooms/Content/MetaHumans/Common/Male/Medium/NormalWeight/Poses/m_med_nrw_middle_02_l_pose.uasset" 5353
"G:/Projets Unreal en cours/ICAN_Backrooms/Content/MetaHumans/Common/Male/Medium/NormalWeight/Poses/m_med_nrw_middle_02_l_pose.uexp" 5354
"G:/Projets Unreal en cours/ICAN_Backrooms/Content/MetaHumans/Common/Male/Medium/NormalWeight/Poses/m_med_nrw_foot_l_pose.uasset" 5355
"G:/Projets Unreal en cours/ICAN_Backrooms/Content/MetaHumans/Common/Male/Medium/NormalWeight/Poses/m_med_nrw_foot_l_pose.uexp" 5356
"G:/Projets Unreal en cours/ICAN_Backrooms/Content/MetaHumans/Common/Male/Medium/NormalWeight/Poses/m_med_nrw_middle_03_r_pose.uasset" 5357
"G:/Projets Unreal en cours/ICAN_Backrooms/Content/MetaHumans/Common/Male/Medium/NormalWeight/Poses/m_med_nrw_middle_03_r_pose.uexp" 5358
"G:/Projets Unreal en cours/ICAN_Backrooms/Content/MetaHumans/Common/Male/Medium/NormalWeight/Poses/m_med_nrw_middle_01_l_pose.uasset" 5359
"G:/Projets Unreal en cours/ICAN_Backrooms/Content/MetaHumans/Common/Male/Medium/NormalWeight/Poses/m_med_nrw_middle_01_l_pose.uexp" 5360
"G:/Projets Unreal en cours/ICAN_Backrooms/Content/MetaHumans/Common/Male/Medium/NormalWeight/Poses/m_med_nrw_index_02_l_pose.uasset" 5361
"G:/Projets Unreal en cours/ICAN_Backrooms/Content/MetaHumans/Common/Male/Medium/NormalWeight/Poses/m_med_nrw_index_02_l_pose.uexp" 5362
"G:/Projets Unreal en cours/ICAN_Backrooms/Content/MetaHumans/Common/Male/Medium/NormalWeight/Poses/m_med_nrw_middle_01_r_pose.uasset" 5363
"G:/Projets Unreal en cours/ICAN_Backrooms/Content/MetaHumans/Common/Male/Medium/NormalWeight/Poses/m_med_nrw_middle_01_r_pose.uexp" 5364
"G:/Projets Unreal en cours/ICAN_Backrooms/Content/MetaHumans/Common/Male/Medium/NormalWeight/Poses/m_med_nrw_thumb_01_r_pose.uasset" 5365
"G:/Projets Unreal en cours/ICAN_Backrooms/Content/MetaHumans/Common/Male/Medium/NormalWeight/Poses/m_med_nrw_thumb_01_r_pose.uexp" 5366
"G:/Projets Unreal en cours/ICAN_Backrooms/Content/MetaHumans/Common/Male/Medium/NormalWeight/Poses/m_med_nrw_thumb_01_l_pose.uasset" 5367
"G:/Projets Unreal en cours/ICAN_Backrooms/Content/MetaHumans/Common/Male/Medium/NormalWeight/Poses/m_med_nrw_thumb_01_l_pose.uexp" 5368
"G:/Projets Unreal en cours/ICAN_Backrooms/Content/MetaHumans/Common/Male/Medium/NormalWeight/Poses/m_med_nrw_clavicle_r_pose.uasset" 5369
"G:/Projets Unreal en cours/ICAN_Backrooms/Content/MetaHumans/Common/Male/Medium/NormalWeight/Poses/m_med_nrw_clavicle_r_pose.uexp" 5370
"G:/Projets Unreal en cours/ICAN_Backrooms/Content/MetaHumans/Common/Male/Medium/NormalWeight/Poses/m_med_nrw_index_01_r_pose.uasset" 5371
"G:/Projets Unreal en cours/ICAN_Backrooms/Content/MetaHumans/Common/Male/Medium/NormalWeight/Poses/m_med_nrw_index_01_r_pose.uexp" 5372
"G:/Projets Unreal en cours/ICAN_Backrooms/Content/MetaHumans/Common/Male/Medium/NormalWeight/Poses/m_med_nrw_hand_r_pose.uasset" 5373
"G:/Projets Unreal en cours/ICAN_Backrooms/Content/MetaHumans/Common/Male/Medium/NormalWeight/Poses/m_med_nrw_hand_r_pose.uexp" 5374
"G:/Projets Unreal en cours/ICAN_Backrooms/Content/MetaHumans/Common/Male/Medium/NormalWeight/Body/m_med_nrw_animbp.uasset" 5375
"G:/Projets Unreal en cours/ICAN_Backrooms/Content/MetaHumans/Common/Male/Medium/NormalWeight/Body/m_med_nrw_animbp.uexp" 5376
"G:/Projets Unreal en cours/ICAN_Backrooms/Content/MetaHumans/Kellan/Male/Medium/NormalWeight/Body/m_med_nrw_body.uasset" 5377
"G:/Projets Unreal en cours/ICAN_Backrooms/Content/MetaHumans/Kellan/Male/Medium/NormalWeight/Body/m_med_nrw_body.uexp" 5378
"G:/Projets Unreal en cours/ICAN_Backrooms/Content/MetaHumans/Kellan/Materials/MI_Hair.uasset" 5379
"G:/Projets Unreal en cours/ICAN_Backrooms/Content/MetaHumans/Kellan/Materials/MI_Hair.uexp" 5380
"G:/Projets Unreal en cours/ICAN_Backrooms/Content/MetaHumans/Kellan/MaleHair/Hair/Eyelashes_S_Sparse.ubulk" 5381
"G:/Projets Unreal en cours/ICAN_Backrooms/Content/MetaHumans/Kellan/MaleHair/Hair/Eyelashes_S_Sparse.uasset" 5382
"G:/Projets Unreal en cours/ICAN_Backrooms/Content/MetaHumans/Kellan/MaleHair/Hair/Eyelashes_S_Sparse.uexp" 5383
"G:/Projets Unreal en cours/ICAN_Backrooms/Content/MetaHumans/Kellan/MaleHair/GroomBinding/Eyelashes_S_Sparse_m_med_nrw_head_skmesh_Face_Archetype_Binding.ubulk" 5384
"G:/Projets Unreal en cours/ICAN_Backrooms/Content/MetaHumans/Kellan/MaleHair/GroomBinding/Eyelashes_S_Sparse_m_med_nrw_head_skmesh_Face_Archetype_Binding.uasset" 5385
"G:/Projets Unreal en cours/ICAN_Backrooms/Content/MetaHumans/Kellan/MaleHair/GroomBinding/Eyelashes_S_Sparse_m_med_nrw_head_skmesh_Face_Archetype_Binding.uexp" 5386
"G:/Projets Unreal en cours/ICAN_Backrooms/Content/MetaHumans/Kellan/Materials/MI_Hair_Cards.uasset" 5387
"G:/Projets Unreal en cours/ICAN_Backrooms/Content/MetaHumans/Kellan/Materials/MI_Hair_Cards.uexp" 5388
"G:/Projets Unreal en cours/ICAN_Backrooms/Content/Blueprints/RetargetedCharacters/CBP_SandboxCharacter_Metahuman_Kellan.uasset" 5389
"G:/Projets Unreal en cours/ICAN_Backrooms/Content/Blueprints/RetargetedCharacters/CBP_SandboxCharacter_Metahuman_Kellan.uexp" 5390
"G:/Projets Unreal en cours/ICAN_Backrooms/Content/Characters/Paragon/Heroes/TwinBlast/Textures/T_Twinblast_ActionMovie_Hair_Root.ubulk" 5391
"G:/Projets Unreal en cours/ICAN_Backrooms/Content/Characters/Paragon/Heroes/TwinBlast/Textures/T_Twinblast_ActionMovie_Hair_Root.uasset" 5392
"G:/Projets Unreal en cours/ICAN_Backrooms/Content/Characters/Paragon/Heroes/TwinBlast/Textures/T_Twinblast_ActionMovie_Hair_Root.uexp" 5393
"../../../Engine/Content/Functions/MaterialLayerFunctions/MatLayerBlend_Tint.uasset" 5394
"../../../Engine/Content/Functions/MaterialLayerFunctions/MatLayerBlend_Tint.uexp" 5395
"G:/Projets Unreal en cours/ICAN_Backrooms/Content/Characters/Paragon/Global/ParameterCollections/OrionGlobalGameplayCollection.uasset" 5396
"G:/Projets Unreal en cours/ICAN_Backrooms/Content/Characters/Paragon/Global/ParameterCollections/OrionGlobalGameplayCollection.uexp" 5397
"../../../Engine/Content/Functions/Engine_MaterialFunctions03/Blends/Lerp_ScratchGrime.uasset" 5398
"../../../Engine/Content/Functions/Engine_MaterialFunctions03/Blends/Lerp_ScratchGrime.uexp" 5399
"../../../Engine/Content/EngineMaterials/DefaultNormal.ubulk" 5400
"../../../Engine/Content/EngineMaterials/DefaultNormal.uasset" 5401
"../../../Engine/Content/EngineMaterials/DefaultNormal.uexp" 5402
"G:/Projets Unreal en cours/ICAN_Backrooms/Content/Characters/Paragon/Global/T_TestML_Mask.ubulk" 5403
"G:/Projets Unreal en cours/ICAN_Backrooms/Content/Characters/Paragon/Global/T_TestML_Mask.uasset" 5404
"G:/Projets Unreal en cours/ICAN_Backrooms/Content/Characters/Paragon/Global/T_TestML_Mask.uexp" 5405
"G:/Projets Unreal en cours/ICAN_Backrooms/Content/Characters/Paragon/Global/MaterialLayers/ML__Blank.uasset" 5406
"G:/Projets Unreal en cours/ICAN_Backrooms/Content/Characters/Paragon/Global/MaterialLayers/ML__Blank.uexp" 5407
"../../../Engine/Content/Functions/MaterialLayerFunctions/MatLayerBlend_Emissive.uasset" 5408
"../../../Engine/Content/Functions/MaterialLayerFunctions/MatLayerBlend_Emissive.uexp" 5409
"G:/Projets Unreal en cours/ICAN_Backrooms/Content/Characters/Paragon/Global/MaterialFunctions/MF_HitFlash.uasset" 5410
"G:/Projets Unreal en cours/ICAN_Backrooms/Content/Characters/Paragon/Global/MaterialFunctions/MF_HitFlash.uexp" 5411
"G:/Projets Unreal en cours/ICAN_Backrooms/Content/Characters/Paragon/Global/MaterialLayers/Rubber/T_Blank_N.uasset" 5412
"G:/Projets Unreal en cours/ICAN_Backrooms/Content/Characters/Paragon/Global/MaterialLayers/Rubber/T_Blank_N.uexp" 5413
"G:/Projets Unreal en cours/ICAN_Backrooms/Content/Characters/Paragon/Global/Hair/Textures/T_gradient_stasis.ubulk" 5414
"G:/Projets Unreal en cours/ICAN_Backrooms/Content/Characters/Paragon/Global/Hair/Textures/T_gradient_stasis.uasset" 5415
"G:/Projets Unreal en cours/ICAN_Backrooms/Content/Characters/Paragon/Global/Hair/Textures/T_gradient_stasis.uexp" 5416
"G:/Projets Unreal en cours/ICAN_Backrooms/Content/Characters/Paragon/Global/MaterialFunctions/MaterialLayerConstructors/MLC_Standard.uasset" 5417
"G:/Projets Unreal en cours/ICAN_Backrooms/Content/Characters/Paragon/Global/MaterialFunctions/MaterialLayerConstructors/MLC_Standard.uexp" 5418
"G:/Projets Unreal en cours/ICAN_Backrooms/Content/Characters/Paragon/Global/MaterialFunctions/MF_ParagonCharacterHairWind.uasset" 5419
"G:/Projets Unreal en cours/ICAN_Backrooms/Content/Characters/Paragon/Global/MaterialFunctions/MF_ParagonCharacterHairWind.uexp" 5420
"../../../Engine/Content/Functions/Engine_MaterialFunctions01/Shading/MetallicShading.uasset" 5421
"../../../Engine/Content/Functions/Engine_MaterialFunctions01/Shading/MetallicShading.uexp" 5422
"G:/Projets Unreal en cours/ICAN_Backrooms/Content/Characters/Paragon/Global/Hair/Textures/T_HairClump02_DyeMask.ubulk" 5423
"G:/Projets Unreal en cours/ICAN_Backrooms/Content/Characters/Paragon/Global/Hair/Textures/T_HairClump02_DyeMask.uasset" 5424
"G:/Projets Unreal en cours/ICAN_Backrooms/Content/Characters/Paragon/Global/Hair/Textures/T_HairClump02_DyeMask.uexp" 5425
"G:/Projets Unreal en cours/ICAN_Backrooms/Content/Characters/Paragon/Global/Hair/Textures/T_Fire_Tiled_D.ubulk" 5426
"G:/Projets Unreal en cours/ICAN_Backrooms/Content/Characters/Paragon/Global/Hair/Textures/T_Fire_Tiled_D.uasset" 5427
"G:/Projets Unreal en cours/ICAN_Backrooms/Content/Characters/Paragon/Global/Hair/Textures/T_Fire_Tiled_D.uexp" 5428
"G:/Projets Unreal en cours/ICAN_Backrooms/Content/Characters/Paragon/Global/MaterialFunctions/MF_BrightnessAdjust.uasset" 5429
"G:/Projets Unreal en cours/ICAN_Backrooms/Content/Characters/Paragon/Global/MaterialFunctions/MF_BrightnessAdjust.uexp" 5430
"../../../Engine/Content/Functions/MaterialLayerFunctions/MatLayerBlend_Standard.uasset" 5431
"../../../Engine/Content/Functions/MaterialLayerFunctions/MatLayerBlend_Standard.uexp" 5432
"G:/Projets Unreal en cours/ICAN_Backrooms/Content/Characters/Paragon/Global/Textures/Noise/T_AtmosphericCloudNoise03.ubulk" 5433
"G:/Projets Unreal en cours/ICAN_Backrooms/Content/Characters/Paragon/Global/Textures/Noise/T_AtmosphericCloudNoise03.uasset" 5434
"G:/Projets Unreal en cours/ICAN_Backrooms/Content/Characters/Paragon/Global/Textures/Noise/T_AtmosphericCloudNoise03.uexp" 5435
"G:/Projets Unreal en cours/ICAN_Backrooms/Content/Characters/Paragon/Global/Hair/Materials/MF_BlendHairColorsWithParam.uasset" 5436
"G:/Projets Unreal en cours/ICAN_Backrooms/Content/Characters/Paragon/Global/Hair/Materials/MF_BlendHairColorsWithParam.uexp" 5437
"G:/Projets Unreal en cours/ICAN_Backrooms/Content/Characters/Paragon/Global/Textures/Noise/T_AtmosphericCloudNoise01.ubulk" 5438
"G:/Projets Unreal en cours/ICAN_Backrooms/Content/Characters/Paragon/Global/Textures/Noise/T_AtmosphericCloudNoise01.uasset" 5439
"G:/Projets Unreal en cours/ICAN_Backrooms/Content/Characters/Paragon/Global/Textures/Noise/T_AtmosphericCloudNoise01.uexp" 5440
"G:/Projets Unreal en cours/ICAN_Backrooms/Content/Characters/Paragon/Global/Textures/Noise/T_AtmosphericCloudNoise01_N.ubulk" 5441
"G:/Projets Unreal en cours/ICAN_Backrooms/Content/Characters/Paragon/Global/Textures/Noise/T_AtmosphericCloudNoise01_N.uasset" 5442
"G:/Projets Unreal en cours/ICAN_Backrooms/Content/Characters/Paragon/Global/Textures/Noise/T_AtmosphericCloudNoise01_N.uexp" 5443
"G:/Projets Unreal en cours/ICAN_Backrooms/Content/Characters/Paragon/Global/MaterialFunctions/MF_DeathFade.uasset" 5444
"G:/Projets Unreal en cours/ICAN_Backrooms/Content/Characters/Paragon/Global/MaterialFunctions/MF_DeathFade.uexp" 5445
"G:/Projets Unreal en cours/ICAN_Backrooms/Content/Characters/Paragon/Global/Hair/Textures/T_HairClump02_Roots.ubulk" 5446
"G:/Projets Unreal en cours/ICAN_Backrooms/Content/Characters/Paragon/Global/Hair/Textures/T_HairClump02_Roots.uasset" 5447
"G:/Projets Unreal en cours/ICAN_Backrooms/Content/Characters/Paragon/Global/Hair/Textures/T_HairClump02_Roots.uexp" 5448
"G:/Projets Unreal en cours/ICAN_Backrooms/Content/Characters/Paragon/Global/Hair/Textures/T_HairClump02_Depth.ubulk" 5449
"G:/Projets Unreal en cours/ICAN_Backrooms/Content/Characters/Paragon/Global/Hair/Textures/T_HairClump02_Depth.uasset" 5450
"G:/Projets Unreal en cours/ICAN_Backrooms/Content/Characters/Paragon/Global/Hair/Textures/T_HairClump02_Depth.uexp" 5451
"../../../Engine/Content/Functions/MaterialLayerFunctions/MatLayerBlend_OverrideBaseColor.uasset" 5452
"../../../Engine/Content/Functions/MaterialLayerFunctions/MatLayerBlend_OverrideBaseColor.uexp" 5453
"G:/Projets Unreal en cours/ICAN_Backrooms/Content/Characters/Paragon/Global/MaterialLayers/Metal/T_Blue_Metal02.ubulk" 5454
"G:/Projets Unreal en cours/ICAN_Backrooms/Content/Characters/Paragon/Global/MaterialLayers/Metal/T_Blue_Metal02.uasset" 5455
"G:/Projets Unreal en cours/ICAN_Backrooms/Content/Characters/Paragon/Global/MaterialLayers/Metal/T_Blue_Metal02.uexp" 5456
"G:/Projets Unreal en cours/ICAN_Backrooms/Content/Characters/Paragon/Global/MaterialFunctions/MaterialLayerConstructors/MLC_ScratchAndGrime.uasset" 5457
"G:/Projets Unreal en cours/ICAN_Backrooms/Content/Characters/Paragon/Global/MaterialFunctions/MaterialLayerConstructors/MLC_ScratchAndGrime.uexp" 5458
"../../../Engine/Content/Functions/MaterialLayerFunctions/MatLayerBlend_BreakBaseColor.uasset" 5459
"../../../Engine/Content/Functions/MaterialLayerFunctions/MatLayerBlend_BreakBaseColor.uexp" 5460
"G:/Projets Unreal en cours/ICAN_Backrooms/Content/Characters/Paragon/Global/MaterialLayers/Metal/ML_blue_Metal.uasset" 5461
"G:/Projets Unreal en cours/ICAN_Backrooms/Content/Characters/Paragon/Global/MaterialLayers/Metal/ML_blue_Metal.uexp" 5462
"G:/Projets Unreal en cours/ICAN_Backrooms/Content/Characters/Paragon/Global/Hair/Textures/T_Caustics_2.ubulk" 5463
"G:/Projets Unreal en cours/ICAN_Backrooms/Content/Characters/Paragon/Global/Hair/Textures/T_Caustics_2.uasset" 5464
"G:/Projets Unreal en cours/ICAN_Backrooms/Content/Characters/Paragon/Global/Hair/Textures/T_Caustics_2.uexp" 5465
"G:/Projets Unreal en cours/ICAN_Backrooms/Content/Characters/Paragon/Global/Hair/Textures/T_HairClump02_Alpha.ubulk" 5466
"G:/Projets Unreal en cours/ICAN_Backrooms/Content/Characters/Paragon/Global/Hair/Textures/T_HairClump02_Alpha.uasset" 5467
"G:/Projets Unreal en cours/ICAN_Backrooms/Content/Characters/Paragon/Global/Hair/Textures/T_HairClump02_Alpha.uexp" 5468
"G:/Projets Unreal en cours/ICAN_Backrooms/Content/Characters/Paragon/Global/Hair/Textures/T_TwinblastHair_Flow.uasset" 5469
"G:/Projets Unreal en cours/ICAN_Backrooms/Content/Characters/Paragon/Global/Hair/Textures/T_TwinblastHair_Flow.uexp" 5470
"../../../Engine/Content/Functions/Engine_MaterialFunctions02/Math/MultiplyAdd.uasset" 5471
"../../../Engine/Content/Functions/Engine_MaterialFunctions02/Math/MultiplyAdd.uexp" 5472
"G:/Projets Unreal en cours/ICAN_Backrooms/Content/Characters/Paragon/Global/MaterialFunctions/MF_OrionRimlight.uasset" 5473
"G:/Projets Unreal en cours/ICAN_Backrooms/Content/Characters/Paragon/Global/MaterialFunctions/MF_OrionRimlight.uexp" 5474
"G:/Projets Unreal en cours/ICAN_Backrooms/Content/Characters/Paragon/Global/MaterialFunctions/MF_CharacterEffects.uasset" 5475
"G:/Projets Unreal en cours/ICAN_Backrooms/Content/Characters/Paragon/Global/MaterialFunctions/MF_CharacterEffects.uexp" 5476
"G:/Projets Unreal en cours/ICAN_Backrooms/Content/Characters/Paragon/Global/Hair/Textures/T_HairClump02_ID.ubulk" 5477
"G:/Projets Unreal en cours/ICAN_Backrooms/Content/Characters/Paragon/Global/Hair/Textures/T_HairClump02_ID.uasset" 5478
"G:/Projets Unreal en cours/ICAN_Backrooms/Content/Characters/Paragon/Global/Hair/Textures/T_HairClump02_ID.uexp" 5479
"../../../Engine/Content/EditorMaterials/Cascade/CASC_Solo_On.uasset" 5480
"../../../Engine/Content/EditorMaterials/Cascade/CASC_Solo_On.uexp" 5481
"G:/Projets Unreal en cours/ICAN_Backrooms/Content/Characters/Paragon/Global/Hair/Textures/T_PyroPhoenix_Front_Feather_Pattern.ubulk" 5482
"G:/Projets Unreal en cours/ICAN_Backrooms/Content/Characters/Paragon/Global/Hair/Textures/T_PyroPhoenix_Front_Feather_Pattern.uasset" 5483
"G:/Projets Unreal en cours/ICAN_Backrooms/Content/Characters/Paragon/Global/Hair/Textures/T_PyroPhoenix_Front_Feather_Pattern.uexp" 5484
"../../../Engine/Content/EngineResources/Black.uasset" 5485
"../../../Engine/Content/EngineResources/Black.uexp" 5486
"G:/Projets Unreal en cours/ICAN_Backrooms/Content/Characters/Paragon/Global/Hair/Materials/M_HairSheet_Master2.uasset" 5487
"G:/Projets Unreal en cours/ICAN_Backrooms/Content/Characters/Paragon/Global/Hair/Materials/M_HairSheet_Master2.uexp" 5488
"G:/Projets Unreal en cours/ICAN_Backrooms/Content/Characters/Paragon/Global/Hair/Textures/T_TwinBlast_Hair_ID.ubulk" 5489
"G:/Projets Unreal en cours/ICAN_Backrooms/Content/Characters/Paragon/Global/Hair/Textures/T_TwinBlast_Hair_ID.uasset" 5490
"G:/Projets Unreal en cours/ICAN_Backrooms/Content/Characters/Paragon/Global/Hair/Textures/T_TwinBlast_Hair_ID.uexp" 5491
"G:/Projets Unreal en cours/ICAN_Backrooms/Content/Characters/Paragon/Heroes/TwinBlast/Textures/T_Twinblast_ActionMovie_Hair_Alpha.ubulk" 5492
"G:/Projets Unreal en cours/ICAN_Backrooms/Content/Characters/Paragon/Heroes/TwinBlast/Textures/T_Twinblast_ActionMovie_Hair_Alpha.uasset" 5493
"G:/Projets Unreal en cours/ICAN_Backrooms/Content/Characters/Paragon/Heroes/TwinBlast/Textures/T_Twinblast_ActionMovie_Hair_Alpha.uexp" 5494
"G:/Projets Unreal en cours/ICAN_Backrooms/Content/Characters/Paragon/Heroes/TwinBlast/Textures/T_Twinblast_ActionMovie_Hair_Depth.ubulk" 5495
"G:/Projets Unreal en cours/ICAN_Backrooms/Content/Characters/Paragon/Heroes/TwinBlast/Textures/T_Twinblast_ActionMovie_Hair_Depth.uasset" 5496
"G:/Projets Unreal en cours/ICAN_Backrooms/Content/Characters/Paragon/Heroes/TwinBlast/Textures/T_Twinblast_ActionMovie_Hair_Depth.uexp" 5497
"G:/Projets Unreal en cours/ICAN_Backrooms/Content/Characters/Paragon/Heroes/TwinBlast/Materials/MI_TwinBlast_ActionMovie_Hair.uasset" 5498
"G:/Projets Unreal en cours/ICAN_Backrooms/Content/Characters/Paragon/Heroes/TwinBlast/Materials/MI_TwinBlast_ActionMovie_Hair.uexp" 5499
"G:/Projets Unreal en cours/ICAN_Backrooms/Content/Characters/Paragon/Global/MaterialLayers/Fabric/T_ML_Cloth_D.ubulk" 5500
"G:/Projets Unreal en cours/ICAN_Backrooms/Content/Characters/Paragon/Global/MaterialLayers/Fabric/T_ML_Cloth_D.uasset" 5501
"G:/Projets Unreal en cours/ICAN_Backrooms/Content/Characters/Paragon/Global/MaterialLayers/Fabric/T_ML_Cloth_D.uexp" 5502
"G:/Projets Unreal en cours/ICAN_Backrooms/Content/Characters/Paragon/Global/MaterialLayers/Synthetics/T_Metallic_Flakes_MASK.ubulk" 5503
"G:/Projets Unreal en cours/ICAN_Backrooms/Content/Characters/Paragon/Global/MaterialLayers/Synthetics/T_Metallic_Flakes_MASK.uasset" 5504
"G:/Projets Unreal en cours/ICAN_Backrooms/Content/Characters/Paragon/Global/MaterialLayers/Synthetics/T_Metallic_Flakes_MASK.uexp" 5505
"G:/Projets Unreal en cours/ICAN_Backrooms/Content/Characters/Paragon/Global/MaterialFunctions/MF_Mask_Harden.uasset" 5506
"G:/Projets Unreal en cours/ICAN_Backrooms/Content/Characters/Paragon/Global/MaterialFunctions/MF_Mask_Harden.uexp" 5507
"G:/Projets Unreal en cours/ICAN_Backrooms/Content/Characters/Paragon/Global/MaterialLayers/Painted/ML_Plain_Glossy_Plastic.uasset" 5508
"G:/Projets Unreal en cours/ICAN_Backrooms/Content/Characters/Paragon/Global/MaterialLayers/Painted/ML_Plain_Glossy_Plastic.uexp" 5509
"G:/Projets Unreal en cours/ICAN_Backrooms/Content/Characters/Paragon/Global/MaterialFunctions/MF_Normalboost.uasset" 5510
"G:/Projets Unreal en cours/ICAN_Backrooms/Content/Characters/Paragon/Global/MaterialFunctions/MF_Normalboost.uexp" 5511
"G:/Projets Unreal en cours/ICAN_Backrooms/Content/Characters/Paragon/Heroes/TwinBlast/Textures/T_Twinblast_ActionMovie_Coat_RGBA.ubulk" 5512
"G:/Projets Unreal en cours/ICAN_Backrooms/Content/Characters/Paragon/Heroes/TwinBlast/Textures/T_Twinblast_ActionMovie_Coat_RGBA.uasset" 5513
"G:/Projets Unreal en cours/ICAN_Backrooms/Content/Characters/Paragon/Heroes/TwinBlast/Textures/T_Twinblast_ActionMovie_Coat_RGBA.uexp" 5514
"G:/Projets Unreal en cours/ICAN_Backrooms/Content/Characters/Paragon/Global/MaterialLayers/Special/MF_SimpleDirt.uasset" 5515
"G:/Projets Unreal en cours/ICAN_Backrooms/Content/Characters/Paragon/Global/MaterialLayers/Special/MF_SimpleDirt.uexp" 5516
"G:/Projets Unreal en cours/ICAN_Backrooms/Content/Characters/Paragon/Global/MaterialLayers/Fabric/T_GoldFabric01_N.ubulk" 5517
"G:/Projets Unreal en cours/ICAN_Backrooms/Content/Characters/Paragon/Global/MaterialLayers/Fabric/T_GoldFabric01_N.uasset" 5518
"G:/Projets Unreal en cours/ICAN_Backrooms/Content/Characters/Paragon/Global/MaterialLayers/Fabric/T_GoldFabric01_N.uexp" 5519
"G:/Projets Unreal en cours/ICAN_Backrooms/Content/Characters/Paragon/Global/MaterialLayers/Fabric/ML_Chiffon.uasset" 5520
"G:/Projets Unreal en cours/ICAN_Backrooms/Content/Characters/Paragon/Global/MaterialLayers/Fabric/ML_Chiffon.uexp" 5521
"G:/Projets Unreal en cours/ICAN_Backrooms/Content/Characters/Paragon/Global/MaterialLayers/Metal/T_ML_Aluminum_01_N.ubulk" 5522
"G:/Projets Unreal en cours/ICAN_Backrooms/Content/Characters/Paragon/Global/MaterialLayers/Metal/T_ML_Aluminum_01_N.uasset" 5523
"G:/Projets Unreal en cours/ICAN_Backrooms/Content/Characters/Paragon/Global/MaterialLayers/Metal/T_ML_Aluminum_01_N.uexp" 5524
"G:/Projets Unreal en cours/ICAN_Backrooms/Content/Characters/Paragon/Global/Textures/T_Twinblast_UV2_RGB.ubulk" 5525
"G:/Projets Unreal en cours/ICAN_Backrooms/Content/Characters/Paragon/Global/Textures/T_Twinblast_UV2_RGB.uasset" 5526
"G:/Projets Unreal en cours/ICAN_Backrooms/Content/Characters/Paragon/Global/Textures/T_Twinblast_UV2_RGB.uexp" 5527
"G:/Projets Unreal en cours/ICAN_Backrooms/Content/Characters/Paragon/Heroes/TwinBlast/Textures/T_Twinblast_ActionMovie_Jacket_N.ubulk" 5528
"G:/Projets Unreal en cours/ICAN_Backrooms/Content/Characters/Paragon/Heroes/TwinBlast/Textures/T_Twinblast_ActionMovie_Jacket_N.uasset" 5529
"G:/Projets Unreal en cours/ICAN_Backrooms/Content/Characters/Paragon/Heroes/TwinBlast/Textures/T_Twinblast_ActionMovie_Jacket_N.uexp" 5530
"G:/Projets Unreal en cours/ICAN_Backrooms/Content/Characters/Paragon/Global/MaterialFunctions/MaterialLayerConstructors/MLC_SolidValues.uasset" 5531
"G:/Projets Unreal en cours/ICAN_Backrooms/Content/Characters/Paragon/Global/MaterialFunctions/MaterialLayerConstructors/MLC_SolidValues.uexp" 5532
"../../../Engine/Content/EngineMaterials/FlatNormal.uasset" 5533
"../../../Engine/Content/EngineMaterials/FlatNormal.uexp" 5534
"G:/Projets Unreal en cours/ICAN_Backrooms/Content/Characters/Paragon/Global/MaterialLayers/Metal/T_hardmetal2_D.ubulk" 5535
"G:/Projets Unreal en cours/ICAN_Backrooms/Content/Characters/Paragon/Global/MaterialLayers/Metal/T_hardmetal2_D.uasset" 5536
"G:/Projets Unreal en cours/ICAN_Backrooms/Content/Characters/Paragon/Global/MaterialLayers/Metal/T_hardmetal2_D.uexp" 5537
"G:/Projets Unreal en cours/ICAN_Backrooms/Content/Characters/Paragon/Global/MaterialLayers/Metal/ML_LowContrastHardMetal.uasset" 5538
"G:/Projets Unreal en cours/ICAN_Backrooms/Content/Characters/Paragon/Global/MaterialLayers/Metal/ML_LowContrastHardMetal.uexp" 5539
"../../../Engine/Content/Functions/MaterialLayerFunctions/MatLayerBlend_BakedNormal.uasset" 5540
"../../../Engine/Content/Functions/MaterialLayerFunctions/MatLayerBlend_BakedNormal.uexp" 5541
"../../../Engine/Content/Functions/MaterialLayerFunctions/MatLayerBlend_TenLayerBlend.uasset" 5542
"../../../Engine/Content/Functions/MaterialLayerFunctions/MatLayerBlend_TenLayerBlend.uexp" 5543
"G:/Projets Unreal en cours/ICAN_Backrooms/Content/Characters/Paragon/Heroes/TwinBlast/Textures/T_Twinblast_ActionMovie_Coat_Mask_01.ubulk" 5544
"G:/Projets Unreal en cours/ICAN_Backrooms/Content/Characters/Paragon/Heroes/TwinBlast/Textures/T_Twinblast_ActionMovie_Coat_Mask_01.uasset" 5545
"G:/Projets Unreal en cours/ICAN_Backrooms/Content/Characters/Paragon/Heroes/TwinBlast/Textures/T_Twinblast_ActionMovie_Coat_Mask_01.uexp" 5546
"G:/Projets Unreal en cours/ICAN_Backrooms/Content/Characters/Paragon/Heroes/TwinBlast/Textures/T_Twinblast_ActionMovie_Coat_Pattern_N.ubulk" 5547
"G:/Projets Unreal en cours/ICAN_Backrooms/Content/Characters/Paragon/Heroes/TwinBlast/Textures/T_Twinblast_ActionMovie_Coat_Pattern_N.uasset" 5548
"G:/Projets Unreal en cours/ICAN_Backrooms/Content/Characters/Paragon/Heroes/TwinBlast/Textures/T_Twinblast_ActionMovie_Coat_Pattern_N.uexp" 5549
"G:/Projets Unreal en cours/ICAN_Backrooms/Content/Characters/Paragon/Global/MaterialFunctions/MaterialLayerConstructors/MF_RoughnessAdjustment.uasset" 5550
"G:/Projets Unreal en cours/ICAN_Backrooms/Content/Characters/Paragon/Global/MaterialFunctions/MaterialLayerConstructors/MF_RoughnessAdjustment.uexp" 5551
"G:/Projets Unreal en cours/ICAN_Backrooms/Content/Characters/Paragon/Global/MaterialLayers/Painted/T_PaintScratches.ubulk" 5552
"G:/Projets Unreal en cours/ICAN_Backrooms/Content/Characters/Paragon/Global/MaterialLayers/Painted/T_PaintScratches.uasset" 5553
"G:/Projets Unreal en cours/ICAN_Backrooms/Content/Characters/Paragon/Global/MaterialLayers/Painted/T_PaintScratches.uexp" 5554
"G:/Projets Unreal en cours/ICAN_Backrooms/Content/Characters/Paragon/Global/Textures/T_ThinFilm_Spectrum_COLOR.ubulk" 5555
"G:/Projets Unreal en cours/ICAN_Backrooms/Content/Characters/Paragon/Global/Textures/T_ThinFilm_Spectrum_COLOR.uasset" 5556
"G:/Projets Unreal en cours/ICAN_Backrooms/Content/Characters/Paragon/Global/Textures/T_ThinFilm_Spectrum_COLOR.uexp" 5557
"G:/Projets Unreal en cours/ICAN_Backrooms/Content/Characters/Paragon/Global/MaterialLayers/Synthetics/T_Metallic_Flakes_N.ubulk" 5558
"G:/Projets Unreal en cours/ICAN_Backrooms/Content/Characters/Paragon/Global/MaterialLayers/Synthetics/T_Metallic_Flakes_N.uasset" 5559
"G:/Projets Unreal en cours/ICAN_Backrooms/Content/Characters/Paragon/Global/MaterialLayers/Synthetics/T_Metallic_Flakes_N.uexp" 5560
"G:/Projets Unreal en cours/ICAN_Backrooms/Content/Characters/Paragon/Global/MaterialLayers/Synthetics/ML_MetallicFlakes_2.uasset" 5561
"G:/Projets Unreal en cours/ICAN_Backrooms/Content/Characters/Paragon/Global/MaterialLayers/Synthetics/ML_MetallicFlakes_2.uexp" 5562
"../../../Engine/Content/Functions/Engine_MaterialFunctions01/ImageAdjustment/DeriveHDRfromLDR.uasset" 5563
"../../../Engine/Content/Functions/Engine_MaterialFunctions01/ImageAdjustment/DeriveHDRfromLDR.uexp" 5564
"G:/Projets Unreal en cours/ICAN_Backrooms/Content/Characters/Paragon/Heroes/TwinBlast/Textures/T_Twinblast_ActionMovie_Coat_Pattern.ubulk" 5565
"G:/Projets Unreal en cours/ICAN_Backrooms/Content/Characters/Paragon/Heroes/TwinBlast/Textures/T_Twinblast_ActionMovie_Coat_Pattern.uasset" 5566
"G:/Projets Unreal en cours/ICAN_Backrooms/Content/Characters/Paragon/Heroes/TwinBlast/Textures/T_Twinblast_ActionMovie_Coat_Pattern.uexp" 5567
"G:/Projets Unreal en cours/ICAN_Backrooms/Content/Characters/Paragon/Heroes/TwinBlast/Materials/MF_TB_AM_CoatGlow.uasset" 5568
"G:/Projets Unreal en cours/ICAN_Backrooms/Content/Characters/Paragon/Heroes/TwinBlast/Materials/MF_TB_AM_CoatGlow.uexp" 5569
"G:/Projets Unreal en cours/ICAN_Backrooms/Content/Characters/Paragon/Heroes/TwinBlast/Materials/Layers/ML_Dragon.uasset" 5570
"G:/Projets Unreal en cours/ICAN_Backrooms/Content/Characters/Paragon/Heroes/TwinBlast/Materials/Layers/ML_Dragon.uexp" 5571
"G:/Projets Unreal en cours/ICAN_Backrooms/Content/Characters/Paragon/Global/MaterialFunctions/MF_OrionCharacterAO.uasset" 5572
"G:/Projets Unreal en cours/ICAN_Backrooms/Content/Characters/Paragon/Global/MaterialFunctions/MF_OrionCharacterAO.uexp" 5573
"G:/Projets Unreal en cours/ICAN_Backrooms/Content/Characters/Paragon/Heroes/TwinBlast/Materials/M_TwinBlast_ActionMovie_Coat.uasset" 5574
"G:/Projets Unreal en cours/ICAN_Backrooms/Content/Characters/Paragon/Heroes/TwinBlast/Materials/M_TwinBlast_ActionMovie_Coat.uexp" 5575
"G:/Projets Unreal en cours/ICAN_Backrooms/Content/Characters/Paragon/Global/MaterialLayers/Fabric/T_Wool2_N.ubulk" 5576
"G:/Projets Unreal en cours/ICAN_Backrooms/Content/Characters/Paragon/Global/MaterialLayers/Fabric/T_Wool2_N.uasset" 5577
"G:/Projets Unreal en cours/ICAN_Backrooms/Content/Characters/Paragon/Global/MaterialLayers/Fabric/T_Wool2_N.uexp" 5578
"G:/Projets Unreal en cours/ICAN_Backrooms/Content/Characters/Paragon/Global/MaterialLayers/Wood/T_ChestWood.ubulk" 5579
"G:/Projets Unreal en cours/ICAN_Backrooms/Content/Characters/Paragon/Global/MaterialLayers/Wood/T_ChestWood.uasset" 5580
"G:/Projets Unreal en cours/ICAN_Backrooms/Content/Characters/Paragon/Global/MaterialLayers/Wood/T_ChestWood.uexp" 5581
"G:/Projets Unreal en cours/ICAN_Backrooms/Content/Characters/Paragon/Global/MaterialLayers/Wood/T_ChestWood_N.ubulk" 5582
"G:/Projets Unreal en cours/ICAN_Backrooms/Content/Characters/Paragon/Global/MaterialLayers/Wood/T_ChestWood_N.uasset" 5583
"G:/Projets Unreal en cours/ICAN_Backrooms/Content/Characters/Paragon/Global/MaterialLayers/Wood/T_ChestWood_N.uexp" 5584
"G:/Projets Unreal en cours/ICAN_Backrooms/Content/Characters/Paragon/Global/MaterialLayers/Wood/ML_DistressedWood.uasset" 5585
"G:/Projets Unreal en cours/ICAN_Backrooms/Content/Characters/Paragon/Global/MaterialLayers/Wood/ML_DistressedWood.uexp" 5586
"G:/Projets Unreal en cours/ICAN_Backrooms/Content/Characters/Paragon/Global/MaterialLayers/Synthetics/T_Swirly_Noise_highContrast.ubulk" 5587
"G:/Projets Unreal en cours/ICAN_Backrooms/Content/Characters/Paragon/Global/MaterialLayers/Synthetics/T_Swirly_Noise_highContrast.uasset" 5588
"G:/Projets Unreal en cours/ICAN_Backrooms/Content/Characters/Paragon/Global/MaterialLayers/Synthetics/T_Swirly_Noise_highContrast.uexp" 5589
"G:/Projets Unreal en cours/ICAN_Backrooms/Content/Characters/Paragon/Heroes/TwinBlast/Textures/T_Twinblast_ActionMovie_ShirtGlasses_Mask_05.ubulk" 5590
"G:/Projets Unreal en cours/ICAN_Backrooms/Content/Characters/Paragon/Heroes/TwinBlast/Textures/T_Twinblast_ActionMovie_ShirtGlasses_Mask_05.uasset" 5591
"G:/Projets Unreal en cours/ICAN_Backrooms/Content/Characters/Paragon/Heroes/TwinBlast/Textures/T_Twinblast_ActionMovie_ShirtGlasses_Mask_05.uexp" 5592
"G:/Projets Unreal en cours/ICAN_Backrooms/Content/Characters/Paragon/Heroes/TwinBlast/Materials/TwinBlast_Skin.uasset" 5593
"G:/Projets Unreal en cours/ICAN_Backrooms/Content/Characters/Paragon/Heroes/TwinBlast/Materials/TwinBlast_Skin.uexp" 5594
"G:/Projets Unreal en cours/ICAN_Backrooms/Content/Characters/Paragon/Global/MaterialLayers/Synthetics/ML_Glass.uasset" 5595
"G:/Projets Unreal en cours/ICAN_Backrooms/Content/Characters/Paragon/Global/MaterialLayers/Synthetics/ML_Glass.uexp" 5596
"G:/Projets Unreal en cours/ICAN_Backrooms/Content/Characters/Paragon/Global/MaterialLayers/Rubber/T_ML_FineRubber_N.ubulk" 5597
"G:/Projets Unreal en cours/ICAN_Backrooms/Content/Characters/Paragon/Global/MaterialLayers/Rubber/T_ML_FineRubber_N.uasset" 5598
"G:/Projets Unreal en cours/ICAN_Backrooms/Content/Characters/Paragon/Global/MaterialLayers/Rubber/T_ML_FineRubber_N.uexp" 5599
"G:/Projets Unreal en cours/ICAN_Backrooms/Content/Characters/Paragon/Global/MaterialFunctions/MaterialLayerConstructors/MF_BaseColorTintAndContrast.uasset" 5600
"G:/Projets Unreal en cours/ICAN_Backrooms/Content/Characters/Paragon/Global/MaterialFunctions/MaterialLayerConstructors/MF_BaseColorTintAndContrast.uexp" 5601
"G:/Projets Unreal en cours/ICAN_Backrooms/Content/Characters/Paragon/Global/MaterialLayers/Synthetics/ML_BodyPaint.uasset" 5602
"G:/Projets Unreal en cours/ICAN_Backrooms/Content/Characters/Paragon/Global/MaterialLayers/Synthetics/ML_BodyPaint.uexp" 5603
"G:/Projets Unreal en cours/ICAN_Backrooms/Content/Characters/Paragon/Heroes/TwinBlast/Textures/T_Twinblast_ActionMovie_ShirtGlasses_Mask_03.ubulk" 5604
"G:/Projets Unreal en cours/ICAN_Backrooms/Content/Characters/Paragon/Heroes/TwinBlast/Textures/T_Twinblast_ActionMovie_ShirtGlasses_Mask_03.uasset" 5605
"G:/Projets Unreal en cours/ICAN_Backrooms/Content/Characters/Paragon/Heroes/TwinBlast/Textures/T_Twinblast_ActionMovie_ShirtGlasses_Mask_03.uexp" 5606
"G:/Projets Unreal en cours/ICAN_Backrooms/Content/Characters/Paragon/Heroes/TwinBlast/Textures/T_Twinblast_ActionMovie_ShirtGlasses_Mask_02.ubulk" 5607
"G:/Projets Unreal en cours/ICAN_Backrooms/Content/Characters/Paragon/Heroes/TwinBlast/Textures/T_Twinblast_ActionMovie_ShirtGlasses_Mask_02.uasset" 5608
"G:/Projets Unreal en cours/ICAN_Backrooms/Content/Characters/Paragon/Heroes/TwinBlast/Textures/T_Twinblast_ActionMovie_ShirtGlasses_Mask_02.uexp" 5609
"G:/Projets Unreal en cours/ICAN_Backrooms/Content/Characters/Paragon/Global/MaterialFunctions/MF_RimLight.uasset" 5610
"G:/Projets Unreal en cours/ICAN_Backrooms/Content/Characters/Paragon/Global/MaterialFunctions/MF_RimLight.uexp" 5611
"G:/Projets Unreal en cours/ICAN_Backrooms/Content/Characters/Paragon/Global/MaterialLayers/Fabric/T_ML_Fabric_Basic2.ubulk" 5612
"G:/Projets Unreal en cours/ICAN_Backrooms/Content/Characters/Paragon/Global/MaterialLayers/Fabric/T_ML_Fabric_Basic2.uasset" 5613
"G:/Projets Unreal en cours/ICAN_Backrooms/Content/Characters/Paragon/Global/MaterialLayers/Fabric/T_ML_Fabric_Basic2.uexp" 5614
"G:/Projets Unreal en cours/ICAN_Backrooms/Content/Characters/Paragon/Heroes/TwinBlast/Materials/MF/MF_ClothShading.uasset" 5615
"G:/Projets Unreal en cours/ICAN_Backrooms/Content/Characters/Paragon/Heroes/TwinBlast/Materials/MF/MF_ClothShading.uexp" 5616
"G:/Projets Unreal en cours/ICAN_Backrooms/Content/Characters/Paragon/Global/MaterialLayers/Fabric/T_ML_Fabric_Blue_Medium_N.ubulk" 5617
"G:/Projets Unreal en cours/ICAN_Backrooms/Content/Characters/Paragon/Global/MaterialLayers/Fabric/T_ML_Fabric_Blue_Medium_N.uasset" 5618
"G:/Projets Unreal en cours/ICAN_Backrooms/Content/Characters/Paragon/Global/MaterialLayers/Fabric/T_ML_Fabric_Blue_Medium_N.uexp" 5619
"G:/Projets Unreal en cours/ICAN_Backrooms/Content/Characters/Paragon/Global/MaterialLayers/Fabric/ML_Fabric_Basic.uasset" 5620
"G:/Projets Unreal en cours/ICAN_Backrooms/Content/Characters/Paragon/Global/MaterialLayers/Fabric/ML_Fabric_Basic.uexp" 5621
"G:/Projets Unreal en cours/ICAN_Backrooms/Content/Characters/Paragon/Heroes/TwinBlast/Textures/T_Twinblast_ActionMovie_ShirtGlasses_N.ubulk" 5622
"G:/Projets Unreal en cours/ICAN_Backrooms/Content/Characters/Paragon/Heroes/TwinBlast/Textures/T_Twinblast_ActionMovie_ShirtGlasses_N.uasset" 5623
"G:/Projets Unreal en cours/ICAN_Backrooms/Content/Characters/Paragon/Heroes/TwinBlast/Textures/T_Twinblast_ActionMovie_ShirtGlasses_N.uexp" 5624
"G:/Projets Unreal en cours/ICAN_Backrooms/Content/Characters/Paragon/Global/MaterialFunctions/MF_Character_MaterialLayerQuality.uasset" 5625
"G:/Projets Unreal en cours/ICAN_Backrooms/Content/Characters/Paragon/Global/MaterialFunctions/MF_Character_MaterialLayerQuality.uexp" 5626
"G:/Projets Unreal en cours/ICAN_Backrooms/Content/Characters/Paragon/Global/MaterialFunctions/MF_ClothShading.uasset" 5627
"G:/Projets Unreal en cours/ICAN_Backrooms/Content/Characters/Paragon/Global/MaterialFunctions/MF_ClothShading.uexp" 5628
"G:/Projets Unreal en cours/ICAN_Backrooms/Content/Characters/Paragon/Global/MaterialLayers/Fabric/T_Wool2_D.ubulk" 5629
"G:/Projets Unreal en cours/ICAN_Backrooms/Content/Characters/Paragon/Global/MaterialLayers/Fabric/T_Wool2_D.uasset" 5630
"G:/Projets Unreal en cours/ICAN_Backrooms/Content/Characters/Paragon/Global/MaterialLayers/Fabric/T_Wool2_D.uexp" 5631
"G:/Projets Unreal en cours/ICAN_Backrooms/Content/Characters/Paragon/Global/MaterialLayers/Fabric/ML_Wool02.uasset" 5632
"G:/Projets Unreal en cours/ICAN_Backrooms/Content/Characters/Paragon/Global/MaterialLayers/Fabric/ML_Wool02.uexp" 5633
"G:/Projets Unreal en cours/ICAN_Backrooms/Content/Characters/Paragon/Heroes/TwinBlast/Textures/T_Twinblast_ActionMovie_ShirtGlasses_Mask_06.ubulk" 5634
"G:/Projets Unreal en cours/ICAN_Backrooms/Content/Characters/Paragon/Heroes/TwinBlast/Textures/T_Twinblast_ActionMovie_ShirtGlasses_Mask_06.uasset" 5635
"G:/Projets Unreal en cours/ICAN_Backrooms/Content/Characters/Paragon/Heroes/TwinBlast/Textures/T_Twinblast_ActionMovie_ShirtGlasses_Mask_06.uexp" 5636
"G:/Projets Unreal en cours/ICAN_Backrooms/Content/Characters/Paragon/Heroes/TwinBlast/Textures/T_Twinblast_ActionMovie_ShirtGlasses_RGBA.ubulk" 5637
"G:/Projets Unreal en cours/ICAN_Backrooms/Content/Characters/Paragon/Heroes/TwinBlast/Textures/T_Twinblast_ActionMovie_ShirtGlasses_RGBA.uasset" 5638
"G:/Projets Unreal en cours/ICAN_Backrooms/Content/Characters/Paragon/Heroes/TwinBlast/Textures/T_Twinblast_ActionMovie_ShirtGlasses_RGBA.uexp" 5639
"G:/Projets Unreal en cours/ICAN_Backrooms/Content/Characters/Paragon/Global/MaterialLayers/Metal/ML_BladeMetal2_Tint.uasset" 5640
"G:/Projets Unreal en cours/ICAN_Backrooms/Content/Characters/Paragon/Global/MaterialLayers/Metal/ML_BladeMetal2_Tint.uexp" 5641
"../../../Engine/Content/Functions/MaterialLayerFunctions/MatLayerBlend_ModulateRoughness.uasset" 5642
"../../../Engine/Content/Functions/MaterialLayerFunctions/MatLayerBlend_ModulateRoughness.uexp" 5643
"G:/Projets Unreal en cours/ICAN_Backrooms/Content/Characters/Paragon/Heroes/TwinBlast/Materials/Layers/ML_TRwinblast_ActionMovie_PlasticClear.uasset" 5644
"G:/Projets Unreal en cours/ICAN_Backrooms/Content/Characters/Paragon/Heroes/TwinBlast/Materials/Layers/ML_TRwinblast_ActionMovie_PlasticClear.uexp" 5645
"G:/Projets Unreal en cours/ICAN_Backrooms/Content/Characters/Paragon/Heroes/TwinBlast/Textures/T_Twinblast_ActionMovie_ShirtGlasses_Mask_04.ubulk" 5646
"G:/Projets Unreal en cours/ICAN_Backrooms/Content/Characters/Paragon/Heroes/TwinBlast/Textures/T_Twinblast_ActionMovie_ShirtGlasses_Mask_04.uasset" 5647
"G:/Projets Unreal en cours/ICAN_Backrooms/Content/Characters/Paragon/Heroes/TwinBlast/Textures/T_Twinblast_ActionMovie_ShirtGlasses_Mask_04.uexp" 5648
"G:/Projets Unreal en cours/ICAN_Backrooms/Content/Characters/Paragon/Global/MaterialFunctions/MF_CharacterGradient.uasset" 5649
"G:/Projets Unreal en cours/ICAN_Backrooms/Content/Characters/Paragon/Global/MaterialFunctions/MF_CharacterGradient.uexp" 5650
"G:/Projets Unreal en cours/ICAN_Backrooms/Content/Characters/Paragon/Heroes/TwinBlast/Materials/M_TwinBlast_ActionMovie_Head_Shirt.uasset" 5651
"G:/Projets Unreal en cours/ICAN_Backrooms/Content/Characters/Paragon/Heroes/TwinBlast/Materials/M_TwinBlast_ActionMovie_Head_Shirt.uexp" 5652
"G:/Projets Unreal en cours/ICAN_Backrooms/Content/Characters/Paragon/Heroes/TwinBlast/Meshes/PA_TwinBlast_Extents.uasset" 5653
"G:/Projets Unreal en cours/ICAN_Backrooms/Content/Characters/Paragon/Heroes/TwinBlast/Meshes/PA_TwinBlast_Extents.uexp" 5654
"G:/Projets Unreal en cours/ICAN_Backrooms/Content/Characters/Paragon/Global/Eyelash/T_Universal_Eyelashes_D.ubulk" 5655
"G:/Projets Unreal en cours/ICAN_Backrooms/Content/Characters/Paragon/Global/Eyelash/T_Universal_Eyelashes_D.uasset" 5656
"G:/Projets Unreal en cours/ICAN_Backrooms/Content/Characters/Paragon/Global/Eyelash/T_Universal_Eyelashes_D.uexp" 5657
"G:/Projets Unreal en cours/ICAN_Backrooms/Content/Characters/Paragon/Global/Eyelash/M_EyelashMaster.uasset" 5658
"G:/Projets Unreal en cours/ICAN_Backrooms/Content/Characters/Paragon/Global/Eyelash/M_EyelashMaster.uexp" 5659
"G:/Projets Unreal en cours/ICAN_Backrooms/Content/Characters/Paragon/Global/Eyelash/M_EyelashMaster_Inst.uasset" 5660
"G:/Projets Unreal en cours/ICAN_Backrooms/Content/Characters/Paragon/Global/Eyelash/M_EyelashMaster_Inst.uexp" 5661
"G:/Projets Unreal en cours/ICAN_Backrooms/Content/Characters/Paragon/Heroes/TwinBlast/Meshes/SK_TwinBlast.uasset" 5662
"G:/Projets Unreal en cours/ICAN_Backrooms/Content/Characters/Paragon/Heroes/TwinBlast/Meshes/SK_TwinBlast.uexp" 5663
"G:/Projets Unreal en cours/ICAN_Backrooms/Content/Characters/Paragon/Global/MaterialLayers/Fabric/T_nylonstap_N.ubulk" 5664
"G:/Projets Unreal en cours/ICAN_Backrooms/Content/Characters/Paragon/Global/MaterialLayers/Fabric/T_nylonstap_N.uasset" 5665
"G:/Projets Unreal en cours/ICAN_Backrooms/Content/Characters/Paragon/Global/MaterialLayers/Fabric/T_nylonstap_N.uexp" 5666
"G:/Projets Unreal en cours/ICAN_Backrooms/Content/Characters/Paragon/Global/MaterialLayers/Fabric/T_nylonstap_D.ubulk" 5667
"G:/Projets Unreal en cours/ICAN_Backrooms/Content/Characters/Paragon/Global/MaterialLayers/Fabric/T_nylonstap_D.uasset" 5668
"G:/Projets Unreal en cours/ICAN_Backrooms/Content/Characters/Paragon/Global/MaterialLayers/Fabric/T_nylonstap_D.uexp" 5669
"G:/Projets Unreal en cours/ICAN_Backrooms/Content/Characters/Paragon/Global/MaterialLayers/Fabric/ML_NylonStrap.uasset" 5670
"G:/Projets Unreal en cours/ICAN_Backrooms/Content/Characters/Paragon/Global/MaterialLayers/Fabric/ML_NylonStrap.uexp" 5671
"G:/Projets Unreal en cours/ICAN_Backrooms/Content/Characters/Paragon/Global/MaterialLayers/Rubber/T_Rubber_2_N.ubulk" 5672
"G:/Projets Unreal en cours/ICAN_Backrooms/Content/Characters/Paragon/Global/MaterialLayers/Rubber/T_Rubber_2_N.uasset" 5673
"G:/Projets Unreal en cours/ICAN_Backrooms/Content/Characters/Paragon/Global/MaterialLayers/Rubber/T_Rubber_2_N.uexp" 5674
"G:/Projets Unreal en cours/ICAN_Backrooms/Content/Characters/Paragon/Global/MaterialLayers/Fabric/T_Cloth_Bump_2_D.ubulk" 5675
"G:/Projets Unreal en cours/ICAN_Backrooms/Content/Characters/Paragon/Global/MaterialLayers/Fabric/T_Cloth_Bump_2_D.uasset" 5676
"G:/Projets Unreal en cours/ICAN_Backrooms/Content/Characters/Paragon/Global/MaterialLayers/Fabric/T_Cloth_Bump_2_D.uexp" 5677
"G:/Projets Unreal en cours/ICAN_Backrooms/Content/Characters/Paragon/Global/MaterialLayers/Fabric/T_Cloth_Bump_2_N.ubulk" 5678
"G:/Projets Unreal en cours/ICAN_Backrooms/Content/Characters/Paragon/Global/MaterialLayers/Fabric/T_Cloth_Bump_2_N.uasset" 5679
"G:/Projets Unreal en cours/ICAN_Backrooms/Content/Characters/Paragon/Global/MaterialLayers/Fabric/T_Cloth_Bump_2_N.uexp" 5680
"G:/Projets Unreal en cours/ICAN_Backrooms/Content/Characters/Paragon/Global/MaterialLayers/Synthetics/T_Honeycomb_N.ubulk" 5681
"G:/Projets Unreal en cours/ICAN_Backrooms/Content/Characters/Paragon/Global/MaterialLayers/Synthetics/T_Honeycomb_N.uasset" 5682
"G:/Projets Unreal en cours/ICAN_Backrooms/Content/Characters/Paragon/Global/MaterialLayers/Synthetics/T_Honeycomb_N.uexp" 5683
"G:/Projets Unreal en cours/ICAN_Backrooms/Content/Characters/Paragon/Global/MaterialLayers/Synthetics/T_Honeycomb_D.ubulk" 5684
"G:/Projets Unreal en cours/ICAN_Backrooms/Content/Characters/Paragon/Global/MaterialLayers/Synthetics/T_Honeycomb_D.uasset" 5685
"G:/Projets Unreal en cours/ICAN_Backrooms/Content/Characters/Paragon/Global/MaterialLayers/Synthetics/T_Honeycomb_D.uexp" 5686
"G:/Projets Unreal en cours/ICAN_Backrooms/Content/Characters/Paragon/Global/MaterialLayers/Synthetics/ML_Honeycomb.uasset" 5687
"G:/Projets Unreal en cours/ICAN_Backrooms/Content/Characters/Paragon/Global/MaterialLayers/Synthetics/ML_Honeycomb.uexp" 5688
"G:/Projets Unreal en cours/ICAN_Backrooms/Content/Characters/Paragon/Heroes/TwinBlast/Textures/T_TwinBlast_LowerBody__normals.ubulk" 5689
"G:/Projets Unreal en cours/ICAN_Backrooms/Content/Characters/Paragon/Heroes/TwinBlast/Textures/T_TwinBlast_LowerBody__normals.uasset" 5690
"G:/Projets Unreal en cours/ICAN_Backrooms/Content/Characters/Paragon/Heroes/TwinBlast/Textures/T_TwinBlast_LowerBody__normals.uexp" 5691
"G:/Projets Unreal en cours/ICAN_Backrooms/Content/Characters/Paragon/Heroes/TwinBlast/Textures/T_TwinBlast_LowerBody_RGB.ubulk" 5692
"G:/Projets Unreal en cours/ICAN_Backrooms/Content/Characters/Paragon/Heroes/TwinBlast/Textures/T_TwinBlast_LowerBody_RGB.uasset" 5693
"G:/Projets Unreal en cours/ICAN_Backrooms/Content/Characters/Paragon/Heroes/TwinBlast/Textures/T_TwinBlast_LowerBody_RGB.uexp" 5694
"G:/Projets Unreal en cours/ICAN_Backrooms/Content/Characters/Paragon/Global/MaterialLayers/Rubber/T_Rubber_2.ubulk" 5695
"G:/Projets Unreal en cours/ICAN_Backrooms/Content/Characters/Paragon/Global/MaterialLayers/Rubber/T_Rubber_2.uasset" 5696
"G:/Projets Unreal en cours/ICAN_Backrooms/Content/Characters/Paragon/Global/MaterialLayers/Rubber/T_Rubber_2.uexp" 5697
"G:/Projets Unreal en cours/ICAN_Backrooms/Content/Characters/Paragon/Global/MaterialLayers/Fabric/ML_Cloth_Bump2.uasset" 5698
"G:/Projets Unreal en cours/ICAN_Backrooms/Content/Characters/Paragon/Global/MaterialLayers/Fabric/ML_Cloth_Bump2.uexp" 5699
"G:/Projets Unreal en cours/ICAN_Backrooms/Content/Characters/Paragon/Global/MaterialLayers/Rubber/ML_Rubber.uasset" 5700
"G:/Projets Unreal en cours/ICAN_Backrooms/Content/Characters/Paragon/Global/MaterialLayers/Rubber/ML_Rubber.uexp" 5701
"G:/Projets Unreal en cours/ICAN_Backrooms/Content/Characters/Paragon/Global/MaterialLayers/Leather/T_Dark_Leather_N.ubulk" 5702
"G:/Projets Unreal en cours/ICAN_Backrooms/Content/Characters/Paragon/Global/MaterialLayers/Leather/T_Dark_Leather_N.uasset" 5703
"G:/Projets Unreal en cours/ICAN_Backrooms/Content/Characters/Paragon/Global/MaterialLayers/Leather/T_Dark_Leather_N.uexp" 5704
"G:/Projets Unreal en cours/ICAN_Backrooms/Content/Characters/Paragon/Global/MaterialLayers/Leather/T_Synthetic_Leather01_D.ubulk" 5705
"G:/Projets Unreal en cours/ICAN_Backrooms/Content/Characters/Paragon/Global/MaterialLayers/Leather/T_Synthetic_Leather01_D.uasset" 5706
"G:/Projets Unreal en cours/ICAN_Backrooms/Content/Characters/Paragon/Global/MaterialLayers/Leather/T_Synthetic_Leather01_D.uexp" 5707
"G:/Projets Unreal en cours/ICAN_Backrooms/Content/Characters/Paragon/Global/MaterialLayers/Leather/ML_Synthetic_Leather01.uasset" 5708
"G:/Projets Unreal en cours/ICAN_Backrooms/Content/Characters/Paragon/Global/MaterialLayers/Leather/ML_Synthetic_Leather01.uexp" 5709
"G:/Projets Unreal en cours/ICAN_Backrooms/Content/Characters/Paragon/Global/MaterialLayers/Rubber/M_RubberHose_Simple.uasset" 5710
"G:/Projets Unreal en cours/ICAN_Backrooms/Content/Characters/Paragon/Global/MaterialLayers/Rubber/M_RubberHose_Simple.uexp" 5711
"G:/Projets Unreal en cours/ICAN_Backrooms/Content/Characters/Paragon/Heroes/TwinBlast/Textures/T_TwinBlast_LowerBody_MASK.ubulk" 5712
"G:/Projets Unreal en cours/ICAN_Backrooms/Content/Characters/Paragon/Heroes/TwinBlast/Textures/T_TwinBlast_LowerBody_MASK.uasset" 5713
"G:/Projets Unreal en cours/ICAN_Backrooms/Content/Characters/Paragon/Heroes/TwinBlast/Textures/T_TwinBlast_LowerBody_MASK.uexp" 5714
"G:/Projets Unreal en cours/ICAN_Backrooms/Content/Characters/Paragon/Heroes/TwinBlast/Textures/T_TwinBlast_ActionMovie_LowerBody_MASK3.ubulk" 5715
"G:/Projets Unreal en cours/ICAN_Backrooms/Content/Characters/Paragon/Heroes/TwinBlast/Textures/T_TwinBlast_ActionMovie_LowerBody_MASK3.uasset" 5716
"G:/Projets Unreal en cours/ICAN_Backrooms/Content/Characters/Paragon/Heroes/TwinBlast/Textures/T_TwinBlast_ActionMovie_LowerBody_MASK3.uexp" 5717
"G:/Projets Unreal en cours/ICAN_Backrooms/Content/Characters/Paragon/Heroes/TwinBlast/Materials/M_TwinBlast_ActionMovie_LowerBody.uasset" 5718
"G:/Projets Unreal en cours/ICAN_Backrooms/Content/Characters/Paragon/Heroes/TwinBlast/Materials/M_TwinBlast_ActionMovie_LowerBody.uexp" 5719
"G:/Projets Unreal en cours/ICAN_Backrooms/Content/Characters/Paragon/Heroes/TwinBlast/Textures/T_TwinBlast_ActionMovieArms_RGB1.ubulk" 5720
"G:/Projets Unreal en cours/ICAN_Backrooms/Content/Characters/Paragon/Heroes/TwinBlast/Textures/T_TwinBlast_ActionMovieArms_RGB1.uasset" 5721
"G:/Projets Unreal en cours/ICAN_Backrooms/Content/Characters/Paragon/Heroes/TwinBlast/Textures/T_TwinBlast_ActionMovieArms_RGB1.uexp" 5722
"G:/Projets Unreal en cours/ICAN_Backrooms/Content/Characters/Paragon/Heroes/TwinBlast/Textures/T_TwinBlast_Arms_RGB.ubulk" 5723
"G:/Projets Unreal en cours/ICAN_Backrooms/Content/Characters/Paragon/Heroes/TwinBlast/Textures/T_TwinBlast_Arms_RGB.uasset" 5724
"G:/Projets Unreal en cours/ICAN_Backrooms/Content/Characters/Paragon/Heroes/TwinBlast/Textures/T_TwinBlast_Arms_RGB.uexp" 5725
"G:/Projets Unreal en cours/ICAN_Backrooms/Content/Characters/Paragon/Heroes/TwinBlast/Materials/MatLayerBlend_Decal.uasset" 5726
"G:/Projets Unreal en cours/ICAN_Backrooms/Content/Characters/Paragon/Heroes/TwinBlast/Materials/MatLayerBlend_Decal.uexp" 5727
"G:/Projets Unreal en cours/ICAN_Backrooms/Content/Characters/Paragon/Heroes/TwinBlast/Textures/T_TwinBlast_Arms_MASK.ubulk" 5728
"G:/Projets Unreal en cours/ICAN_Backrooms/Content/Characters/Paragon/Heroes/TwinBlast/Textures/T_TwinBlast_Arms_MASK.uasset" 5729
"G:/Projets Unreal en cours/ICAN_Backrooms/Content/Characters/Paragon/Heroes/TwinBlast/Textures/T_TwinBlast_Arms_MASK.uexp" 5730
"G:/Projets Unreal en cours/ICAN_Backrooms/Content/Characters/Paragon/Global/MaterialLayers/Metal/T_Rough_Metal_N.ubulk" 5731
"G:/Projets Unreal en cours/ICAN_Backrooms/Content/Characters/Paragon/Global/MaterialLayers/Metal/T_Rough_Metal_N.uasset" 5732
"G:/Projets Unreal en cours/ICAN_Backrooms/Content/Characters/Paragon/Global/MaterialLayers/Metal/T_Rough_Metal_N.uexp" 5733
"G:/Projets Unreal en cours/ICAN_Backrooms/Content/Characters/Paragon/Global/MaterialLayers/Metal/T_Primer_Black_Metal2.ubulk" 5734
"G:/Projets Unreal en cours/ICAN_Backrooms/Content/Characters/Paragon/Global/MaterialLayers/Metal/T_Primer_Black_Metal2.uasset" 5735
"G:/Projets Unreal en cours/ICAN_Backrooms/Content/Characters/Paragon/Global/MaterialLayers/Metal/T_Primer_Black_Metal2.uexp" 5736
"G:/Projets Unreal en cours/ICAN_Backrooms/Content/Characters/Paragon/Global/MaterialLayers/Metal/ML_Gray_Gun_Metal2.uasset" 5737
"G:/Projets Unreal en cours/ICAN_Backrooms/Content/Characters/Paragon/Global/MaterialLayers/Metal/ML_Gray_Gun_Metal2.uexp" 5738
"G:/Projets Unreal en cours/ICAN_Backrooms/Content/Characters/Paragon/Global/MaterialLayers/Metal/T_ML_Aluminum01_N.ubulk" 5739
"G:/Projets Unreal en cours/ICAN_Backrooms/Content/Characters/Paragon/Global/MaterialLayers/Metal/T_ML_Aluminum01_N.uasset" 5740
"G:/Projets Unreal en cours/ICAN_Backrooms/Content/Characters/Paragon/Global/MaterialLayers/Metal/T_ML_Aluminum01_N.uexp" 5741
"G:/Projets Unreal en cours/ICAN_Backrooms/Content/Characters/Paragon/Global/MaterialLayers/Metal/T_ML_Aluminum01.ubulk" 5742
"G:/Projets Unreal en cours/ICAN_Backrooms/Content/Characters/Paragon/Global/MaterialLayers/Metal/T_ML_Aluminum01.uasset" 5743
"G:/Projets Unreal en cours/ICAN_Backrooms/Content/Characters/Paragon/Global/MaterialLayers/Metal/T_ML_Aluminum01.uexp" 5744
"G:/Projets Unreal en cours/ICAN_Backrooms/Content/Characters/Paragon/Global/MaterialLayers/Metal/ML_SoftMetal01.uasset" 5745
"G:/Projets Unreal en cours/ICAN_Backrooms/Content/Characters/Paragon/Global/MaterialLayers/Metal/ML_SoftMetal01.uexp" 5746
"G:/Projets Unreal en cours/ICAN_Backrooms/Content/Characters/Paragon/Heroes/TwinBlast/Materials/MF_TwinBalstArmEmissive2.uasset" 5747
"G:/Projets Unreal en cours/ICAN_Backrooms/Content/Characters/Paragon/Heroes/TwinBlast/Materials/MF_TwinBalstArmEmissive2.uexp" 5748
"G:/Projets Unreal en cours/ICAN_Backrooms/Content/Characters/Paragon/Global/MaterialLayers/Metal/T_Dark_Metal_D_2.ubulk" 5749
"G:/Projets Unreal en cours/ICAN_Backrooms/Content/Characters/Paragon/Global/MaterialLayers/Metal/T_Dark_Metal_D_2.uasset" 5750
"G:/Projets Unreal en cours/ICAN_Backrooms/Content/Characters/Paragon/Global/MaterialLayers/Metal/T_Dark_Metal_D_2.uexp" 5751
"G:/Projets Unreal en cours/ICAN_Backrooms/Content/Characters/Paragon/Heroes/TwinBlast/Materials/MF/T_Fire_Gradient_COLOR.ubulk" 5752
"G:/Projets Unreal en cours/ICAN_Backrooms/Content/Characters/Paragon/Heroes/TwinBlast/Materials/MF/T_Fire_Gradient_COLOR.uasset" 5753
"G:/Projets Unreal en cours/ICAN_Backrooms/Content/Characters/Paragon/Heroes/TwinBlast/Materials/MF/T_Fire_Gradient_COLOR.uexp" 5754
"G:/Projets Unreal en cours/ICAN_Backrooms/Content/Characters/Paragon/Heroes/TwinBlast/Textures/T_TwinBlast_Arms_Decals.ubulk" 5755
"G:/Projets Unreal en cours/ICAN_Backrooms/Content/Characters/Paragon/Heroes/TwinBlast/Textures/T_TwinBlast_Arms_Decals.uasset" 5756
"G:/Projets Unreal en cours/ICAN_Backrooms/Content/Characters/Paragon/Heroes/TwinBlast/Textures/T_TwinBlast_Arms_Decals.uexp" 5757
"G:/Projets Unreal en cours/ICAN_Backrooms/Content/Characters/Paragon/Heroes/TwinBlast/Materials/MF/MF_Twinblast_FX_Emissives.uasset" 5758
"G:/Projets Unreal en cours/ICAN_Backrooms/Content/Characters/Paragon/Heroes/TwinBlast/Materials/MF/MF_Twinblast_FX_Emissives.uexp" 5759
"G:/Projets Unreal en cours/ICAN_Backrooms/Content/Characters/Paragon/Heroes/TwinBlast/Textures/T_TwinBlast_Arms_N.ubulk" 5760
"G:/Projets Unreal en cours/ICAN_Backrooms/Content/Characters/Paragon/Heroes/TwinBlast/Textures/T_TwinBlast_Arms_N.uasset" 5761
"G:/Projets Unreal en cours/ICAN_Backrooms/Content/Characters/Paragon/Heroes/TwinBlast/Textures/T_TwinBlast_Arms_N.uexp" 5762
"G:/Projets Unreal en cours/ICAN_Backrooms/Content/Characters/Paragon/Global/MaterialLayers/Metal/ML_Dark_Metal.uasset" 5763
"G:/Projets Unreal en cours/ICAN_Backrooms/Content/Characters/Paragon/Global/MaterialLayers/Metal/ML_Dark_Metal.uexp" 5764
"G:/Projets Unreal en cours/ICAN_Backrooms/Content/Characters/Paragon/Heroes/TwinBlast/Materials/M_TwinBlast_ActionMovie_Arms.uasset" 5765
"G:/Projets Unreal en cours/ICAN_Backrooms/Content/Characters/Paragon/Heroes/TwinBlast/Materials/M_TwinBlast_ActionMovie_Arms.uexp" 5766
"G:/Projets Unreal en cours/ICAN_Backrooms/Content/Characters/Paragon/Global/Mouth/Textures/T_TeethAndTongue_D.ubulk" 5767
"G:/Projets Unreal en cours/ICAN_Backrooms/Content/Characters/Paragon/Global/Mouth/Textures/T_TeethAndTongue_D.uasset" 5768
"G:/Projets Unreal en cours/ICAN_Backrooms/Content/Characters/Paragon/Global/Mouth/Textures/T_TeethAndTongue_D.uexp" 5769
"G:/Projets Unreal en cours/ICAN_Backrooms/Content/Characters/Paragon/Global/Mouth/Textures/T_Master_Mouth_1_N.ubulk" 5770
"G:/Projets Unreal en cours/ICAN_Backrooms/Content/Characters/Paragon/Global/Mouth/Textures/T_Master_Mouth_1_N.uasset" 5771
"G:/Projets Unreal en cours/ICAN_Backrooms/Content/Characters/Paragon/Global/Mouth/Textures/T_Master_Mouth_1_N.uexp" 5772
"G:/Projets Unreal en cours/ICAN_Backrooms/Content/Characters/Paragon/Global/Mouth/Textures/T_Master_Mouth_1_COLOR.ubulk" 5773
"G:/Projets Unreal en cours/ICAN_Backrooms/Content/Characters/Paragon/Global/Mouth/Textures/T_Master_Mouth_1_COLOR.uasset" 5774
"G:/Projets Unreal en cours/ICAN_Backrooms/Content/Characters/Paragon/Global/Mouth/Textures/T_Master_Mouth_1_COLOR.uexp" 5775
"G:/Projets Unreal en cours/ICAN_Backrooms/Content/Characters/Paragon/Global/Mouth/Textures/T_Master_Mouth_1_RGB.ubulk" 5776
"G:/Projets Unreal en cours/ICAN_Backrooms/Content/Characters/Paragon/Global/Mouth/Textures/T_Master_Mouth_1_RGB.uasset" 5777
"G:/Projets Unreal en cours/ICAN_Backrooms/Content/Characters/Paragon/Global/Mouth/Textures/T_Master_Mouth_1_RGB.uexp" 5778
"G:/Projets Unreal en cours/ICAN_Backrooms/Content/Characters/Paragon/Global/Mouth/Materials/TeethSubsurfaceProfile.uasset" 5779
"G:/Projets Unreal en cours/ICAN_Backrooms/Content/Characters/Paragon/Global/Mouth/Materials/TeethSubsurfaceProfile.uexp" 5780
"G:/Projets Unreal en cours/ICAN_Backrooms/Content/Characters/Paragon/Global/Mouth/Materials/M_Mouth_Master.uasset" 5781
"G:/Projets Unreal en cours/ICAN_Backrooms/Content/Characters/Paragon/Global/Mouth/Materials/M_Mouth_Master.uexp" 5782
"G:/Projets Unreal en cours/ICAN_Backrooms/Content/Characters/Paragon/Global/Mouth/Textures/T_TeethAndTongue_N.ubulk" 5783
"G:/Projets Unreal en cours/ICAN_Backrooms/Content/Characters/Paragon/Global/Mouth/Textures/T_TeethAndTongue_N.uasset" 5784
"G:/Projets Unreal en cours/ICAN_Backrooms/Content/Characters/Paragon/Global/Mouth/Textures/T_TeethAndTongue_N.uexp" 5785
"G:/Projets Unreal en cours/ICAN_Backrooms/Content/Characters/Paragon/Global/Mouth/Materials/MI_Human_Mouth.uasset" 5786
"G:/Projets Unreal en cours/ICAN_Backrooms/Content/Characters/Paragon/Global/Mouth/Materials/MI_Human_Mouth.uexp" 5787
"G:/Projets Unreal en cours/ICAN_Backrooms/Content/Characters/Paragon/Global/Eyes/Textures/T_EyeScleraBaseColor_Example_1B.ubulk" 5788
"G:/Projets Unreal en cours/ICAN_Backrooms/Content/Characters/Paragon/Global/Eyes/Textures/T_EyeScleraBaseColor_Example_1B.uasset" 5789
"G:/Projets Unreal en cours/ICAN_Backrooms/Content/Characters/Paragon/Global/Eyes/Textures/T_EyeScleraBaseColor_Example_1B.uexp" 5790
"G:/Projets Unreal en cours/ICAN_Backrooms/Content/Characters/Paragon/Global/Eyes/Textures/T_Eye_Wet_Normal.ubulk" 5791
"G:/Projets Unreal en cours/ICAN_Backrooms/Content/Characters/Paragon/Global/Eyes/Textures/T_Eye_Wet_Normal.uasset" 5792
"G:/Projets Unreal en cours/ICAN_Backrooms/Content/Characters/Paragon/Global/Eyes/Textures/T_Eye_Wet_Normal.uexp" 5793
"G:/Projets Unreal en cours/ICAN_Backrooms/Content/Characters/Paragon/Global/Eyes/Textures/T_TwinBlast_UE4_Demo_Eye_Iris.ubulk" 5794
"G:/Projets Unreal en cours/ICAN_Backrooms/Content/Characters/Paragon/Global/Eyes/Textures/T_TwinBlast_UE4_Demo_Eye_Iris.uasset" 5795
"G:/Projets Unreal en cours/ICAN_Backrooms/Content/Characters/Paragon/Global/Eyes/Textures/T_TwinBlast_UE4_Demo_Eye_Iris.uexp" 5796
"G:/Projets Unreal en cours/ICAN_Backrooms/Content/Characters/Paragon/Global/Eyes/Textures/T_EyeMidPlaneDisplacement_Example.ubulk" 5797
"G:/Projets Unreal en cours/ICAN_Backrooms/Content/Characters/Paragon/Global/Eyes/Textures/T_EyeMidPlaneDisplacement_Example.uasset" 5798
"G:/Projets Unreal en cours/ICAN_Backrooms/Content/Characters/Paragon/Global/Eyes/Textures/T_EyeMidPlaneDisplacement_Example.uexp" 5799
"G:/Projets Unreal en cours/ICAN_Backrooms/Content/Characters/Paragon/Global/Eyes/Textures/T_DecalMask_Radial03.ubulk" 5800
"G:/Projets Unreal en cours/ICAN_Backrooms/Content/Characters/Paragon/Global/Eyes/Textures/T_DecalMask_Radial03.uasset" 5801
"G:/Projets Unreal en cours/ICAN_Backrooms/Content/Characters/Paragon/Global/Eyes/Textures/T_DecalMask_Radial03.uexp" 5802
"G:/Projets Unreal en cours/ICAN_Backrooms/Content/Characters/Paragon/Global/Eyes/Textures/T_Muriel_Corona_D.ubulk" 5803
"G:/Projets Unreal en cours/ICAN_Backrooms/Content/Characters/Paragon/Global/Eyes/Textures/T_Muriel_Corona_D.uasset" 5804
"G:/Projets Unreal en cours/ICAN_Backrooms/Content/Characters/Paragon/Global/Eyes/Textures/T_Muriel_Corona_D.uexp" 5805
"G:/Projets Unreal en cours/ICAN_Backrooms/Content/Characters/Paragon/Global/Eyes/Materials/ML_TacticiaULTEye.uasset" 5806
"G:/Projets Unreal en cours/ICAN_Backrooms/Content/Characters/Paragon/Global/Eyes/Materials/ML_TacticiaULTEye.uexp" 5807
"G:/Projets Unreal en cours/ICAN_Backrooms/Content/Characters/Paragon/Global/Eyes/Textures/T_EyeScleraBaseColor_Example_2.ubulk" 5808
"G:/Projets Unreal en cours/ICAN_Backrooms/Content/Characters/Paragon/Global/Eyes/Textures/T_EyeScleraBaseColor_Example_2.uasset" 5809
"G:/Projets Unreal en cours/ICAN_Backrooms/Content/Characters/Paragon/Global/Eyes/Textures/T_EyeScleraBaseColor_Example_2.uexp" 5810
"G:/Projets Unreal en cours/ICAN_Backrooms/Content/Characters/Paragon/Global/Eyes/Textures/T_EYE_NORMALS.ubulk" 5811
"G:/Projets Unreal en cours/ICAN_Backrooms/Content/Characters/Paragon/Global/Eyes/Textures/T_EYE_NORMALS.uasset" 5812
"G:/Projets Unreal en cours/ICAN_Backrooms/Content/Characters/Paragon/Global/Eyes/Textures/T_EYE_NORMALS.uexp" 5813
"G:/Projets Unreal en cours/ICAN_Backrooms/Content/Characters/Paragon/Global/Eyes/Textures/T_Sphere_EYE_NORMALS.ubulk" 5814
"G:/Projets Unreal en cours/ICAN_Backrooms/Content/Characters/Paragon/Global/Eyes/Textures/T_Sphere_EYE_NORMALS.uasset" 5815
"G:/Projets Unreal en cours/ICAN_Backrooms/Content/Characters/Paragon/Global/Eyes/Textures/T_Sphere_EYE_NORMALS.uexp" 5816
"G:/Projets Unreal en cours/ICAN_Backrooms/Content/Characters/Paragon/Global/Eyes/Textures/EyeInner_Profile.uasset" 5817
"G:/Projets Unreal en cours/ICAN_Backrooms/Content/Characters/Paragon/Global/Eyes/Textures/EyeInner_Profile.uexp" 5818
"G:/Projets Unreal en cours/ICAN_Backrooms/Content/Characters/Paragon/Global/Eyes/Textures/T_EyeIrisBaseColor_Example_2.ubulk" 5819
"G:/Projets Unreal en cours/ICAN_Backrooms/Content/Characters/Paragon/Global/Eyes/Textures/T_EyeIrisBaseColor_Example_2.uasset" 5820
"G:/Projets Unreal en cours/ICAN_Backrooms/Content/Characters/Paragon/Global/Eyes/Textures/T_EyeIrisBaseColor_Example_2.uexp" 5821
"../../../Engine/Content/Functions/Engine_MaterialFunctions02/TangentBasis.uasset" 5822
"../../../Engine/Content/Functions/Engine_MaterialFunctions02/TangentBasis.uexp" 5823
"G:/Projets Unreal en cours/ICAN_Backrooms/Content/Characters/Paragon/Global/Eyes/MaterialFunctions/ML_EyeRefraction.uasset" 5824
"G:/Projets Unreal en cours/ICAN_Backrooms/Content/Characters/Paragon/Global/Eyes/MaterialFunctions/ML_EyeRefraction.uexp" 5825
"G:/Projets Unreal en cours/ICAN_Backrooms/Content/Characters/Paragon/Global/Eyes/Textures/EpicQuadPanorama_CC.uasset" 5826
"G:/Projets Unreal en cours/ICAN_Backrooms/Content/Characters/Paragon/Global/Eyes/Textures/EpicQuadPanorama_CC.uexp" 5827
"G:/Projets Unreal en cours/ICAN_Backrooms/Content/Characters/Paragon/Global/Eyes/Textures/T_Swirly_Noise.ubulk" 5828
"G:/Projets Unreal en cours/ICAN_Backrooms/Content/Characters/Paragon/Global/Eyes/Textures/T_Swirly_Noise.uasset" 5829
"G:/Projets Unreal en cours/ICAN_Backrooms/Content/Characters/Paragon/Global/Eyes/Textures/T_Swirly_Noise.uexp" 5830
"G:/Projets Unreal en cours/ICAN_Backrooms/Content/Characters/Paragon/Global/Eyes/Materials/M_EyeRefractive.uasset" 5831
"G:/Projets Unreal en cours/ICAN_Backrooms/Content/Characters/Paragon/Global/Eyes/Materials/M_EyeRefractive.uexp" 5832
"G:/Projets Unreal en cours/ICAN_Backrooms/Content/Characters/Paragon/Heroes/TwinBlast/Materials/MI_Twinblast_EyeRefractive_Bust.uasset" 5833
"G:/Projets Unreal en cours/ICAN_Backrooms/Content/Characters/Paragon/Heroes/TwinBlast/Materials/MI_Twinblast_EyeRefractive_Bust.uexp" 5834
"../../../Engine/Content/Functions/Engine_MaterialFunctions01/ImageAdjustment/BlurSampleOffsets.uasset" 5835
"../../../Engine/Content/Functions/Engine_MaterialFunctions01/ImageAdjustment/BlurSampleOffsets.uexp" 5836
"G:/Projets Unreal en cours/ICAN_Backrooms/Content/Characters/Paragon/Global/Eyes/Textures/T_EyeOcclusion2.ubulk" 5837
"G:/Projets Unreal en cours/ICAN_Backrooms/Content/Characters/Paragon/Global/Eyes/Textures/T_EyeOcclusion2.uasset" 5838
"G:/Projets Unreal en cours/ICAN_Backrooms/Content/Characters/Paragon/Global/Eyes/Textures/T_EyeOcclusion2.uexp" 5839
"../../../Engine/Content/Functions/Engine_MaterialFunctions01/ImageAdjustment/SceneTextureAverage.uasset" 5840
"../../../Engine/Content/Functions/Engine_MaterialFunctions01/ImageAdjustment/SceneTextureAverage.uexp" 5841
"../../../Engine/Content/Functions/Engine_MaterialFunctions02/Utility/CameraVectorWithWPOOptions.uasset" 5842
"../../../Engine/Content/Functions/Engine_MaterialFunctions02/Utility/CameraVectorWithWPOOptions.uexp" 5843
"G:/Projets Unreal en cours/ICAN_Backrooms/Content/Characters/Paragon/Global/Eyes/Materials/M_Eye_Occlusion.uasset" 5844
"G:/Projets Unreal en cours/ICAN_Backrooms/Content/Characters/Paragon/Global/Eyes/Materials/M_Eye_Occlusion.uexp" 5845
"G:/Projets Unreal en cours/ICAN_Backrooms/Content/Characters/Paragon/Heroes/TwinBlast/Meshes/PA_TwinBlast_CylShadows.uasset" 5846
"G:/Projets Unreal en cours/ICAN_Backrooms/Content/Characters/Paragon/Heroes/TwinBlast/Meshes/PA_TwinBlast_CylShadows.uexp" 5847
"../../../Engine/Content/Functions/Engine_MaterialFunctions02/Utility/Sign.uasset" 5848
"../../../Engine/Content/Functions/Engine_MaterialFunctions02/Utility/Sign.uexp" 5849
"G:/Projets Unreal en cours/ICAN_Backrooms/Content/Characters/Paragon/Global/MaterialLayers/Metal/T_Composite_Bumps_N.ubulk" 5850
"G:/Projets Unreal en cours/ICAN_Backrooms/Content/Characters/Paragon/Global/MaterialLayers/Metal/T_Composite_Bumps_N.uasset" 5851
"G:/Projets Unreal en cours/ICAN_Backrooms/Content/Characters/Paragon/Global/MaterialLayers/Metal/T_Composite_Bumps_N.uexp" 5852
"G:/Projets Unreal en cours/ICAN_Backrooms/Content/Characters/Paragon/Global/MaterialLayers/Metal/T_Composite_Bumps_D.ubulk" 5853
"G:/Projets Unreal en cours/ICAN_Backrooms/Content/Characters/Paragon/Global/MaterialLayers/Metal/T_Composite_Bumps_D.uasset" 5854
"G:/Projets Unreal en cours/ICAN_Backrooms/Content/Characters/Paragon/Global/MaterialLayers/Metal/T_Composite_Bumps_D.uexp" 5855
"../../../Engine/Content/Functions/Engine_MaterialFunctions02/Utility/Round.uasset" 5856
"../../../Engine/Content/Functions/Engine_MaterialFunctions02/Utility/Round.uexp" 5857
"G:/Projets Unreal en cours/ICAN_Backrooms/Content/Characters/Paragon/Heroes/TwinBlast/Materials/MF_Twinblast_PistolEmissive.uasset" 5858
"G:/Projets Unreal en cours/ICAN_Backrooms/Content/Characters/Paragon/Heroes/TwinBlast/Materials/MF_Twinblast_PistolEmissive.uexp" 5859
"G:/Projets Unreal en cours/ICAN_Backrooms/Content/Characters/Paragon/Global/MaterialLayers/Metal/T_Primer_Black_Metal.ubulk" 5860
"G:/Projets Unreal en cours/ICAN_Backrooms/Content/Characters/Paragon/Global/MaterialLayers/Metal/T_Primer_Black_Metal.uasset" 5861
"G:/Projets Unreal en cours/ICAN_Backrooms/Content/Characters/Paragon/Global/MaterialLayers/Metal/T_Primer_Black_Metal.uexp" 5862
"G:/Projets Unreal en cours/ICAN_Backrooms/Content/Characters/Paragon/Global/MaterialLayers/Metal/T_Twinblast_Body_Color_Overlay.ubulk" 5863
"G:/Projets Unreal en cours/ICAN_Backrooms/Content/Characters/Paragon/Global/MaterialLayers/Metal/T_Twinblast_Body_Color_Overlay.uasset" 5864
"G:/Projets Unreal en cours/ICAN_Backrooms/Content/Characters/Paragon/Global/MaterialLayers/Metal/T_Twinblast_Body_Color_Overlay.uexp" 5865
"G:/Projets Unreal en cours/ICAN_Backrooms/Content/Characters/Paragon/Global/MaterialLayers/Metal/ML_Gray_Gun_Metal.uasset" 5866
"G:/Projets Unreal en cours/ICAN_Backrooms/Content/Characters/Paragon/Global/MaterialLayers/Metal/ML_Gray_Gun_Metal.uexp" 5867
"G:/Projets Unreal en cours/ICAN_Backrooms/Content/Characters/Paragon/Global/MaterialLayers/Metal/ML_Gray_Gun_Metal_Bumpy.uasset" 5868
"G:/Projets Unreal en cours/ICAN_Backrooms/Content/Characters/Paragon/Global/MaterialLayers/Metal/ML_Gray_Gun_Metal_Bumpy.uexp" 5869
"G:/Projets Unreal en cours/ICAN_Backrooms/Content/Characters/Paragon/Heroes/TwinBlast/Textures/T_TwinBlast_Pistol_MASK.ubulk" 5870
"G:/Projets Unreal en cours/ICAN_Backrooms/Content/Characters/Paragon/Heroes/TwinBlast/Textures/T_TwinBlast_Pistol_MASK.uasset" 5871
"G:/Projets Unreal en cours/ICAN_Backrooms/Content/Characters/Paragon/Heroes/TwinBlast/Textures/T_TwinBlast_Pistol_MASK.uexp" 5872
"G:/Projets Unreal en cours/ICAN_Backrooms/Content/Characters/Paragon/Heroes/TwinBlast/Textures/T_TwinBlast_Pistol_N.ubulk" 5873
"G:/Projets Unreal en cours/ICAN_Backrooms/Content/Characters/Paragon/Heroes/TwinBlast/Textures/T_TwinBlast_Pistol_N.uasset" 5874
"G:/Projets Unreal en cours/ICAN_Backrooms/Content/Characters/Paragon/Heroes/TwinBlast/Textures/T_TwinBlast_Pistol_N.uexp" 5875
"G:/Projets Unreal en cours/ICAN_Backrooms/Content/Characters/Paragon/Global/MaterialLayers/Metal/ML_shinyMetal.uasset" 5876
"G:/Projets Unreal en cours/ICAN_Backrooms/Content/Characters/Paragon/Global/MaterialLayers/Metal/ML_shinyMetal.uexp" 5877
"G:/Projets Unreal en cours/ICAN_Backrooms/Content/Characters/Paragon/Heroes/TwinBlast/Textures/T_TwinBlast_Pistol_RGB.ubulk" 5878
"G:/Projets Unreal en cours/ICAN_Backrooms/Content/Characters/Paragon/Heroes/TwinBlast/Textures/T_TwinBlast_Pistol_RGB.uasset" 5879
"G:/Projets Unreal en cours/ICAN_Backrooms/Content/Characters/Paragon/Heroes/TwinBlast/Textures/T_TwinBlast_Pistol_RGB.uexp" 5880
"G:/Projets Unreal en cours/ICAN_Backrooms/Content/Characters/Paragon/Heroes/TwinBlast/Textures/T_TwinBlast_Pistol_Decals.ubulk" 5881
"G:/Projets Unreal en cours/ICAN_Backrooms/Content/Characters/Paragon/Heroes/TwinBlast/Textures/T_TwinBlast_Pistol_Decals.uasset" 5882
"G:/Projets Unreal en cours/ICAN_Backrooms/Content/Characters/Paragon/Heroes/TwinBlast/Textures/T_TwinBlast_Pistol_Decals.uexp" 5883
"G:/Projets Unreal en cours/ICAN_Backrooms/Content/Characters/Paragon/Heroes/TwinBlast/Materials/M_TwinBlast_ActionMovie_Pistol.uasset" 5884
"G:/Projets Unreal en cours/ICAN_Backrooms/Content/Characters/Paragon/Heroes/TwinBlast/Materials/M_TwinBlast_ActionMovie_Pistol.uexp" 5885
"G:/Projets Unreal en cours/ICAN_Backrooms/Content/Characters/Paragon/Global/Hair/Textures/T_TwinBlast_Hair_Roots.ubulk" 5886
"G:/Projets Unreal en cours/ICAN_Backrooms/Content/Characters/Paragon/Global/Hair/Textures/T_TwinBlast_Hair_Roots.uasset" 5887
"G:/Projets Unreal en cours/ICAN_Backrooms/Content/Characters/Paragon/Global/Hair/Textures/T_TwinBlast_Hair_Roots.uexp" 5888
"G:/Projets Unreal en cours/ICAN_Backrooms/Content/Characters/Paragon/Heroes/TwinBlast/Textures/T_TwinBlast_UE4_Demo_Hair_A.ubulk" 5889
"G:/Projets Unreal en cours/ICAN_Backrooms/Content/Characters/Paragon/Heroes/TwinBlast/Textures/T_TwinBlast_UE4_Demo_Hair_A.uasset" 5890
"G:/Projets Unreal en cours/ICAN_Backrooms/Content/Characters/Paragon/Heroes/TwinBlast/Textures/T_TwinBlast_UE4_Demo_Hair_A.uexp" 5891
"G:/Projets Unreal en cours/ICAN_Backrooms/Content/Characters/Paragon/Global/Hair/Textures/T_TwinBlast_Hair_Depth.ubulk" 5892
"G:/Projets Unreal en cours/ICAN_Backrooms/Content/Characters/Paragon/Global/Hair/Textures/T_TwinBlast_Hair_Depth.uasset" 5893
"G:/Projets Unreal en cours/ICAN_Backrooms/Content/Characters/Paragon/Global/Hair/Textures/T_TwinBlast_Hair_Depth.uexp" 5894
"G:/Projets Unreal en cours/ICAN_Backrooms/Content/Characters/Paragon/Heroes/TwinBlast/Textures/T_TwinBlast_UE4_Demo_Hair_D.ubulk" 5895
"G:/Projets Unreal en cours/ICAN_Backrooms/Content/Characters/Paragon/Heroes/TwinBlast/Textures/T_TwinBlast_UE4_Demo_Hair_D.uasset" 5896
"G:/Projets Unreal en cours/ICAN_Backrooms/Content/Characters/Paragon/Heroes/TwinBlast/Textures/T_TwinBlast_UE4_Demo_Hair_D.uexp" 5897
"G:/Projets Unreal en cours/ICAN_Backrooms/Content/Characters/Paragon/Heroes/TwinBlast/Materials/MI_TwinBlast_ActionMovie_Eyebrow.uasset" 5898
"G:/Projets Unreal en cours/ICAN_Backrooms/Content/Characters/Paragon/Heroes/TwinBlast/Materials/MI_TwinBlast_ActionMovie_Eyebrow.uexp" 5899
"G:/Projets Unreal en cours/ICAN_Backrooms/Content/Characters/Paragon/Global/Eyes/Materials/M_TearLine.uasset" 5900
"G:/Projets Unreal en cours/ICAN_Backrooms/Content/Characters/Paragon/Global/Eyes/Materials/M_TearLine.uexp" 5901
"G:/Projets Unreal en cours/ICAN_Backrooms/Content/Characters/Paragon/Heroes/TwinBlast/Meshes/PA_TwinBlast_ActionHero_ClothCollision.uasset" 5902
"G:/Projets Unreal en cours/ICAN_Backrooms/Content/Characters/Paragon/Heroes/TwinBlast/Meshes/PA_TwinBlast_ActionHero_ClothCollision.uexp" 5903
"G:/Projets Unreal en cours/ICAN_Backrooms/Content/Characters/Paragon/Heroes/TwinBlast/Rigs/ABP_TwinBlast_PostProcess.uasset" 5904
"G:/Projets Unreal en cours/ICAN_Backrooms/Content/Characters/Paragon/Heroes/TwinBlast/Rigs/ABP_TwinBlast_PostProcess.uexp" 5905
"G:/Projets Unreal en cours/ICAN_Backrooms/Content/Characters/Paragon/Heroes/TwinBlast/Textures/T_TwinBlast_Coat_Head_RGB.ubulk" 5906
"G:/Projets Unreal en cours/ICAN_Backrooms/Content/Characters/Paragon/Heroes/TwinBlast/Textures/T_TwinBlast_Coat_Head_RGB.uasset" 5907
"G:/Projets Unreal en cours/ICAN_Backrooms/Content/Characters/Paragon/Heroes/TwinBlast/Textures/T_TwinBlast_Coat_Head_RGB.uexp" 5908
"G:/Projets Unreal en cours/ICAN_Backrooms/Content/Characters/Paragon/Global/MaterialLayers/Skin/T_Pore_Normals2.ubulk" 5909
"G:/Projets Unreal en cours/ICAN_Backrooms/Content/Characters/Paragon/Global/MaterialLayers/Skin/T_Pore_Normals2.uasset" 5910
"G:/Projets Unreal en cours/ICAN_Backrooms/Content/Characters/Paragon/Global/MaterialLayers/Skin/T_Pore_Normals2.uexp" 5911
"G:/Projets Unreal en cours/ICAN_Backrooms/Content/Characters/Paragon/Global/MaterialLayers/Skin/T_Pore_Specular.ubulk" 5912
"G:/Projets Unreal en cours/ICAN_Backrooms/Content/Characters/Paragon/Global/MaterialLayers/Skin/T_Pore_Specular.uasset" 5913
"G:/Projets Unreal en cours/ICAN_Backrooms/Content/Characters/Paragon/Global/MaterialLayers/Skin/T_Pore_Specular.uexp" 5914
"G:/Projets Unreal en cours/ICAN_Backrooms/Content/Characters/Paragon/Global/MaterialFunctions/MF_SkinPores.uasset" 5915
"G:/Projets Unreal en cours/ICAN_Backrooms/Content/Characters/Paragon/Global/MaterialFunctions/MF_SkinPores.uexp" 5916
"G:/Projets Unreal en cours/ICAN_Backrooms/Content/Characters/Paragon/Global/MaterialLayers/Skin/ML_Skin.uasset" 5917
"G:/Projets Unreal en cours/ICAN_Backrooms/Content/Characters/Paragon/Global/MaterialLayers/Skin/ML_Skin.uexp" 5918
"G:/Projets Unreal en cours/ICAN_Backrooms/Content/Characters/Paragon/Heroes/TwinBlast/Textures/T_TwinBlast_HEAD_Subsurface_test.ubulk" 5919
"G:/Projets Unreal en cours/ICAN_Backrooms/Content/Characters/Paragon/Heroes/TwinBlast/Textures/T_TwinBlast_HEAD_Subsurface_test.uasset" 5920
"G:/Projets Unreal en cours/ICAN_Backrooms/Content/Characters/Paragon/Heroes/TwinBlast/Textures/T_TwinBlast_HEAD_Subsurface_test.uexp" 5921
"G:/Projets Unreal en cours/ICAN_Backrooms/Content/Characters/Paragon/Heroes/TwinBlast/Textures/T_TwinBlast_Coat_Head_N.ubulk" 5922
"G:/Projets Unreal en cours/ICAN_Backrooms/Content/Characters/Paragon/Heroes/TwinBlast/Textures/T_TwinBlast_Coat_Head_N.uasset" 5923
"G:/Projets Unreal en cours/ICAN_Backrooms/Content/Characters/Paragon/Heroes/TwinBlast/Textures/T_TwinBlast_Coat_Head_N.uexp" 5924
"G:/Projets Unreal en cours/ICAN_Backrooms/Content/Characters/Paragon/Heroes/TwinBlast/Textures/T_TwinBlast_Head_Color_D.ubulk" 5925
"G:/Projets Unreal en cours/ICAN_Backrooms/Content/Characters/Paragon/Heroes/TwinBlast/Textures/T_TwinBlast_Head_Color_D.uasset" 5926
"G:/Projets Unreal en cours/ICAN_Backrooms/Content/Characters/Paragon/Heroes/TwinBlast/Textures/T_TwinBlast_Head_Color_D.uexp" 5927
"G:/Projets Unreal en cours/ICAN_Backrooms/Content/Characters/Paragon/Heroes/TwinBlast/Textures/T_TwinBlast_Head_Color_Spec_Mask_D.ubulk" 5928
"G:/Projets Unreal en cours/ICAN_Backrooms/Content/Characters/Paragon/Heroes/TwinBlast/Textures/T_TwinBlast_Head_Color_Spec_Mask_D.uasset" 5929
"G:/Projets Unreal en cours/ICAN_Backrooms/Content/Characters/Paragon/Heroes/TwinBlast/Textures/T_TwinBlast_Head_Color_Spec_Mask_D.uexp" 5930
"G:/Projets Unreal en cours/ICAN_Backrooms/Content/Characters/Paragon/Heroes/TwinBlast/Textures/T_TwinBlast_Coat_Head_MASK2.ubulk" 5931
"G:/Projets Unreal en cours/ICAN_Backrooms/Content/Characters/Paragon/Heroes/TwinBlast/Textures/T_TwinBlast_Coat_Head_MASK2.uasset" 5932
"G:/Projets Unreal en cours/ICAN_Backrooms/Content/Characters/Paragon/Heroes/TwinBlast/Textures/T_TwinBlast_Coat_Head_MASK2.uexp" 5933
"G:/Projets Unreal en cours/ICAN_Backrooms/Content/Characters/Paragon/Heroes/TwinBlast/Materials/M_TwinBlast_ActionMovie_Head_Skin.uasset" 5934
"G:/Projets Unreal en cours/ICAN_Backrooms/Content/Characters/Paragon/Heroes/TwinBlast/Materials/M_TwinBlast_ActionMovie_Head_Skin.uexp" 5935
"G:/Projets Unreal en cours/ICAN_Backrooms/Content/Characters/Paragon/Heroes/TwinBlast/Meshes/SKM_TwinBlast_ActionHero.uasset" 5936
"G:/Projets Unreal en cours/ICAN_Backrooms/Content/Characters/Paragon/Heroes/TwinBlast/Meshes/SKM_TwinBlast_ActionHero.uexp" 5937
"G:/Projets Unreal en cours/ICAN_Backrooms/Content/Blueprints/RetargetedCharacters/CBP_SandboxCharacter_TwinBlast.uasset" 5938
"G:/Projets Unreal en cours/ICAN_Backrooms/Content/Blueprints/RetargetedCharacters/CBP_SandboxCharacter_TwinBlast.uexp" 5939
"G:/Projets Unreal en cours/ICAN_Backrooms/Content/Characters/UE5_Mannequins/Meshes/SKM_Manny_Simple.uasset" 5940
"G:/Projets Unreal en cours/ICAN_Backrooms/Content/Characters/UE5_Mannequins/Meshes/SKM_Manny_Simple.uexp" 5941
"G:/Projets Unreal en cours/ICAN_Backrooms/Content/Blueprints/RetargetedCharacters/CBP_SandboxCharacter_Manny.uasset" 5942
"G:/Projets Unreal en cours/ICAN_Backrooms/Content/Blueprints/RetargetedCharacters/CBP_SandboxCharacter_Manny.uexp" 5943
"G:/Projets Unreal en cours/ICAN_Backrooms/Content/Characters/Echo/Materials/SkinMaterials/SP_Clothing.uasset" 5944
"G:/Projets Unreal en cours/ICAN_Backrooms/Content/Characters/Echo/Materials/SkinMaterials/SP_Clothing.uexp" 5945
"G:/Projets Unreal en cours/ICAN_Backrooms/Content/Characters/Echo/Textures/Costume/T_echo_Costume3_N.ubulk" 5946
"G:/Projets Unreal en cours/ICAN_Backrooms/Content/Characters/Echo/Textures/Costume/T_echo_Costume3_N.uasset" 5947
"G:/Projets Unreal en cours/ICAN_Backrooms/Content/Characters/Echo/Textures/Costume/T_echo_Costume3_N.uexp" 5948
"G:/Projets Unreal en cours/ICAN_Backrooms/Content/Characters/Echo/Textures/Costume/T_echo_Costume3_AO.ubulk" 5949
"G:/Projets Unreal en cours/ICAN_Backrooms/Content/Characters/Echo/Textures/Costume/T_echo_Costume3_AO.uasset" 5950
"G:/Projets Unreal en cours/ICAN_Backrooms/Content/Characters/Echo/Textures/Costume/T_echo_Costume3_AO.uexp" 5951
"G:/Projets Unreal en cours/ICAN_Backrooms/Content/Characters/Echo/Textures/Costume/T_echo_Costume3_ORM.ubulk" 5952
"G:/Projets Unreal en cours/ICAN_Backrooms/Content/Characters/Echo/Textures/Costume/T_echo_Costume3_ORM.uasset" 5953
"G:/Projets Unreal en cours/ICAN_Backrooms/Content/Characters/Echo/Textures/Costume/T_echo_Costume3_ORM.uexp" 5954
"G:/Projets Unreal en cours/ICAN_Backrooms/Content/Characters/Echo/Textures/Costume/T_echo_Costume3_BN.ubulk" 5955
"G:/Projets Unreal en cours/ICAN_Backrooms/Content/Characters/Echo/Textures/Costume/T_echo_Costume3_BN.uasset" 5956
"G:/Projets Unreal en cours/ICAN_Backrooms/Content/Characters/Echo/Textures/Costume/T_echo_Costume3_BN.uexp" 5957
"../../../Engine/Content/Engine_MI_Shaders/T_Normal.uasset" 5958
"../../../Engine/Content/Engine_MI_Shaders/T_Normal.uexp" 5959
"../../../Engine/Content/ArtTools/RenderToTexture/Textures/127grey.uasset" 5960
"../../../Engine/Content/ArtTools/RenderToTexture/Textures/127grey.uexp" 5961
"../../../Engine/Plugins/Experimental/MeshModelingToolsetExp/Content/Textures/DefaultTexture.ubulk" 5962
"../../../Engine/Plugins/Experimental/MeshModelingToolsetExp/Content/Textures/DefaultTexture.uasset" 5963
"../../../Engine/Plugins/Experimental/MeshModelingToolsetExp/Content/Textures/DefaultTexture.uexp" 5964
"G:/Projets Unreal en cours/ICAN_Backrooms/Content/Characters/Echo/Materials/MF_RemapVectorRange.uasset" 5965
"G:/Projets Unreal en cours/ICAN_Backrooms/Content/Characters/Echo/Materials/MF_RemapVectorRange.uexp" 5966
"../../../Engine/Content/Functions/Engine_MaterialFunctions01/Shading/FuzzyShading.uasset" 5967
"../../../Engine/Content/Functions/Engine_MaterialFunctions01/Shading/FuzzyShading.uexp" 5968
"G:/Projets Unreal en cours/ICAN_Backrooms/Content/Characters/Echo/Materials/M_Echo_ClothSimple.uasset" 5969
"G:/Projets Unreal en cours/ICAN_Backrooms/Content/Characters/Echo/Materials/M_Echo_ClothSimple.uexp" 5970
"G:/Projets Unreal en cours/ICAN_Backrooms/Content/Characters/Echo/Textures/Costume/T_echo_Costume3_D.ubulk" 5971
"G:/Projets Unreal en cours/ICAN_Backrooms/Content/Characters/Echo/Textures/Costume/T_echo_Costume3_D.uasset" 5972
"G:/Projets Unreal en cours/ICAN_Backrooms/Content/Characters/Echo/Textures/Costume/T_echo_Costume3_D.uexp" 5973
"G:/Projets Unreal en cours/ICAN_Backrooms/Content/Characters/Echo/Materials/MI_Echo_Leather.uasset" 5974
"G:/Projets Unreal en cours/ICAN_Backrooms/Content/Characters/Echo/Materials/MI_Echo_Leather.uexp" 5975
"G:/Projets Unreal en cours/ICAN_Backrooms/Content/Characters/Echo/Rigs/Physics/PA_Echo_Canister.uasset" 5976
"G:/Projets Unreal en cours/ICAN_Backrooms/Content/Characters/Echo/Rigs/Physics/PA_Echo_Canister.uexp" 5977
"G:/Projets Unreal en cours/ICAN_Backrooms/Content/Characters/Echo/Meshes/SK_Echo.uasset" 5978
"G:/Projets Unreal en cours/ICAN_Backrooms/Content/Characters/Echo/Meshes/SK_Echo.uexp" 5979
"G:/Projets Unreal en cours/ICAN_Backrooms/Content/Characters/Echo/Rigs/PoseAssets/calf_r_PoseAsset.uasset" 5980
"G:/Projets Unreal en cours/ICAN_Backrooms/Content/Characters/Echo/Rigs/PoseAssets/calf_r_PoseAsset.uexp" 5981
"G:/Projets Unreal en cours/ICAN_Backrooms/Content/Characters/Echo/Rigs/Physics/PA_Echo_Skirt.uasset" 5982
"G:/Projets Unreal en cours/ICAN_Backrooms/Content/Characters/Echo/Rigs/Physics/PA_Echo_Skirt.uexp" 5983
"G:/Projets Unreal en cours/ICAN_Backrooms/Content/Characters/Echo/Rigs/PoseAssets/hand_l_PoseAsset.uasset" 5984
"G:/Projets Unreal en cours/ICAN_Backrooms/Content/Characters/Echo/Rigs/PoseAssets/hand_l_PoseAsset.uexp" 5985
"G:/Projets Unreal en cours/ICAN_Backrooms/Content/Characters/Echo/Rigs/PoseAssets/upperarm_l_PoseAsset.uasset" 5986
"G:/Projets Unreal en cours/ICAN_Backrooms/Content/Characters/Echo/Rigs/PoseAssets/upperarm_l_PoseAsset.uexp" 5987
"G:/Projets Unreal en cours/ICAN_Backrooms/Content/Characters/Echo/Rigs/Physics/PA_Echo_Pouch.uasset" 5988
"G:/Projets Unreal en cours/ICAN_Backrooms/Content/Characters/Echo/Rigs/Physics/PA_Echo_Pouch.uexp" 5989
"G:/Projets Unreal en cours/ICAN_Backrooms/Content/Characters/Echo/Rigs/PoseAssets/lowerarm_r_PoseAsset.uasset" 5990
"G:/Projets Unreal en cours/ICAN_Backrooms/Content/Characters/Echo/Rigs/PoseAssets/lowerarm_r_PoseAsset.uexp" 5991
"G:/Projets Unreal en cours/ICAN_Backrooms/Content/Characters/Echo/Rigs/PoseAssets/calf_l_PoseAsset.uasset" 5992
"G:/Projets Unreal en cours/ICAN_Backrooms/Content/Characters/Echo/Rigs/PoseAssets/calf_l_PoseAsset.uexp" 5993
"G:/Projets Unreal en cours/ICAN_Backrooms/Content/Characters/Echo/Rigs/PoseAssets/lowerarm_l_PoseAsset.uasset" 5994
"G:/Projets Unreal en cours/ICAN_Backrooms/Content/Characters/Echo/Rigs/PoseAssets/lowerarm_l_PoseAsset.uexp" 5995
"G:/Projets Unreal en cours/ICAN_Backrooms/Content/Characters/Echo/Rigs/CR_Echo_Twist.uasset" 5996
"G:/Projets Unreal en cours/ICAN_Backrooms/Content/Characters/Echo/Rigs/CR_Echo_Twist.uexp" 5997
"G:/Projets Unreal en cours/ICAN_Backrooms/Content/Characters/Echo/Rigs/PoseAssets/neck_02_PoseAsset.uasset" 5998
"G:/Projets Unreal en cours/ICAN_Backrooms/Content/Characters/Echo/Rigs/PoseAssets/neck_02_PoseAsset.uexp" 5999
"G:/Projets Unreal en cours/ICAN_Backrooms/Content/Characters/Echo/Rigs/PoseAssets/upperarm_r_PoseAsset.uasset" 6000
"G:/Projets Unreal en cours/ICAN_Backrooms/Content/Characters/Echo/Rigs/PoseAssets/upperarm_r_PoseAsset.uexp" 6001
"G:/Projets Unreal en cours/ICAN_Backrooms/Content/Characters/Echo/Rigs/CR_Echo_Helpers.uasset" 6002
"G:/Projets Unreal en cours/ICAN_Backrooms/Content/Characters/Echo/Rigs/CR_Echo_Helpers.uexp" 6003
"G:/Projets Unreal en cours/ICAN_Backrooms/Content/Characters/Echo/Rigs/Physics/PA_Echo_ShoulderPad.uasset" 6004
"G:/Projets Unreal en cours/ICAN_Backrooms/Content/Characters/Echo/Rigs/Physics/PA_Echo_ShoulderPad.uexp" 6005
"G:/Projets Unreal en cours/ICAN_Backrooms/Content/Characters/Echo/Rigs/PoseAssets/hand_r_PoseAsset.uasset" 6006
"G:/Projets Unreal en cours/ICAN_Backrooms/Content/Characters/Echo/Rigs/PoseAssets/hand_r_PoseAsset.uexp" 6007
"G:/Projets Unreal en cours/ICAN_Backrooms/Content/Characters/Echo/Rigs/ABP_Echo_PostProcess.uasset" 6008
"G:/Projets Unreal en cours/ICAN_Backrooms/Content/Characters/Echo/Rigs/ABP_Echo_PostProcess.uexp" 6009
"G:/Projets Unreal en cours/ICAN_Backrooms/Content/Characters/Echo/Materials/EyeMaterials/SSProfile/SSP_Eye_Inner.uasset" 6010
"G:/Projets Unreal en cours/ICAN_Backrooms/Content/Characters/Echo/Materials/EyeMaterials/SSProfile/SSP_Eye_Inner.uexp" 6011
"G:/Projets Unreal en cours/ICAN_Backrooms/Content/Characters/Echo/Textures/T_ScleraVessels_002_D.ubulk" 6012
"G:/Projets Unreal en cours/ICAN_Backrooms/Content/Characters/Echo/Textures/T_ScleraVessels_002_D.uasset" 6013
"G:/Projets Unreal en cours/ICAN_Backrooms/Content/Characters/Echo/Textures/T_ScleraVessels_002_D.uexp" 6014
"G:/Projets Unreal en cours/ICAN_Backrooms/Content/Characters/Echo/Textures/T_EyeIrisBaseColor_D.ubulk" 6015
"G:/Projets Unreal en cours/ICAN_Backrooms/Content/Characters/Echo/Textures/T_EyeIrisBaseColor_D.uasset" 6016
"G:/Projets Unreal en cours/ICAN_Backrooms/Content/Characters/Echo/Textures/T_EyeIrisBaseColor_D.uexp" 6017
"G:/Projets Unreal en cours/ICAN_Backrooms/Content/Characters/Echo/Textures/T_EyeMidPlane_DP.ubulk" 6018
"G:/Projets Unreal en cours/ICAN_Backrooms/Content/Characters/Echo/Textures/T_EyeMidPlane_DP.uasset" 6019
"G:/Projets Unreal en cours/ICAN_Backrooms/Content/Characters/Echo/Textures/T_EyeMidPlane_DP.uexp" 6020
"G:/Projets Unreal en cours/ICAN_Backrooms/Content/Characters/Echo/Textures/T_iris08_leftEye_N.uasset" 6021
"G:/Projets Unreal en cours/ICAN_Backrooms/Content/Characters/Echo/Textures/T_iris08_leftEye_N.uexp" 6022
"G:/Projets Unreal en cours/ICAN_Backrooms/Content/Characters/Echo/Textures/T_Eye_Wet_N.ubulk" 6023
"G:/Projets Unreal en cours/ICAN_Backrooms/Content/Characters/Echo/Textures/T_Eye_Wet_N.uasset" 6024
"G:/Projets Unreal en cours/ICAN_Backrooms/Content/Characters/Echo/Textures/T_Eye_Wet_N.uexp" 6025
"G:/Projets Unreal en cours/ICAN_Backrooms/Content/Characters/Echo/Textures/T_Eye_Sphere_N.ubulk" 6026
"G:/Projets Unreal en cours/ICAN_Backrooms/Content/Characters/Echo/Textures/T_Eye_Sphere_N.uasset" 6027
"G:/Projets Unreal en cours/ICAN_Backrooms/Content/Characters/Echo/Textures/T_Eye_Sphere_N.uexp" 6028
"../../../Engine/Content/Functions/Engine_MaterialFunctions02/WorldPositionOffset/ObjectPivotPoint.uasset" 6029
"../../../Engine/Content/Functions/Engine_MaterialFunctions02/WorldPositionOffset/ObjectPivotPoint.uexp" 6030
"../../../Engine/Content/Functions/Engine_MaterialFunctions02/WorldPositionOffset/RotateAboutWorldAxis_cheap.uasset" 6031
"../../../Engine/Content/Functions/Engine_MaterialFunctions02/WorldPositionOffset/RotateAboutWorldAxis_cheap.uexp" 6032
"G:/Projets Unreal en cours/ICAN_Backrooms/Content/Characters/Echo/Textures/T_Eye_N.ubulk" 6033
"G:/Projets Unreal en cours/ICAN_Backrooms/Content/Characters/Echo/Textures/T_Eye_N.uasset" 6034
"G:/Projets Unreal en cours/ICAN_Backrooms/Content/Characters/Echo/Textures/T_Eye_N.uexp" 6035
"G:/Projets Unreal en cours/ICAN_Backrooms/Content/Characters/Echo/Textures/T_ScleraBase_001_D.ubulk" 6036
"G:/Projets Unreal en cours/ICAN_Backrooms/Content/Characters/Echo/Textures/T_ScleraBase_001_D.uasset" 6037
"G:/Projets Unreal en cours/ICAN_Backrooms/Content/Characters/Echo/Textures/T_ScleraBase_001_D.uexp" 6038
"G:/Projets Unreal en cours/ICAN_Backrooms/Content/Characters/Echo/Textures/T_eyes_sclera_D.ubulk" 6039
"G:/Projets Unreal en cours/ICAN_Backrooms/Content/Characters/Echo/Textures/T_eyes_sclera_D.uasset" 6040
"G:/Projets Unreal en cours/ICAN_Backrooms/Content/Characters/Echo/Textures/T_eyes_sclera_D.uexp" 6041
"G:/Projets Unreal en cours/ICAN_Backrooms/Content/Characters/Echo/Materials/EyeMaterials/Functions/ML_EyeRefraction.uasset" 6042
"G:/Projets Unreal en cours/ICAN_Backrooms/Content/Characters/Echo/Materials/EyeMaterials/Functions/ML_EyeRefraction.uexp" 6043
"G:/Projets Unreal en cours/ICAN_Backrooms/Content/Characters/Echo/Materials/MPC_EyeHighlight.uasset" 6044
"G:/Projets Unreal en cours/ICAN_Backrooms/Content/Characters/Echo/Materials/MPC_EyeHighlight.uexp" 6045
"G:/Projets Unreal en cours/ICAN_Backrooms/Content/Characters/Echo/Textures/T_ScleraVeins_001_D.ubulk" 6046
"G:/Projets Unreal en cours/ICAN_Backrooms/Content/Characters/Echo/Textures/T_ScleraVeins_001_D.uasset" 6047
"G:/Projets Unreal en cours/ICAN_Backrooms/Content/Characters/Echo/Textures/T_ScleraVeins_001_D.uexp" 6048
"G:/Projets Unreal en cours/ICAN_Backrooms/Content/Characters/Echo/Materials/EyeMaterials/M_EyeRefractive.uasset" 6049
"G:/Projets Unreal en cours/ICAN_Backrooms/Content/Characters/Echo/Materials/EyeMaterials/M_EyeRefractive.uexp" 6050
"G:/Projets Unreal en cours/ICAN_Backrooms/Content/Characters/Echo/Materials/MI_EyeRefractive.uasset" 6051
"G:/Projets Unreal en cours/ICAN_Backrooms/Content/Characters/Echo/Materials/MI_EyeRefractive.uexp" 6052
"G:/Projets Unreal en cours/ICAN_Backrooms/Content/Characters/Echo/Materials/MI_Echo_Pants.uasset" 6053
"G:/Projets Unreal en cours/ICAN_Backrooms/Content/Characters/Echo/Materials/MI_Echo_Pants.uexp" 6054
"G:/Projets Unreal en cours/ICAN_Backrooms/Content/Characters/Echo/Textures/Costume/T_echo_Costume3_Gold_ORM.ubulk" 6055
"G:/Projets Unreal en cours/ICAN_Backrooms/Content/Characters/Echo/Textures/Costume/T_echo_Costume3_Gold_ORM.uasset" 6056
"G:/Projets Unreal en cours/ICAN_Backrooms/Content/Characters/Echo/Textures/Costume/T_echo_Costume3_Gold_ORM.uexp" 6057
"G:/Projets Unreal en cours/ICAN_Backrooms/Content/Characters/Echo/Materials/MI_Echo_GoldBuckle.uasset" 6058
"G:/Projets Unreal en cours/ICAN_Backrooms/Content/Characters/Echo/Materials/MI_Echo_GoldBuckle.uexp" 6059
"G:/Projets Unreal en cours/ICAN_Backrooms/Content/Characters/Echo/Textures/Hair/T_Hair_MatID.ubulk" 6060
"G:/Projets Unreal en cours/ICAN_Backrooms/Content/Characters/Echo/Textures/Hair/T_Hair_MatID.uasset" 6061
"G:/Projets Unreal en cours/ICAN_Backrooms/Content/Characters/Echo/Textures/Hair/T_Hair_MatID.uexp" 6062
"../../../Engine/Content/Functions/Engine_MaterialFunctions02/Lerp_Multiple_Float3.uasset" 6063
"../../../Engine/Content/Functions/Engine_MaterialFunctions02/Lerp_Multiple_Float3.uexp" 6064
"G:/Projets Unreal en cours/ICAN_Backrooms/Content/Characters/Echo/Textures/Hair/T_Hair_Depth.ubulk" 6065
"G:/Projets Unreal en cours/ICAN_Backrooms/Content/Characters/Echo/Textures/Hair/T_Hair_Depth.uasset" 6066
"G:/Projets Unreal en cours/ICAN_Backrooms/Content/Characters/Echo/Textures/Hair/T_Hair_Depth.uexp" 6067
"G:/Projets Unreal en cours/ICAN_Backrooms/Content/Characters/Echo/Textures/Hair/T_Hair_M.ubulk" 6068
"G:/Projets Unreal en cours/ICAN_Backrooms/Content/Characters/Echo/Textures/Hair/T_Hair_M.uasset" 6069
"G:/Projets Unreal en cours/ICAN_Backrooms/Content/Characters/Echo/Textures/Hair/T_Hair_M.uexp" 6070
"G:/Projets Unreal en cours/ICAN_Backrooms/Content/Characters/Echo/Materials/M_Hair_Cards_Blonde.uasset" 6071
"G:/Projets Unreal en cours/ICAN_Backrooms/Content/Characters/Echo/Materials/M_Hair_Cards_Blonde.uexp" 6072
"G:/Projets Unreal en cours/ICAN_Backrooms/Content/Characters/Echo/Materials/MI_Hair_Cards_Blonde.uasset" 6073
"G:/Projets Unreal en cours/ICAN_Backrooms/Content/Characters/Echo/Materials/MI_Hair_Cards_Blonde.uexp" 6074
"G:/Projets Unreal en cours/ICAN_Backrooms/Content/Characters/Echo/Textures/Head/T_echo_Head_noBrows_D.ubulk" 6075
"G:/Projets Unreal en cours/ICAN_Backrooms/Content/Characters/Echo/Textures/Head/T_echo_Head_noBrows_D.uasset" 6076
"G:/Projets Unreal en cours/ICAN_Backrooms/Content/Characters/Echo/Textures/Head/T_echo_Head_noBrows_D.uexp" 6077
"G:/Projets Unreal en cours/ICAN_Backrooms/Content/Characters/Echo/Materials/SP_Head.uasset" 6078
"G:/Projets Unreal en cours/ICAN_Backrooms/Content/Characters/Echo/Materials/SP_Head.uexp" 6079
"G:/Projets Unreal en cours/ICAN_Backrooms/Content/MetaHumans/Common/Textures/T_Black_Mask.uasset" 6080
"G:/Projets Unreal en cours/ICAN_Backrooms/Content/MetaHumans/Common/Textures/T_Black_Mask.uexp" 6081
"G:/Projets Unreal en cours/ICAN_Backrooms/Content/Characters/Echo/Materials/MF_FacePart.uasset" 6082
"G:/Projets Unreal en cours/ICAN_Backrooms/Content/Characters/Echo/Materials/MF_FacePart.uexp" 6083
"G:/Projets Unreal en cours/ICAN_Backrooms/Content/Characters/Echo/Textures/T_Head_Skin_007_R.ubulk" 6084
"G:/Projets Unreal en cours/ICAN_Backrooms/Content/Characters/Echo/Textures/T_Head_Skin_007_R.uasset" 6085
"G:/Projets Unreal en cours/ICAN_Backrooms/Content/Characters/Echo/Textures/T_Head_Skin_007_R.uexp" 6086
"G:/Projets Unreal en cours/ICAN_Backrooms/Content/Characters/Echo/Textures/Head/T_echo_Head_N.ubulk" 6087
"G:/Projets Unreal en cours/ICAN_Backrooms/Content/Characters/Echo/Textures/Head/T_echo_Head_N.uasset" 6088
"G:/Projets Unreal en cours/ICAN_Backrooms/Content/Characters/Echo/Textures/Head/T_echo_Head_N.uexp" 6089
"G:/Projets Unreal en cours/ICAN_Backrooms/Content/Characters/Echo/Textures/T_Head_Skin_009_R.ubulk" 6090
"G:/Projets Unreal en cours/ICAN_Backrooms/Content/Characters/Echo/Textures/T_Head_Skin_009_R.uasset" 6091
"G:/Projets Unreal en cours/ICAN_Backrooms/Content/Characters/Echo/Textures/T_Head_Skin_009_R.uexp" 6092
"G:/Projets Unreal en cours/ICAN_Backrooms/Content/Characters/Echo/Materials/MF_PerPartRoughnessModulation.uasset" 6093
"G:/Projets Unreal en cours/ICAN_Backrooms/Content/Characters/Echo/Materials/MF_PerPartRoughnessModulation.uexp" 6094
"G:/Projets Unreal en cours/ICAN_Backrooms/Content/Characters/Echo/Textures/Head/T_echo_Head_ORM.ubulk" 6095
"G:/Projets Unreal en cours/ICAN_Backrooms/Content/Characters/Echo/Textures/Head/T_echo_Head_ORM.uasset" 6096
"G:/Projets Unreal en cours/ICAN_Backrooms/Content/Characters/Echo/Textures/Head/T_echo_Head_ORM.uexp" 6097
"../../../Engine/Content/EngineDebugMaterials/HeatmapGradient.ubulk" 6098
"../../../Engine/Content/EngineDebugMaterials/HeatmapGradient.uasset" 6099
"../../../Engine/Content/EngineDebugMaterials/HeatmapGradient.uexp" 6100
"../../../Engine/Content/Functions/Engine_MaterialFunctions01/ImageAdjustment/CheapContrast_RGB.uasset" 6101
"../../../Engine/Content/Functions/Engine_MaterialFunctions01/ImageAdjustment/CheapContrast_RGB.uexp" 6102
"G:/Projets Unreal en cours/ICAN_Backrooms/Content/Characters/Echo/Textures/T_Head_Skin_001_R.ubulk" 6103
"G:/Projets Unreal en cours/ICAN_Backrooms/Content/Characters/Echo/Textures/T_Head_Skin_001_R.uasset" 6104
"G:/Projets Unreal en cours/ICAN_Backrooms/Content/Characters/Echo/Textures/T_Head_Skin_001_R.uexp" 6105
"G:/Projets Unreal en cours/ICAN_Backrooms/Content/Characters/Echo/Textures/T_Head_Skin_008_R.ubulk" 6106
"G:/Projets Unreal en cours/ICAN_Backrooms/Content/Characters/Echo/Textures/T_Head_Skin_008_R.uasset" 6107
"G:/Projets Unreal en cours/ICAN_Backrooms/Content/Characters/Echo/Textures/T_Head_Skin_008_R.uexp" 6108
"G:/Projets Unreal en cours/ICAN_Backrooms/Content/Characters/Echo/Textures/Head/T_echo_Head_micro_N.ubulk" 6109
"G:/Projets Unreal en cours/ICAN_Backrooms/Content/Characters/Echo/Textures/Head/T_echo_Head_micro_N.uasset" 6110
"G:/Projets Unreal en cours/ICAN_Backrooms/Content/Characters/Echo/Textures/Head/T_echo_Head_micro_N.uexp" 6111
"G:/Projets Unreal en cours/ICAN_Backrooms/Content/Characters/Echo/Textures/Head/T_Head_highpass_S.ubulk" 6112
"G:/Projets Unreal en cours/ICAN_Backrooms/Content/Characters/Echo/Textures/Head/T_Head_highpass_S.uasset" 6113
"G:/Projets Unreal en cours/ICAN_Backrooms/Content/Characters/Echo/Textures/Head/T_Head_highpass_S.uexp" 6114
"G:/Projets Unreal en cours/ICAN_Backrooms/Content/Characters/Echo/Textures/Head/T_Echo_Head_M.ubulk" 6115
"G:/Projets Unreal en cours/ICAN_Backrooms/Content/Characters/Echo/Textures/Head/T_Echo_Head_M.uasset" 6116
"G:/Projets Unreal en cours/ICAN_Backrooms/Content/Characters/Echo/Textures/Head/T_Echo_Head_M.uexp" 6117
"G:/Projets Unreal en cours/ICAN_Backrooms/Content/Characters/Echo/Materials/M_Head_Echo.uasset" 6118
"G:/Projets Unreal en cours/ICAN_Backrooms/Content/Characters/Echo/Materials/M_Head_Echo.uexp" 6119
"G:/Projets Unreal en cours/ICAN_Backrooms/Content/Characters/Echo/Materials/MI_Head_Echo.uasset" 6120
"G:/Projets Unreal en cours/ICAN_Backrooms/Content/Characters/Echo/Materials/MI_Head_Echo.uexp" 6121
"G:/Projets Unreal en cours/ICAN_Backrooms/Content/Characters/Echo/Textures/Costume/T_echo_Costume4_D.ubulk" 6122
"G:/Projets Unreal en cours/ICAN_Backrooms/Content/Characters/Echo/Textures/Costume/T_echo_Costume4_D.uasset" 6123
"G:/Projets Unreal en cours/ICAN_Backrooms/Content/Characters/Echo/Textures/Costume/T_echo_Costume4_D.uexp" 6124
"G:/Projets Unreal en cours/ICAN_Backrooms/Content/Characters/Echo/Textures/Costume/T_echo_Costume4_ORM.ubulk" 6125
"G:/Projets Unreal en cours/ICAN_Backrooms/Content/Characters/Echo/Textures/Costume/T_echo_Costume4_ORM.uasset" 6126
"G:/Projets Unreal en cours/ICAN_Backrooms/Content/Characters/Echo/Textures/Costume/T_echo_Costume4_ORM.uexp" 6127
"G:/Projets Unreal en cours/ICAN_Backrooms/Content/Characters/Echo/Textures/Costume/T_echo_Costume4_BN.ubulk" 6128
"G:/Projets Unreal en cours/ICAN_Backrooms/Content/Characters/Echo/Textures/Costume/T_echo_Costume4_BN.uasset" 6129
"G:/Projets Unreal en cours/ICAN_Backrooms/Content/Characters/Echo/Textures/Costume/T_echo_Costume4_BN.uexp" 6130
"G:/Projets Unreal en cours/ICAN_Backrooms/Content/Characters/Echo/Textures/Costume/T_echo_Costume4_AO.ubulk" 6131
"G:/Projets Unreal en cours/ICAN_Backrooms/Content/Characters/Echo/Textures/Costume/T_echo_Costume4_AO.uasset" 6132
"G:/Projets Unreal en cours/ICAN_Backrooms/Content/Characters/Echo/Textures/Costume/T_echo_Costume4_AO.uexp" 6133
"G:/Projets Unreal en cours/ICAN_Backrooms/Content/Characters/Echo/Textures/Costume/T_echo_Costume4_N.ubulk" 6134
"G:/Projets Unreal en cours/ICAN_Backrooms/Content/Characters/Echo/Textures/Costume/T_echo_Costume4_N.uasset" 6135
"G:/Projets Unreal en cours/ICAN_Backrooms/Content/Characters/Echo/Textures/Costume/T_echo_Costume4_N.uexp" 6136
"G:/Projets Unreal en cours/ICAN_Backrooms/Content/Characters/Echo/Materials/MI_Echo_LeatherCanteen.uasset" 6137
"G:/Projets Unreal en cours/ICAN_Backrooms/Content/Characters/Echo/Materials/MI_Echo_LeatherCanteen.uexp" 6138
"../../../Engine/Content/MapTemplates/TilingNoise05.ubulk" 6139
"../../../Engine/Content/MapTemplates/TilingNoise05.uasset" 6140
"../../../Engine/Content/MapTemplates/TilingNoise05.uexp" 6141
"G:/Projets Unreal en cours/ICAN_Backrooms/Content/Characters/Echo/Materials/HairMaterials/M_EyeLashes.uasset" 6142
"G:/Projets Unreal en cours/ICAN_Backrooms/Content/Characters/Echo/Materials/HairMaterials/M_EyeLashes.uexp" 6143
"G:/Projets Unreal en cours/ICAN_Backrooms/Content/Characters/Echo/Materials/MI_Lashes.uasset" 6144
"G:/Projets Unreal en cours/ICAN_Backrooms/Content/Characters/Echo/Materials/MI_Lashes.uexp" 6145
"G:/Projets Unreal en cours/ICAN_Backrooms/Content/Characters/Echo/Materials/M_Cloth_Skirt.uasset" 6146
"G:/Projets Unreal en cours/ICAN_Backrooms/Content/Characters/Echo/Materials/M_Cloth_Skirt.uexp" 6147
"G:/Projets Unreal en cours/ICAN_Backrooms/Content/Characters/Echo/Materials/M_Cloth_Scarf.uasset" 6148
"G:/Projets Unreal en cours/ICAN_Backrooms/Content/Characters/Echo/Materials/M_Cloth_Scarf.uexp" 6149
"G:/Projets Unreal en cours/ICAN_Backrooms/Content/Characters/Echo/Materials/M_hide.uasset" 6150
"G:/Projets Unreal en cours/ICAN_Backrooms/Content/Characters/Echo/Materials/M_hide.uexp" 6151
"G:/Projets Unreal en cours/ICAN_Backrooms/Content/Characters/Echo/Materials/SkinMaterials/T_skin_N.ubulk" 6152
"G:/Projets Unreal en cours/ICAN_Backrooms/Content/Characters/Echo/Materials/SkinMaterials/T_skin_N.uasset" 6153
"G:/Projets Unreal en cours/ICAN_Backrooms/Content/Characters/Echo/Materials/SkinMaterials/T_skin_N.uexp" 6154
"G:/Projets Unreal en cours/ICAN_Backrooms/Content/Characters/Echo/Materials/SkinMaterials/T_skin_H.ubulk" 6155
"G:/Projets Unreal en cours/ICAN_Backrooms/Content/Characters/Echo/Materials/SkinMaterials/T_skin_H.uasset" 6156
"G:/Projets Unreal en cours/ICAN_Backrooms/Content/Characters/Echo/Materials/SkinMaterials/T_skin_H.uexp" 6157
"G:/Projets Unreal en cours/ICAN_Backrooms/Content/Characters/Echo/Materials/Function/MPC_Absorbtion.uasset" 6158
"G:/Projets Unreal en cours/ICAN_Backrooms/Content/Characters/Echo/Materials/Function/MPC_Absorbtion.uexp" 6159
"G:/Projets Unreal en cours/ICAN_Backrooms/Content/Characters/Echo/Materials/Function/MF_Absorbing.uasset" 6160
"G:/Projets Unreal en cours/ICAN_Backrooms/Content/Characters/Echo/Materials/Function/MF_Absorbing.uexp" 6161
"G:/Projets Unreal en cours/ICAN_Backrooms/Content/Characters/Echo/Materials/M_Lacrimal.uasset" 6162
"G:/Projets Unreal en cours/ICAN_Backrooms/Content/Characters/Echo/Materials/M_Lacrimal.uexp" 6163
"G:/Projets Unreal en cours/ICAN_Backrooms/Content/Characters/Echo/Textures/Costume/T_echo_Costume1_N.ubulk" 6164
"G:/Projets Unreal en cours/ICAN_Backrooms/Content/Characters/Echo/Textures/Costume/T_echo_Costume1_N.uasset" 6165
"G:/Projets Unreal en cours/ICAN_Backrooms/Content/Characters/Echo/Textures/Costume/T_echo_Costume1_N.uexp" 6166
"G:/Projets Unreal en cours/ICAN_Backrooms/Content/Characters/Echo/Textures/Costume/T_echo_Costume1_ORM.ubulk" 6167
"G:/Projets Unreal en cours/ICAN_Backrooms/Content/Characters/Echo/Textures/Costume/T_echo_Costume1_ORM.uasset" 6168
"G:/Projets Unreal en cours/ICAN_Backrooms/Content/Characters/Echo/Textures/Costume/T_echo_Costume1_ORM.uexp" 6169
"G:/Projets Unreal en cours/ICAN_Backrooms/Content/Characters/Echo/Textures/Costume/T_echo_Costume1_D.ubulk" 6170
"G:/Projets Unreal en cours/ICAN_Backrooms/Content/Characters/Echo/Textures/Costume/T_echo_Costume1_D.uasset" 6171
"G:/Projets Unreal en cours/ICAN_Backrooms/Content/Characters/Echo/Textures/Costume/T_echo_Costume1_D.uexp" 6172
"G:/Projets Unreal en cours/ICAN_Backrooms/Content/Characters/Echo/Materials/M_Echo_Skin.uasset" 6173
"G:/Projets Unreal en cours/ICAN_Backrooms/Content/Characters/Echo/Materials/M_Echo_Skin.uexp" 6174
"G:/Projets Unreal en cours/ICAN_Backrooms/Content/Characters/Echo/Materials/MI_Echo_Skin.uasset" 6175
"G:/Projets Unreal en cours/ICAN_Backrooms/Content/Characters/Echo/Materials/MI_Echo_Skin.uexp" 6176
"G:/Projets Unreal en cours/ICAN_Backrooms/Content/Characters/Echo/Rigs/Physics/PA_Echo_Cloth_Scarf.uasset" 6177
"G:/Projets Unreal en cours/ICAN_Backrooms/Content/Characters/Echo/Rigs/Physics/PA_Echo_Cloth_Scarf.uexp" 6178
"G:/Projets Unreal en cours/ICAN_Backrooms/Content/Characters/Echo/Textures/Costume/T_echo_Costume1_BN.ubulk" 6179
"G:/Projets Unreal en cours/ICAN_Backrooms/Content/Characters/Echo/Textures/Costume/T_echo_Costume1_BN.uasset" 6180
"G:/Projets Unreal en cours/ICAN_Backrooms/Content/Characters/Echo/Textures/Costume/T_echo_Costume1_BN.uexp" 6181
"G:/Projets Unreal en cours/ICAN_Backrooms/Content/Characters/Echo/Materials/SkinMaterials/SP_Scarf.uasset" 6182
"G:/Projets Unreal en cours/ICAN_Backrooms/Content/Characters/Echo/Materials/SkinMaterials/SP_Scarf.uexp" 6183
"G:/Projets Unreal en cours/ICAN_Backrooms/Content/Characters/Echo/Textures/Costume/T_echo_Costume1_AO.ubulk" 6184
"G:/Projets Unreal en cours/ICAN_Backrooms/Content/Characters/Echo/Textures/Costume/T_echo_Costume1_AO.uasset" 6185
"G:/Projets Unreal en cours/ICAN_Backrooms/Content/Characters/Echo/Textures/Costume/T_echo_Costume1_AO.uexp" 6186
"G:/Projets Unreal en cours/ICAN_Backrooms/Content/Characters/Echo/Materials/M_Echo_ClothScarf.uasset" 6187
"G:/Projets Unreal en cours/ICAN_Backrooms/Content/Characters/Echo/Materials/M_Echo_ClothScarf.uexp" 6188
"G:/Projets Unreal en cours/ICAN_Backrooms/Content/Characters/Echo/Materials/MI_Echo_Scarf.uasset" 6189
"G:/Projets Unreal en cours/ICAN_Backrooms/Content/Characters/Echo/Materials/MI_Echo_Scarf.uexp" 6190
"G:/Projets Unreal en cours/ICAN_Backrooms/Content/Characters/Echo/Textures/Costume/T_echo_Costume2_D.ubulk" 6191
"G:/Projets Unreal en cours/ICAN_Backrooms/Content/Characters/Echo/Textures/Costume/T_echo_Costume2_D.uasset" 6192
"G:/Projets Unreal en cours/ICAN_Backrooms/Content/Characters/Echo/Textures/Costume/T_echo_Costume2_D.uexp" 6193
"G:/Projets Unreal en cours/ICAN_Backrooms/Content/Characters/Echo/Textures/Costume/T_echo_Costume2_N.ubulk" 6194
"G:/Projets Unreal en cours/ICAN_Backrooms/Content/Characters/Echo/Textures/Costume/T_echo_Costume2_N.uasset" 6195
"G:/Projets Unreal en cours/ICAN_Backrooms/Content/Characters/Echo/Textures/Costume/T_echo_Costume2_N.uexp" 6196
"G:/Projets Unreal en cours/ICAN_Backrooms/Content/Characters/Echo/Textures/Costume/T_echo_Costume2_ORM.ubulk" 6197
"G:/Projets Unreal en cours/ICAN_Backrooms/Content/Characters/Echo/Textures/Costume/T_echo_Costume2_ORM.uasset" 6198
"G:/Projets Unreal en cours/ICAN_Backrooms/Content/Characters/Echo/Textures/Costume/T_echo_Costume2_ORM.uexp" 6199
"G:/Projets Unreal en cours/ICAN_Backrooms/Content/Characters/Echo/Materials/SkinMaterials/SP_Shirt.uasset" 6200
"G:/Projets Unreal en cours/ICAN_Backrooms/Content/Characters/Echo/Materials/SkinMaterials/SP_Shirt.uexp" 6201
"G:/Projets Unreal en cours/ICAN_Backrooms/Content/Characters/Echo/Materials/M_Echo_ClothShirtMaterial.uasset" 6202
"G:/Projets Unreal en cours/ICAN_Backrooms/Content/Characters/Echo/Materials/M_Echo_ClothShirtMaterial.uexp" 6203
"G:/Projets Unreal en cours/ICAN_Backrooms/Content/Characters/Echo/Textures/Costume/T_echo_Costume2_AO.ubulk" 6204
"G:/Projets Unreal en cours/ICAN_Backrooms/Content/Characters/Echo/Textures/Costume/T_echo_Costume2_AO.uasset" 6205
"G:/Projets Unreal en cours/ICAN_Backrooms/Content/Characters/Echo/Textures/Costume/T_echo_Costume2_AO.uexp" 6206
"G:/Projets Unreal en cours/ICAN_Backrooms/Content/Characters/Echo/Materials/MI_Echo_Shirt.uasset" 6207
"G:/Projets Unreal en cours/ICAN_Backrooms/Content/Characters/Echo/Materials/MI_Echo_Shirt.uexp" 6208
"G:/Projets Unreal en cours/ICAN_Backrooms/Content/Characters/Echo/Textures/Costume/T_echo_Costume5_D.ubulk" 6209
"G:/Projets Unreal en cours/ICAN_Backrooms/Content/Characters/Echo/Textures/Costume/T_echo_Costume5_D.uasset" 6210
"G:/Projets Unreal en cours/ICAN_Backrooms/Content/Characters/Echo/Textures/Costume/T_echo_Costume5_D.uexp" 6211
"G:/Projets Unreal en cours/ICAN_Backrooms/Content/Characters/Echo/Textures/Costume/T_echo_Costume5_N.ubulk" 6212
"G:/Projets Unreal en cours/ICAN_Backrooms/Content/Characters/Echo/Textures/Costume/T_echo_Costume5_N.uasset" 6213
"G:/Projets Unreal en cours/ICAN_Backrooms/Content/Characters/Echo/Textures/Costume/T_echo_Costume5_N.uexp" 6214
"G:/Projets Unreal en cours/ICAN_Backrooms/Content/Characters/Echo/Textures/Costume/T_echo_Costume5_BN.ubulk" 6215
"G:/Projets Unreal en cours/ICAN_Backrooms/Content/Characters/Echo/Textures/Costume/T_echo_Costume5_BN.uasset" 6216
"G:/Projets Unreal en cours/ICAN_Backrooms/Content/Characters/Echo/Textures/Costume/T_echo_Costume5_BN.uexp" 6217
"G:/Projets Unreal en cours/ICAN_Backrooms/Content/Characters/Echo/Textures/Costume/T_echo_Costume5_AO.ubulk" 6218
"G:/Projets Unreal en cours/ICAN_Backrooms/Content/Characters/Echo/Textures/Costume/T_echo_Costume5_AO.uasset" 6219
"G:/Projets Unreal en cours/ICAN_Backrooms/Content/Characters/Echo/Textures/Costume/T_echo_Costume5_AO.uexp" 6220
"G:/Projets Unreal en cours/ICAN_Backrooms/Content/Characters/Echo/Textures/Costume/T_echo_Costume5_ORM.ubulk" 6221
"G:/Projets Unreal en cours/ICAN_Backrooms/Content/Characters/Echo/Textures/Costume/T_echo_Costume5_ORM.uasset" 6222
"G:/Projets Unreal en cours/ICAN_Backrooms/Content/Characters/Echo/Textures/Costume/T_echo_Costume5_ORM.uexp" 6223
"G:/Projets Unreal en cours/ICAN_Backrooms/Content/Characters/Echo/Materials/MI_Echo_Cloth_Accessories.uasset" 6224
"G:/Projets Unreal en cours/ICAN_Backrooms/Content/Characters/Echo/Materials/MI_Echo_Cloth_Accessories.uexp" 6225
"G:/Projets Unreal en cours/ICAN_Backrooms/Content/Characters/Echo/Rigs/Physics/PA_Echo.uasset" 6226
"G:/Projets Unreal en cours/ICAN_Backrooms/Content/Characters/Echo/Rigs/Physics/PA_Echo.uexp" 6227
"G:/Projets Unreal en cours/ICAN_Backrooms/Content/Characters/Echo/Materials/EyeMaterials/Textures/T_eye_sclera_right_D.uasset" 6228
"G:/Projets Unreal en cours/ICAN_Backrooms/Content/Characters/Echo/Materials/EyeMaterials/Textures/T_eye_sclera_right_D.uexp" 6229
"G:/Projets Unreal en cours/ICAN_Backrooms/Content/Characters/Echo/Materials/EyeMaterials/M_EyeBlend.uasset" 6230
"G:/Projets Unreal en cours/ICAN_Backrooms/Content/Characters/Echo/Materials/EyeMaterials/M_EyeBlend.uexp" 6231
"G:/Projets Unreal en cours/ICAN_Backrooms/Content/Characters/Echo/Materials/MI_EyeBlend.uasset" 6232
"G:/Projets Unreal en cours/ICAN_Backrooms/Content/Characters/Echo/Materials/MI_EyeBlend.uexp" 6233
"G:/Projets Unreal en cours/ICAN_Backrooms/Content/Characters/Echo/Materials/SkinMaterials/SP_Teeth1.uasset" 6234
"G:/Projets Unreal en cours/ICAN_Backrooms/Content/Characters/Echo/Materials/SkinMaterials/SP_Teeth1.uexp" 6235
"G:/Projets Unreal en cours/ICAN_Backrooms/Content/Characters/Echo/Materials/M_TeethNew.uasset" 6236
"G:/Projets Unreal en cours/ICAN_Backrooms/Content/Characters/Echo/Materials/M_TeethNew.uexp" 6237
"G:/Projets Unreal en cours/ICAN_Backrooms/Content/Characters/Echo/Meshes/SKM_Echo.uasset" 6238
"G:/Projets Unreal en cours/ICAN_Backrooms/Content/Characters/Echo/Meshes/SKM_Echo.uexp" 6239
"G:/Projets Unreal en cours/ICAN_Backrooms/Content/Characters/Echo/Rigs/Physics/PA_Echo_Ponytail.uasset" 6240
"G:/Projets Unreal en cours/ICAN_Backrooms/Content/Characters/Echo/Rigs/Physics/PA_Echo_Ponytail.uexp" 6241
"G:/Projets Unreal en cours/ICAN_Backrooms/Content/Characters/Echo/Rigs/ABP_Echo_Hair.uasset" 6242
"G:/Projets Unreal en cours/ICAN_Backrooms/Content/Characters/Echo/Rigs/ABP_Echo_Hair.uexp" 6243
"G:/Projets Unreal en cours/ICAN_Backrooms/Content/Characters/Echo/Meshes/SKM_Echo_Hair.uasset" 6244
"G:/Projets Unreal en cours/ICAN_Backrooms/Content/Characters/Echo/Meshes/SKM_Echo_Hair.uexp" 6245
"G:/Projets Unreal en cours/ICAN_Backrooms/Content/Blueprints/RetargetedCharacters/CBP_SandboxCharacter_Echo.uasset" 6246
"G:/Projets Unreal en cours/ICAN_Backrooms/Content/Blueprints/RetargetedCharacters/CBP_SandboxCharacter_Echo.uexp" 6247
"G:/Projets Unreal en cours/ICAN_Backrooms/Content/Blueprints/PC_Sandbox.uasset" 6248
"G:/Projets Unreal en cours/ICAN_Backrooms/Content/Blueprints/PC_Sandbox.uexp" 6249
"G:/Projets Unreal en cours/ICAN_Backrooms/Content/Blueprints/GM_Sandbox.uasset" 6250
"G:/Projets Unreal en cours/ICAN_Backrooms/Content/Blueprints/GM_Sandbox.uexp" 6251
"G:/Projets Unreal en cours/ICAN_Backrooms/Content/Blueprints/Puzzle/Puzzle/Paint/BP_PICTURE_FRAME_PUZZLE_Child1.uasset" 6252
"G:/Projets Unreal en cours/ICAN_Backrooms/Content/Blueprints/Puzzle/Puzzle/Paint/BP_PICTURE_FRAME_PUZZLE_Child1.uexp" 6253
"G:/Projets Unreal en cours/ICAN_Backrooms/Content/SOUND/MUSIC/Dark_is_the_Night_-_Soviet_WW2_Song__128kbit_AAC_.ubulk" 6254
"G:/Projets Unreal en cours/ICAN_Backrooms/Content/SOUND/MUSIC/Dark_is_the_Night_-_Soviet_WW2_Song__128kbit_AAC_.uasset" 6255
"G:/Projets Unreal en cours/ICAN_Backrooms/Content/SOUND/MUSIC/Dark_is_the_Night_-_Soviet_WW2_Song__128kbit_AAC_.uexp" 6256
"G:/Projets Unreal en cours/ICAN_Backrooms/Content/Levels/GUILLAUME_TEST.uexp" 6257
"G:/Projets Unreal en cours/ICAN_Backrooms/Content/Levels/GUILLAUME_TEST.umap" 6258
"G:/Projets Unreal en cours/ICAN_Backrooms/Content/Levels/DefaultLevel.uexp" 6259
"G:/Projets Unreal en cours/ICAN_Backrooms/Content/Levels/DefaultLevel.ubulk" 6260
"G:/Projets Unreal en cours/ICAN_Backrooms/Content/Levels/DefaultLevel.umap" 6261
"G:/Projets Unreal en cours/ICAN_Backrooms/Content/Levels/Dev/EnemyAndEventsLevel.uexp" 6262
"G:/Projets Unreal en cours/ICAN_Backrooms/Content/Levels/Dev/EnemyAndEventsLevel.umap" 6263
"../../../Engine/Content/Maps/Entry_BuiltData.uasset" 6264
"../../../Engine/Content/Maps/Entry_BuiltData.uexp" 6265
"../../../Engine/Content/Maps/Entry.uexp" 6266
"../../../Engine/Content/Maps/Entry.umap" 6267
